UBIGEO,total_ccpp,ccpp_sin_cobertura,pct_sin_cobertura,ccpp_rurales_sin_cobertura,pct_rurales_sin_cobertura,ccpp_con_cobertura_parcial,operador_dominante
010101,35,0,0.0,0,0.0,6,ENTEL
010102,9,0,0.0,0,0.0,9,MOVISTAR
010103,28,9,32.14,9,33.33,19,MOVISTAR
010104,16,4,25.0,4,26.67,12,MOVISTAR
010105,43,9,20.93,9,21.95,34,MOVISTAR
010106,40,3,7.5,3,7.69,37,MOVISTAR
010107,12,0,0.0,0,0.0,12,MOVISTAR
010108,5,0,0.0,0,0.0,2,ENTEL
010109,174,0,0.0,0,0.0,62,MOVISTAR
010110,72,31,43.06,31,44.93,31,MOVISTAR
010111,33,0,0.0,0,0.0,22,ENTEL
010112,42,1,2.38,1,2.44,24,MOVISTAR
010113,79,0,0.0,0,0.0,59,MOVISTAR
010114,31,1,3.23,1,3.33,23,ENTEL
010115,20,2,10.0,2,10.53,18,ENTEL
010116,12,0,0.0,0,0.0,12,MOVISTAR
010117,39,1,2.56,1,2.63,38,MOVISTAR
010118,20,0,0.0,0,0.0,15,CLARO
010119,97,5,5.15,5,5.21,84,MOVISTAR
010120,13,5,38.46,5,41.67,8,ENTEL
010121,15,1,6.67,1,7.14,7,MOVISTAR
010201,28,1,3.57,1,3.85,5,MOVISTAR
010202,91,14,15.38,14,15.91,68,MOVISTAR
010203,40,1,2.5,1,2.63,6,ENTEL
010204,11,0,0.0,0,0.0,0,BITEL
010205,164,61,37.2,61,37.89,97,MOVISTAR
010206,35,0,0.0,0,0.0,11,ENTEL
010301,31,3,9.68,3,10.0,19,CLARO
010302,37,7,18.92,7,19.44,10,MOVISTAR
010303,9,1,11.11,1,12.5,5,CLARO
010304,30,0,0.0,0,0.0,15,MOVISTAR
010305,26,0,0.0,0,0.0,15,BITEL
010306,48,1,2.08,1,2.13,14,BITEL
010307,47,0,0.0,0,0.0,14,ENTEL
010308,14,0,0.0,0,0.0,7,ENTEL
010309,22,4,18.18,4,19.05,8,ENTEL
010310,16,5,31.25,5,33.33,8,ENTEL
010311,20,3,15.0,3,15.79,10,MOVISTAR
010312,55,10,18.18,10,19.23,25,MOVISTAR
010401,139,48,34.53,48,35.04,91,MOVISTAR
010402,82,65,79.27,65,80.25,17,MOVISTAR
010403,74,50,67.57,50,69.44,24,MOVISTAR
010501,32,0,0.0,0,0.0,12,BITEL
010502,41,1,2.44,1,2.56,9,MOVISTAR
010503,91,42,46.15,42,46.67,49,MOVISTAR
010504,20,1,5.0,1,5.26,18,MOVISTAR
010505,21,10,47.62,10,50.0,10,MOVISTAR
010506,20,0,0.0,0,0.0,8,MOVISTAR
010507,22,0,0.0,0,0.0,22,MOVISTAR
010508,11,0,0.0,0,0.0,2,MOVISTAR
010509,16,0,0.0,0,0.0,3,MOVISTAR
010510,5,0,0.0,0,0.0,4,BITEL
010511,19,1,5.26,1,5.56,18,CLARO
010512,57,0,0.0,0,0.0,12,ENTEL
010513,32,1,3.12,1,3.23,25,MOVISTAR
010514,91,11,12.09,11,12.22,79,MOVISTAR
010515,20,0,0.0,0,0.0,14,MOVISTAR
010516,4,0,0.0,0,0.0,2,CLARO
010517,29,3,10.34,3,10.71,21,MOVISTAR
010518,31,2,6.45,2,6.67,22,ENTEL
010519,49,0,0.0,0,0.0,29,MOVISTAR
010520,12,0,0.0,0,0.0,10,MOVISTAR
010521,103,12,11.65,12,11.76,52,MOVISTAR
010522,28,0,0.0,0,0.0,19,MOVISTAR
010523,8,0,0.0,0,0.0,0,BITEL
010601,32,1,3.12,1,3.23,10,ENTEL
010602,44,16,36.36,16,37.21,19,MOVISTAR
010603,12,2,16.67,2,20.0,10,MOVISTAR
010604,41,0,0.0,0,0.0,10,BITEL
010605,50,28,56.0,28,57.14,16,MOVISTAR
010606,30,1,3.33,1,3.45,10,BITEL
010607,13,0,0.0,0,0.0,5,ENTEL
010608,19,0,0.0,0,0.0,15,MOVISTAR
010609,79,18,22.78,18,23.08,39,MOVISTAR
010610,15,0,0.0,0,0.0,14,BITEL
010611,6,0,0.0,0,0.0,6,ENTEL
010612,26,17,65.38,17,68.0,9,MOVISTAR
010701,122,1,0.82,1,0.87,71,MOVISTAR
010702,141,4,2.84,4,3.03,31,MOVISTAR
010703,74,2,2.7,2,2.9,65,MOVISTAR
010704,26,0,0.0,0,0.0,15,MOVISTAR
010705,57,0,0.0,0,0.0,34,MOVISTAR
010706,78,1,1.28,1,1.33,46,MOVISTAR
010707,45,0,0.0,0,0.0,45,MOVISTAR
020101,168,14,8.33,14,8.59,74,MOVISTAR
020102,93,12,12.9,12,13.04,81,MOVISTAR
020103,19,0,0.0,0,0.0,16,CLARO
020104,128,73,57.03,73,57.48,55,MOVISTAR
020105,144,0,0.0,0,0.0,25,MOVISTAR
020106,36,0,0.0,0,0.0,8,BITEL
020107,87,0,0.0,0,0.0,61,ENTEL
020108,32,2,6.25,2,6.67,15,CLARO
020109,126,7,5.56,7,5.6,111,MOVISTAR
020110,46,0,0.0,0,0.0,40,MOVISTAR
020111,79,2,2.53,2,2.6,53,CLARO
020112,41,0,0.0,0,0.0,0,BITEL
020201,60,5,8.33,5,8.62,16,ENTEL
020202,117,45,38.46,45,38.79,67,CLARO
020203,15,0,0.0,0,0.0,8,MOVISTAR
020204,76,4,5.26,4,5.33,30,MOVISTAR
020205,46,2,4.35,2,4.44,18,MOVISTAR
020301,56,0,0.0,0,0.0,23,CLARO
020302,37,0,0.0,0,0.0,27,CLARO
020303,45,0,0.0,0,0.0,45,ENTEL
020304,43,0,0.0,0,0.0,15,CLARO
020305,66,0,0.0,0,0.0,66,MOVISTAR
020306,25,1,4.0,1,4.17,24,CLARO
020401,58,9,15.52,9,15.79,24,ENTEL
020402,70,1,1.43,1,1.45,22,CLARO
020501,64,0,0.0,0,0.0,33,CLARO
020502,10,0,0.0,0,0.0,10,ENTEL
020503,26,0,0.0,0,0.0,23,MOVISTAR
020504,121,33,27.27,33,27.73,82,CLARO
020505,67,4,5.97,4,6.06,45,MOVISTAR
020506,8,0,0.0,0,0.0,8,ENTEL
020507,38,1,2.63,1,2.7,26,MOVISTAR
020508,180,143,79.44,143,80.34,27,ENTEL
020509,107,65,60.75,63,61.76,31,CLARO
020510,89,6,6.74,6,6.82,83,MOVISTAR
020511,13,1,7.69,1,8.33,12,ENTEL
020512,15,1,6.67,1,7.14,14,ENTEL
020513,40,17,42.5,17,44.74,23,MOVISTAR
020514,7,0,0.0,0,0.0,7,MOVISTAR
020515,28,4,14.29,4,15.38,24,MOVISTAR
020601,80,2,2.5,2,2.67,36,MOVISTAR
020602,17,0,0.0,0,0.0,1,BITEL
020603,16,0,0.0,0,0.0,6,BITEL
020604,46,0,0.0,0,0.0,17,ENTEL
020605,27,2,7.41,2,7.69,8,MOVISTAR
020606,49,0,0.0,0,0.0,0,BITEL
020607,14,0,0.0,0,0.0,3,CLARO
020608,16,0,0.0,0,0.0,1,BITEL
020609,18,0,0.0,0,0.0,1,BITEL
020610,15,0,0.0,0,0.0,0,BITEL
020611,44,0,0.0,0,0.0,7,ENTEL
020701,138,8,5.8,8,6.02,58,ENTEL
020702,42,6,14.29,6,15.0,36,MOVISTAR
020703,70,1,1.43,1,1.47,59,CLARO
020801,60,2,3.33,2,3.57,40,CLARO
020802,37,0,0.0,0,0.0,20,CLARO
020803,17,0,0.0,0,0.0,6,CLARO
020804,77,1,1.3,1,1.33,19,MOVISTAR
020901,29,5,17.24,5,17.86,10,ENTEL
020902,6,0,0.0,0,0.0,6,MOVISTAR
020903,7,1,14.29,1,20.0,6,CLARO
020904,24,5,20.83,5,23.81,19,MOVISTAR
020905,10,0,0.0,0,0.0,6,MOVISTAR
020906,6,0,0.0,0,0.0,3,CLARO
020907,8,0,0.0,0,0.0,0,BITEL
021001,47,2,4.26,2,4.55,16,BITEL
021002,21,0,0.0,0,0.0,21,CLARO
021003,73,2,2.74,2,2.78,40,CLARO
021004,73,4,5.48,4,5.56,47,MOVISTAR
021005,43,7,16.28,7,16.67,36,BITEL
021006,33,1,3.03,1,3.23,26,ENTEL
021007,63,1,1.59,1,1.67,60,MOVISTAR
021008,26,0,0.0,0,0.0,23,MOVISTAR
021009,46,1,2.17,1,2.27,18,MOVISTAR
021010,36,9,25.0,9,26.47,18,ENTEL
021011,55,0,0.0,0,0.0,52,MOVISTAR
021012,14,0,0.0,0,0.0,8,ENTEL
021013,16,3,18.75,3,20.0,5,MOVISTAR
021014,139,3,2.16,3,2.21,107,MOVISTAR
021015,34,1,2.94,1,3.12,33,MOVISTAR
021016,24,0,0.0,0,0.0,8,CLARO
021101,49,1,2.04,1,2.17,26,BITEL
021102,49,5,10.2,5,10.42,44,MOVISTAR
021103,19,10,52.63,10,58.82,4,BITEL
021104,30,0,0.0,0,0.0,30,MOVISTAR
021105,41,14,34.15,14,35.0,27,MOVISTAR
021201,60,0,0.0,0,0.0,14,MOVISTAR
021202,23,1,4.35,1,4.55,20,CLARO
021203,51,4,7.84,4,8.0,19,MOVISTAR
021204,17,0,0.0,0,0.0,10,MOVISTAR
021205,41,0,0.0,0,0.0,23,MOVISTAR
021206,93,10,10.75,10,10.87,61,BITEL
021207,57,5,8.77,5,9.09,30,CLARO
021208,65,3,4.62,3,4.76,15,MOVISTAR
021209,17,6,35.29,6,37.5,1,CLARO
021210,43,11,25.58,11,26.19,26,MOVISTAR
021301,54,0,0.0,0,0.0,2,BITEL
021302,53,0,0.0,0,0.0,4,CLARO
021303,8,0,0.0,0,0.0,8,CLARO
021304,39,2,5.13,2,5.26,37,MOVISTAR
021305,22,0,0.0,0,0.0,14,CLARO
021306,75,0,0.0,0,0.0,69,ENTEL
021307,49,3,6.12,3,6.25,23,ENTEL
021308,35,0,0.0,0,0.0,5,ENTEL
021401,57,21,36.84,21,37.5,25,CLARO
021402,27,6,22.22,6,23.08,21,MOVISTAR
021403,9,3,33.33,3,37.5,6,MOVISTAR
021404,21,1,4.76,1,5.26,20,MOVISTAR
021405,32,7,21.88,6,20.69,25,MOVISTAR
021406,108,18,16.67,18,16.98,90,MOVISTAR
021407,18,1,5.56,1,5.88,17,MOVISTAR
021408,19,0,0.0,0,0.0,19,MOVISTAR
021409,52,16,30.77,16,31.37,36,MOVISTAR
021410,34,0,0.0,0,0.0,34,MOVISTAR
021501,99,7,7.07,7,7.14,14,MOVISTAR
021502,27,0,0.0,0,0.0,17,MOVISTAR
021503,116,40,34.48,40,35.4,56,MOVISTAR
021504,20,0,0.0,0,0.0,10,CLARO
021505,57,2,3.51,2,3.57,55,MOVISTAR
021506,30,0,0.0,0,0.0,24,MOVISTAR
021507,12,0,0.0,0,0.0,12,BITEL
021508,88,0,0.0,0,0.0,22,ENTEL
021509,69,24,34.78,24,36.92,35,MOVISTAR
021510,27,4,14.81,4,15.38,23,MOVISTAR
021511,65,1,1.54,1,1.56,22,MOVISTAR
021601,191,48,25.13,48,25.26,101,ENTEL
021602,37,1,2.7,1,2.78,20,ENTEL
021603,97,10,10.31,10,10.53,87,MOVISTAR
021604,44,1,2.27,1,2.33,41,MOVISTAR
021701,79,1,1.27,1,1.33,20,CLARO
021702,162,68,41.98,68,42.24,83,ENTEL
021703,55,31,56.36,31,57.41,24,ENTEL
021704,79,18,22.78,18,23.08,61,ENTEL
021705,10,0,0.0,0,0.0,9,MOVISTAR
021706,47,5,10.64,5,11.11,36,ENTEL
021707,35,7,20.0,7,21.88,18,MOVISTAR
021708,31,6,19.35,6,20.0,25,MOVISTAR
021709,34,2,5.88,2,6.06,32,MOVISTAR
021710,45,9,20.0,9,20.45,14,ENTEL
021801,80,8,10.0,8,11.94,24,ENTEL
021802,133,35,26.32,35,26.72,74,ENTEL
021803,1,0,0.0,0,,0,BITEL
021804,115,28,24.35,28,24.56,87,MOVISTAR
021805,74,7,9.46,7,9.72,35,ENTEL
021806,42,1,2.38,1,2.78,10,BITEL
021807,11,0,0.0,0,0.0,9,BITEL
021808,23,0,0.0,0,0.0,0,BITEL
021809,25,1,4.0,1,4.17,12,BITEL
021901,27,0,0.0,0,0.0,14,MOVISTAR
021902,17,0,0.0,0,0.0,16,ENTEL
021903,7,0,0.0,0,0.0,7,CLARO
021904,50,0,0.0,0,0.0,32,BITEL
021905,11,3,27.27,3,30.0,8,MOVISTAR
021906,38,3,7.89,3,8.33,34,MOVISTAR
021907,25,0,0.0,0,0.0,25,MOVISTAR
021908,50,29,58.0,29,59.18,16,MOVISTAR
021909,102,17,16.67,17,17.0,85,BITEL
021910,27,1,3.7,1,4.0,18,MOVISTAR
022001,98,0,0.0,0,0.0,33,BITEL
022002,30,6,20.0,6,20.69,11,MOVISTAR
022003,58,0,0.0,0,0.0,25,BITEL
022004,37,0,0.0,0,0.0,9,MOVISTAR
022005,86,17,19.77,17,20.24,58,BITEL
022006,22,0,0.0,0,0.0,2,BITEL
022007,27,13,48.15,13,50.0,2,BITEL
022008,53,1,1.89,1,1.92,51,ENTEL
030101,54,4,7.41,4,7.55,21,ENTEL
030102,10,4,40.0,4,50.0,6,MOVISTAR
030103,90,26,28.89,26,29.55,64,MOVISTAR
030104,157,18,11.46,18,11.61,55,MOVISTAR
030105,87,34,39.08,34,39.53,40,MOVISTAR
030106,76,17,22.37,17,23.29,59,MOVISTAR
030107,102,4,3.92,4,4.0,79,MOVISTAR
030108,60,13,21.67,13,22.03,12,ENTEL
030109,36,0,0.0,0,0.0,19,ENTEL
030201,45,0,0.0,0,0.0,1,BITEL
030202,36,0,0.0,0,0.0,14,CLARO
030203,24,6,25.0,6,27.27,15,MOVISTAR
030204,45,0,0.0,0,0.0,7,BITEL
030205,64,2,3.12,2,3.17,10,ENTEL
030206,24,0,0.0,0,0.0,24,MOVISTAR
030207,53,0,0.0,0,0.0,15,MOVISTAR
030208,48,2,4.17,2,4.26,23,MOVISTAR
030209,53,0,0.0,0,0.0,6,CLARO
030210,119,80,67.23,80,67.8,39,MOVISTAR
030211,25,12,48.0,12,50.0,13,ENTEL
030212,53,1,1.89,1,2.08,34,MOVISTAR
030213,38,7,18.42,7,19.44,2,MOVISTAR
030214,27,0,0.0,0,0.0,27,MOVISTAR
030215,51,0,0.0,0,0.0,11,MOVISTAR
030216,71,0,0.0,0,0.0,17,MOVISTAR
030217,51,2,3.92,2,4.0,49,MOVISTAR
030218,37,0,0.0,0,0.0,6,MOVISTAR
030219,9,0,0.0,0,0.0,3,CLARO
030220,9,0,0.0,0,0.0,1,CLARO
030301,134,74,55.22,74,55.64,52,MOVISTAR
030302,14,3,21.43,3,23.08,11,ENTEL
030303,64,38,59.38,38,61.29,23,ENTEL
030304,202,94,46.53,94,47.47,96,MOVISTAR
030305,102,93,91.18,93,92.08,6,MOVISTAR
030306,33,24,72.73,24,77.42,8,BITEL
030307,73,37,50.68,37,52.11,21,MOVISTAR
030401,62,14,22.58,14,22.95,20,ENTEL
030402,21,4,19.05,4,20.0,13,ENTEL
030403,26,20,76.92,20,83.33,3,MOVISTAR
030404,92,2,2.17,2,2.25,84,MOVISTAR
030405,35,2,5.71,2,5.88,29,MOVISTAR
030406,152,50,32.89,49,32.67,99,MOVISTAR
030407,41,1,2.44,1,2.5,37,MOVISTAR
030408,82,7,8.54,7,8.64,63,MOVISTAR
030409,65,4,6.15,4,6.35,59,ENTEL
030410,27,0,0.0,0,0.0,26,ENTEL
030411,41,0,0.0,0,0.0,17,MOVISTAR
030412,33,18,54.55,18,56.25,12,MOVISTAR
030413,22,0,0.0,0,0.0,19,CLARO
030414,58,9,15.52,9,15.79,40,MOVISTAR
030415,71,0,0.0,0,0.0,59,MOVISTAR
030416,22,0,0.0,0,0.0,8,MOVISTAR
030417,63,20,31.75,20,32.26,23,ENTEL
030501,138,14,10.14,14,10.29,89,MOVISTAR
030502,76,7,9.21,7,9.33,36,MOVISTAR
030503,83,0,0.0,0,0.0,62,MOVISTAR
030504,154,20,12.99,20,13.33,92,MOVISTAR
030505,59,0,0.0,0,0.0,44,MOVISTAR
030506,106,9,8.49,9,8.65,74,BITEL
030601,37,0,0.0,0,0.0,19,BITEL
030602,37,0,0.0,0,0.0,13,ENTEL
030603,33,0,0.0,0,0.0,29,ENTEL
030604,82,0,0.0,0,0.0,48,MOVISTAR
030605,44,0,0.0,0,0.0,6,MOVISTAR
030606,42,0,0.0,0,0.0,10,MOVISTAR
030607,33,0,0.0,0,0.0,18,MOVISTAR
030608,22,0,0.0,0,0.0,7,MOVISTAR
030609,20,0,0.0,0,0.0,0,BITEL
030610,10,0,0.0,0,0.0,10,MOVISTAR
030611,37,2,5.41,2,5.56,29,MOVISTAR
030612,16,1,6.25,1,6.67,13,MOVISTAR
030701,120,55,45.83,55,46.22,28,ENTEL
030702,33,0,0.0,0,0.0,33,MOVISTAR
030703,57,1,1.75,1,1.79,52,MOVISTAR
030704,16,0,0.0,0,0.0,15,MOVISTAR
030705,17,1,5.88,1,6.25,10,MOVISTAR
030706,18,0,0.0,0,0.0,15,CLARO
030707,19,4,21.05,4,23.53,13,MOVISTAR
030708,44,4,9.09,4,9.3,40,MOVISTAR
030709,19,0,0.0,0,0.0,10,MOVISTAR
030710,10,0,0.0,0,0.0,2,CLARO
030711,23,0,0.0,0,0.0,13,ENTEL
030712,18,0,0.0,0,0.0,12,CLARO
030713,25,16,64.0,16,66.67,9,MOVISTAR
030714,29,0,0.0,0,0.0,28,MOVISTAR
040101,1,0,0.0,0,,0,BITEL
040102,1,0,0.0,0,,0,BITEL
040103,6,2,33.33,2,40.0,2,BITEL
040104,7,0,0.0,0,0.0,0,BITEL
040105,9,0,0.0,0,0.0,3,ENTEL
040106,38,0,0.0,0,0.0,4,ENTEL
040107,2,0,0.0,0,0.0,0,BITEL
040108,61,0,0.0,0,0.0,15,ENTEL
040109,1,0,0.0,0,,0,BITEL
040110,1,0,0.0,0,,0,BITEL
040111,12,0,0.0,0,0.0,0,BITEL
040112,1,0,0.0,0,,0,BITEL
040113,13,0,0.0,0,0.0,12,CLARO
040114,47,1,2.13,1,2.27,37,ENTEL
040115,13,0,0.0,0,0.0,0,BITEL
040116,16,0,0.0,0,0.0,0,BITEL
040117,3,0,0.0,0,,0,BITEL
040118,28,0,0.0,0,0.0,4,BITEL
040119,184,119,64.67,119,65.38,65,MOVISTAR
040120,40,19,47.5,19,48.72,10,CLARO
040121,17,0,0.0,0,0.0,1,BITEL
040122,17,0,0.0,0,0.0,0,BITEL
040123,12,0,0.0,0,0.0,0,BITEL
040124,41,1,2.44,1,2.78,15,ENTEL
040125,64,0,0.0,0,0.0,38,ENTEL
040126,2,0,0.0,0,0.0,1,MOVISTAR
040127,22,0,0.0,0,0.0,5,CLARO
040128,68,24,35.29,24,38.1,37,MOVISTAR
040129,1,0,0.0,0,,0,BITEL
040201,3,0,0.0,0,0.0,0,BITEL
040202,9,0,0.0,0,0.0,0,BITEL
040203,27,6,22.22,6,25.0,18,MOVISTAR
040204,20,3,15.0,3,17.65,7,MOVISTAR
040205,24,14,58.33,14,66.67,4,ENTEL
040206,30,9,30.0,9,37.5,14,CLARO
040207,38,13,34.21,13,35.14,24,ENTEL
040208,24,0,0.0,0,0.0,2,BITEL
040301,22,1,4.55,1,4.76,17,CLARO
040302,37,7,18.92,7,20.0,25,BITEL
040303,25,10,40.0,10,43.48,9,ENTEL
040304,26,7,26.92,7,28.0,17,BITEL
040305,48,4,8.33,4,8.51,36,BITEL
040306,16,1,6.25,1,6.67,15,MOVISTAR
040307,6,0,0.0,0,0.0,3,ENTEL
040308,56,9,16.07,9,17.31,39,MOVISTAR
040309,27,17,62.96,17,65.38,9,MOVISTAR
040310,31,11,35.48,11,36.67,17,ENTEL
040311,12,4,33.33,4,36.36,5,BITEL
040312,35,22,62.86,22,66.67,13,MOVISTAR
040313,12,0,0.0,0,0.0,6,ENTEL
040401,45,2,4.44,2,5.56,15,BITEL
040402,21,14,66.67,14,70.0,7,MOVISTAR
040403,9,0,0.0,0,0.0,9,ENTEL
040404,123,103,83.74,103,84.43,20,MOVISTAR
040405,25,5,20.0,5,20.83,10,BITEL
040406,116,67,57.76,67,58.77,49,ENTEL
040407,27,2,7.41,2,7.69,3,CLARO
040408,48,6,12.5,6,12.77,42,CLARO
040409,87,24,27.59,24,27.91,55,CLARO
040410,96,11,11.46,11,11.58,40,CLARO
040411,30,0,0.0,0,0.0,30,MOVISTAR
040412,15,7,46.67,7,50.0,8,MOVISTAR
040413,48,1,2.08,1,2.5,25,BITEL
040414,41,9,21.95,9,22.5,32,CLARO
040501,81,17,20.99,17,21.25,64,CLARO
040502,54,32,59.26,32,60.38,10,CLARO
040503,41,17,41.46,17,43.59,18,CLARO
040504,662,496,74.92,496,75.04,153,MOVISTAR
040505,332,160,48.19,160,48.48,172,MOVISTAR
040506,26,6,23.08,6,24.0,19,CLARO
040507,65,23,35.38,23,35.94,42,MOVISTAR
040508,62,20,32.26,20,32.79,26,ENTEL
040509,46,23,50.0,23,51.11,13,ENTEL
040510,71,57,80.28,57,81.43,14,MOVISTAR
040511,116,58,50.0,58,50.88,57,ENTEL
040512,23,6,26.09,6,27.27,3,CLARO
040513,29,18,62.07,18,64.29,9,CLARO
040514,312,112,35.9,112,36.01,178,MOVISTAR
040515,108,51,47.22,51,47.66,51,MOVISTAR
040516,72,39,54.17,39,54.93,31,ENTEL
040517,533,403,75.61,403,75.89,130,MOVISTAR
040518,95,75,78.95,75,79.79,20,MOVISTAR
040519,298,190,63.76,190,64.19,103,CLARO
040520,45,0,0.0,0,0.0,3,BITEL
040601,44,11,25.0,11,25.58,12,CLARO
040602,35,15,42.86,15,44.12,20,CLARO
040603,123,55,44.72,55,45.08,41,MOVISTAR
040604,24,12,50.0,12,52.17,12,CLARO
040605,15,0,0.0,0,0.0,9,BITEL
040606,36,2,5.56,2,5.88,34,MOVISTAR
040607,47,41,87.23,41,89.13,6,ENTEL
040608,64,17,26.56,17,26.98,47,MOVISTAR
040701,10,1,10.0,1,11.11,1,ENTEL
040702,33,7,21.21,7,25.0,14,MOVISTAR
040703,20,0,0.0,0,0.0,3,BITEL
040704,4,0,0.0,0,0.0,0,BITEL
040705,11,0,0.0,0,0.0,2,BITEL
040706,16,4,25.0,4,33.33,2,ENTEL
040801,24,1,4.17,1,4.35,10,CLARO
040802,32,5,15.62,5,17.86,9,MOVISTAR
040803,28,5,17.86,5,18.52,23,MOVISTAR
040804,101,77,76.24,77,77.78,8,MOVISTAR
040805,52,19,36.54,19,38.0,32,CLARO
040806,124,98,79.03,98,80.33,26,MOVISTAR
040807,36,11,30.56,11,31.43,25,MOVISTAR
040808,25,0,0.0,0,0.0,25,MOVISTAR
040809,15,4,26.67,4,28.57,11,MOVISTAR
040810,13,0,0.0,0,0.0,8,CLARO
040811,40,14,35.0,14,35.9,26,MOVISTAR
050101,34,0,0.0,0,0.0,3,BITEL
050102,56,0,0.0,0,0.0,20,ENTEL
050103,45,0,0.0,0,0.0,4,ENTEL
050104,16,0,0.0,0,0.0,1,BITEL
050105,64,7,10.94,7,11.67,25,ENTEL
050106,92,1,1.09,1,1.11,65,MOVISTAR
050107,23,0,0.0,0,0.0,2,ENTEL
050108,50,0,0.0,0,0.0,4,ENTEL
050109,34,0,0.0,0,0.0,14,ENTEL
050110,7,0,0.0,0,0.0,0,BITEL
050111,50,0,0.0,0,0.0,33,MOVISTAR
050112,47,2,4.26,2,4.44,8,MOVISTAR
050113,49,0,0.0,0,0.0,8,ENTEL
050114,225,33,14.67,33,14.73,109,MOVISTAR
050115,15,0,0.0,0,0.0,0,BITEL
050116,10,0,0.0,0,0.0,0,BITEL
050201,66,0,0.0,0,0.0,25,MOVISTAR
050202,66,15,22.73,15,24.19,26,MOVISTAR
050203,98,0,0.0,0,0.0,26,BITEL
050204,44,0,0.0,0,0.0,17,BITEL
050205,301,83,27.57,83,27.85,185,MOVISTAR
050206,84,11,13.1,11,13.75,26,MOVISTAR
050301,192,158,82.29,158,82.72,15,ENTEL
050302,137,29,21.17,29,21.8,70,MOVISTAR
050303,152,112,73.68,112,74.17,38,MOVISTAR
050304,151,109,72.19,109,73.15,16,MOVISTAR
050401,78,11,14.1,11,14.86,24,MOVISTAR
050402,31,4,12.9,4,13.79,13,MOVISTAR
050403,37,0,0.0,0,0.0,3,ENTEL
050404,34,0,0.0,0,0.0,2,MOVISTAR
050405,58,0,0.0,0,0.0,21,MOVISTAR
050406,49,0,0.0,0,0.0,16,MOVISTAR
050407,94,25,26.6,25,27.17,36,BITEL
050408,40,2,5.0,2,5.41,14,MOVISTAR
050409,16,1,6.25,1,7.14,10,MOVISTAR
050410,49,2,4.08,2,4.26,43,BITEL
050411,54,9,16.67,9,16.98,44,MOVISTAR
050412,25,2,8.0,2,8.33,21,MOVISTAR
050413,9,9,100.0,8,100.0,0,NINGUNO
050501,57,2,3.51,2,3.57,30,ENTEL
050502,57,2,3.51,2,3.7,46,MOVISTAR
050503,44,1,2.27,1,2.44,20,BITEL
050504,37,0,0.0,0,0.0,24,MOVISTAR
050505,71,8,11.27,8,11.43,59,MOVISTAR
050506,33,0,0.0,0,0.0,24,MOVISTAR
050507,47,5,10.64,5,12.2,13,ENTEL
050508,78,3,3.85,3,4.05,39,ENTEL
050509,42,9,21.43,9,22.5,15,ENTEL
050510,28,9,32.14,9,33.33,8,BITEL
050511,27,12,44.44,12,46.15,15,MOVISTAR
050512,10,0,0.0,0,0.0,6,BITEL
050513,12,0,0.0,0,0.0,2,CLARO
050514,14,0,0.0,0,0.0,9,MOVISTAR
050515,15,0,0.0,0,0.0,9,MOVISTAR
050601,199,79,39.7,79,40.31,27,MOVISTAR
050602,150,77,51.33,77,53.1,58,MOVISTAR
050603,55,30,54.55,30,56.6,5,ENTEL
050604,40,20,50.0,20,51.28,6,CLARO
050605,120,46,38.33,46,38.66,30,MOVISTAR
050606,84,41,48.81,41,50.62,16,ENTEL
050607,159,5,3.14,5,3.16,154,MOVISTAR
050608,153,81,52.94,81,53.29,61,MOVISTAR
050609,110,44,40.0,44,40.74,66,MOVISTAR
050610,81,30,37.04,30,38.46,44,MOVISTAR
050611,387,165,42.64,165,42.86,185,MOVISTAR
050612,141,70,49.65,70,50.36,71,MOVISTAR
050613,116,21,18.1,21,18.26,90,MOVISTAR
050614,77,30,38.96,30,39.47,47,MOVISTAR
050615,68,21,30.88,21,31.34,38,MOVISTAR
050616,29,0,0.0,0,0.0,18,ENTEL
050617,83,22,26.51,22,27.85,48,MOVISTAR
050618,274,209,76.28,209,76.84,40,ENTEL
050619,138,18,13.04,18,13.53,120,MOVISTAR
050620,10,0,0.0,0,0.0,5,ENTEL
050621,54,31,57.41,31,59.62,23,CLARO
050701,371,236,63.61,236,63.78,93,MOVISTAR
050702,82,23,28.05,23,29.11,38,MOVISTAR
050703,36,4,11.11,4,11.43,32,MOVISTAR
050704,59,8,13.56,8,13.79,51,ENTEL
050705,129,64,49.61,64,51.61,65,MOVISTAR
050706,62,12,19.35,12,20.34,34,ENTEL
050707,55,0,0.0,0,0.0,55,MOVISTAR
050708,135,59,43.7,59,44.03,76,MOVISTAR
050801,29,0,0.0,0,0.0,14,MOVISTAR
050802,27,0,0.0,0,0.0,22,MOVISTAR
050803,14,0,0.0,0,0.0,14,ENTEL
050804,33,5,15.15,5,17.24,4,MOVISTAR
050805,19,0,0.0,0,0.0,13,MOVISTAR
050806,90,18,20.0,18,20.22,72,MOVISTAR
050807,7,0,0.0,0,0.0,7,ENTEL
050808,16,0,0.0,0,0.0,16,MOVISTAR
050809,12,0,0.0,0,0.0,12,ENTEL
050810,14,2,14.29,2,15.38,12,MOVISTAR
050901,55,0,0.0,0,0.0,22,ENTEL
050902,4,0,0.0,0,0.0,4,CLARO
050903,16,0,0.0,0,0.0,15,MOVISTAR
050904,13,0,0.0,0,0.0,12,ENTEL
050905,24,21,87.5,21,91.3,3,CLARO
050906,59,27,45.76,27,47.37,26,ENTEL
050907,22,1,4.55,1,5.0,20,MOVISTAR
050908,29,21,72.41,21,75.0,8,ENTEL
050909,41,0,0.0,0,0.0,38,MOVISTAR
050910,40,1,2.5,1,2.63,39,MOVISTAR
050911,52,32,61.54,32,62.75,20,MOVISTAR
051001,103,17,16.5,17,16.67,38,MOVISTAR
051002,20,0,0.0,0,0.0,2,BITEL
051003,16,12,75.0,12,80.0,2,ENTEL
051004,9,0,0.0,0,0.0,9,ENTEL
051005,130,52,40.0,52,41.27,49,MOVISTAR
051006,32,0,0.0,0,0.0,15,MOVISTAR
051007,41,0,0.0,0,0.0,13,MOVISTAR
051008,64,0,0.0,0,0.0,55,ENTEL
051009,41,13,31.71,13,34.21,22,MOVISTAR
051011,37,12,32.43,12,36.36,16,ENTEL
051012,174,56,32.18,56,32.56,96,MOVISTAR
051101,70,0,0.0,0,0.0,27,ENTEL
051102,20,0,0.0,0,0.0,15,MOVISTAR
051103,26,0,0.0,0,0.0,6,ENTEL
051104,67,9,13.43,9,13.64,47,ENTEL
051105,34,0,0.0,0,0.0,12,MOVISTAR
051106,26,0,0.0,0,0.0,15,MOVISTAR
051107,9,0,0.0,0,0.0,9,CLARO
051108,52,0,0.0,0,0.0,20,MOVISTAR
060101,137,0,0.0,0,0.0,18,ENTEL
060102,89,1,1.12,1,1.14,54,ENTEL
060103,40,0,0.0,0,0.0,40,CLARO
060104,70,13,18.57,13,18.84,54,MOVISTAR
060105,119,5,4.2,5,4.24,51,BITEL
060106,68,0,0.0,0,0.0,8,MOVISTAR
060107,53,0,0.0,0,0.0,9,BITEL
060108,78,0,0.0,0,0.0,8,BITEL
060109,117,11,9.4,11,9.57,78,MOVISTAR
060110,22,0,0.0,0,0.0,4,BITEL
060111,51,3,5.88,3,6.0,14,MOVISTAR
060112,44,0,0.0,0,0.0,4,ENTEL
060201,49,0,0.0,0,0.0,10,MOVISTAR
060202,189,4,2.12,4,2.14,92,MOVISTAR
060203,65,0,0.0,0,0.0,9,ENTEL
060204,75,4,5.33,4,5.56,61,MOVISTAR
060301,74,4,5.41,4,5.48,40,MOVISTAR
060302,23,0,0.0,0,0.0,23,CLARO
060303,61,0,0.0,0,0.0,61,MOVISTAR
060304,88,1,1.14,1,1.16,49,BITEL
060305,18,1,5.56,1,5.88,12,MOVISTAR
060306,26,0,0.0,0,0.0,9,MOVISTAR
060307,26,2,7.69,2,8.0,15,MOVISTAR
060308,67,1,1.49,1,1.54,60,CLARO
060309,88,8,9.09,8,9.2,65,BITEL
060310,38,2,5.26,2,5.41,25,BITEL
060311,40,0,0.0,0,0.0,39,CLARO
060312,36,0,0.0,0,0.0,14,MOVISTAR
060401,110,0,0.0,0,0.0,8,ENTEL
060402,18,0,0.0,0,0.0,4,MOVISTAR
060403,23,0,0.0,0,0.0,18,MOVISTAR
060404,18,0,0.0,0,0.0,0,BITEL
060405,31,1,3.23,1,3.33,30,MOVISTAR
060406,24,1,4.17,1,4.35,23,MOVISTAR
060407,36,0,0.0,0,0.0,1,CLARO
060408,44,0,0.0,0,0.0,8,MOVISTAR
060409,63,0,0.0,0,0.0,12,MOVISTAR
060410,42,0,0.0,0,0.0,3,BITEL
060411,89,0,0.0,0,0.0,77,CLARO
060412,47,8,17.02,8,17.39,39,MOVISTAR
060413,22,0,0.0,0,0.0,10,BITEL
060414,14,0,0.0,0,0.0,11,MOVISTAR
060415,56,0,0.0,0,0.0,50,MOVISTAR
060416,33,4,12.12,4,12.5,29,CLARO
060417,71,0,0.0,0,0.0,31,MOVISTAR
060418,38,5,13.16,5,13.51,33,CLARO
060419,47,0,0.0,0,0.0,10,MOVISTAR
060501,124,19,15.32,19,15.45,87,ENTEL
060502,49,3,6.12,3,6.25,29,MOVISTAR
060503,52,2,3.85,2,3.92,50,CLARO
060504,51,0,0.0,0,0.0,35,CLARO
060505,70,5,7.14,5,7.25,50,MOVISTAR
060506,85,0,0.0,0,0.0,55,CLARO
060507,39,0,0.0,0,0.0,29,MOVISTAR
060508,33,3,9.09,3,10.0,14,BITEL
060601,143,0,0.0,0,0.0,40,MOVISTAR
060602,70,0,0.0,0,0.0,62,MOVISTAR
060603,37,0,0.0,0,0.0,30,MOVISTAR
060604,23,0,0.0,0,0.0,12,MOVISTAR
060605,17,0,0.0,0,0.0,4,ENTEL
060606,39,0,0.0,0,0.0,25,BITEL
060607,82,2,2.44,2,2.53,57,MOVISTAR
060608,14,1,7.14,1,7.69,4,MOVISTAR
060609,29,0,0.0,0,0.0,16,ENTEL
060610,22,0,0.0,0,0.0,2,ENTEL
060611,51,1,1.96,1,2.0,39,MOVISTAR
060612,28,0,0.0,0,0.0,27,MOVISTAR
060613,41,0,0.0,0,0.0,17,MOVISTAR
060614,38,0,0.0,0,0.0,12,ENTEL
060615,28,0,0.0,0,0.0,7,CLARO
060701,184,0,0.0,0,0.0,46,MOVISTAR
060702,19,0,0.0,0,0.0,14,ENTEL
060703,58,1,1.72,1,1.75,19,CLARO
060801,121,0,0.0,0,0.0,67,MOVISTAR
060802,86,0,0.0,0,0.0,21,MOVISTAR
060803,57,6,10.53,6,10.71,51,MOVISTAR
060804,124,7,5.65,7,5.74,107,MOVISTAR
060805,31,0,0.0,0,0.0,12,BITEL
060806,40,0,0.0,0,0.0,18,ENTEL
060807,81,9,11.11,9,11.39,63,MOVISTAR
060808,30,0,0.0,0,0.0,20,MOVISTAR
060809,115,1,0.87,1,0.88,114,CLARO
060810,92,3,3.26,3,3.3,89,CLARO
060811,47,9,19.15,9,20.0,28,MOVISTAR
060812,81,1,1.23,1,1.28,20,MOVISTAR
060901,100,2,2.0,2,2.02,40,MOVISTAR
060902,85,0,0.0,0,0.0,8,MOVISTAR
060903,97,2,2.06,2,2.2,41,MOVISTAR
060904,99,0,0.0,0,0.0,43,MOVISTAR
060905,52,4,7.69,4,7.84,32,MOVISTAR
060906,84,6,7.14,6,7.41,58,MOVISTAR
060907,91,6,6.59,6,6.67,80,MOVISTAR
061001,62,0,0.0,0,0.0,14,MOVISTAR
061002,27,0,0.0,0,0.0,17,MOVISTAR
061003,11,0,0.0,0,0.0,0,BITEL
061004,60,2,3.33,2,3.45,28,ENTEL
061005,16,0,0.0,0,0.0,1,CLARO
061006,69,0,0.0,0,0.0,26,ENTEL
061007,82,3,3.66,3,3.8,58,MOVISTAR
061101,72,0,0.0,0,0.0,29,MOVISTAR
061102,43,0,0.0,0,0.0,43,MOVISTAR
061103,24,10,41.67,10,43.48,7,BITEL
061104,26,5,19.23,5,20.0,19,MOVISTAR
061105,15,0,0.0,0,0.0,14,MOVISTAR
061106,31,0,0.0,0,0.0,14,ENTEL
061107,27,0,0.0,0,0.0,18,BITEL
061108,48,1,2.08,1,2.13,43,CLARO
061109,43,5,11.63,5,12.2,37,MOVISTAR
061110,50,1,2.0,1,2.08,49,MOVISTAR
061111,34,1,2.94,1,3.03,11,MOVISTAR
061112,24,0,0.0,0,0.0,13,ENTEL
061113,32,1,3.12,1,3.33,27,MOVISTAR
061201,49,0,0.0,0,0.0,8,CLARO
061202,27,0,0.0,0,0.0,19,CLARO
061203,15,0,0.0,0,0.0,4,ENTEL
061204,21,5,23.81,5,25.0,11,CLARO
061301,58,0,0.0,0,0.0,7,ENTEL
061302,13,0,0.0,0,0.0,3,BITEL
061303,87,3,3.45,3,3.53,74,MOVISTAR
061304,36,0,0.0,0,0.0,9,ENTEL
061305,35,0,0.0,0,0.0,5,CLARO
061306,15,0,0.0,0,0.0,9,CLARO
061307,34,0,0.0,0,0.0,11,ENTEL
061308,10,0,0.0,0,0.0,0,BITEL
061309,37,1,2.7,1,2.78,32,CLARO
061310,11,0,0.0,0,0.0,1,CLARO
061311,18,0,0.0,0,0.0,0,BITEL
070101,1,0,0.0,0,,0,BITEL
070102,1,0,0.0,0,,0,BITEL
070103,1,0,0.0,0,,0,BITEL
070104,1,0,0.0,0,,0,BITEL
070105,1,0,0.0,0,,0,BITEL
070106,1,0,0.0,0,,0,BITEL
070107,1,0,0.0,0,,0,BITEL
080101,52,0,0.0,0,0.0,14,MOVISTAR
080102,29,0,0.0,0,0.0,19,ENTEL
080103,29,0,0.0,0,0.0,0,BITEL
080104,39,0,0.0,0,0.0,5,ENTEL
080105,17,0,0.0,0,0.0,2,MOVISTAR
080106,27,0,0.0,0,0.0,23,MOVISTAR
080107,23,0,0.0,0,0.0,1,ENTEL
080108,1,0,0.0,0,,0,BITEL
080201,85,4,4.71,4,4.82,32,MOVISTAR
080202,9,0,0.0,0,0.0,3,ENTEL
080203,61,5,8.2,5,8.62,27,MOVISTAR
080204,16,0,0.0,0,0.0,0,BITEL
080205,108,0,0.0,0,0.0,59,MOVISTAR
080206,63,19,30.16,19,33.33,32,MOVISTAR
080207,34,0,0.0,0,0.0,17,ENTEL
080301,61,0,0.0,0,0.0,6,ENTEL
080302,49,0,0.0,0,0.0,2,ENTEL
080303,21,0,0.0,0,0.0,0,BITEL
080304,134,38,28.36,38,28.57,86,ENTEL
080305,98,15,15.31,15,15.46,41,MOVISTAR
080306,131,8,6.11,8,6.2,71,MOVISTAR
080307,123,19,15.45,19,15.57,91,MOVISTAR
080308,32,0,0.0,0,0.0,0,BITEL
080309,27,0,0.0,0,0.0,0,BITEL
080401,137,44,32.12,44,32.35,43,MOVISTAR
080402,31,0,0.0,0,0.0,15,ENTEL
080403,82,3,3.66,3,3.75,68,MOVISTAR
080404,89,53,59.55,53,61.63,35,MOVISTAR
080405,35,0,0.0,0,0.0,10,MOVISTAR
080406,33,2,6.06,2,6.25,21,MOVISTAR
080407,22,0,0.0,0,0.0,6,ENTEL
080408,172,86,50.0,86,50.29,69,MOVISTAR
080501,68,1,1.47,1,1.52,48,ENTEL
080502,134,13,9.7,13,9.77,88,ENTEL
080503,66,2,3.03,2,3.08,45,MOVISTAR
080504,43,0,0.0,0,0.0,19,MOVISTAR
080505,90,12,13.33,12,13.48,37,MOVISTAR
080506,13,0,0.0,0,0.0,0,BITEL
080507,52,0,0.0,0,0.0,52,ENTEL
080508,37,0,0.0,0,0.0,20,MOVISTAR
080601,356,204,57.3,204,57.63,60,MOVISTAR
080602,89,59,66.29,59,67.82,11,ENTEL
080603,71,25,35.21,25,35.71,30,MOVISTAR
080604,83,30,36.14,30,37.04,13,BITEL
080605,228,208,91.23,207,91.59,14,ENTEL
080606,60,10,16.67,10,16.95,45,MOVISTAR
080607,21,0,0.0,0,0.0,5,ENTEL
080608,30,0,0.0,0,0.0,10,ENTEL
080701,424,115,27.12,115,27.38,236,MOVISTAR
080702,94,2,2.13,2,2.15,39,MOVISTAR
080703,154,7,4.55,7,4.61,95,MOVISTAR
080704,132,4,3.03,4,3.05,45,MOVISTAR
080705,219,78,35.62,78,35.94,102,MOVISTAR
080706,134,56,41.79,56,42.11,47,ENTEL
080707,106,53,50.0,53,50.48,37,CLARO
080708,281,20,7.12,20,7.14,208,MOVISTAR
080801,261,25,9.58,25,9.65,110,ENTEL
080802,220,160,72.73,160,73.06,60,MOVISTAR
080803,351,91,25.93,91,26.15,246,ENTEL
080804,177,100,56.5,100,56.82,73,MOVISTAR
080805,244,154,63.11,154,63.37,52,MOVISTAR
080806,115,7,6.09,7,6.19,95,MOVISTAR
080807,130,75,57.69,75,58.14,55,CLARO
080808,103,8,7.77,8,7.84,92,ENTEL
080901,89,8,8.99,8,9.09,48,ENTEL
080902,308,87,28.25,87,28.62,184,MOVISTAR
080903,92,8,8.7,8,8.99,43,MOVISTAR
080904,65,1,1.54,1,1.61,20,ENTEL
080905,85,13,15.29,13,15.48,61,ENTEL
080906,188,42,22.34,42,22.58,118,MOVISTAR
080907,47,0,0.0,0,0.0,17,ENTEL
080908,153,42,27.45,42,27.81,68,MOVISTAR
080909,271,111,40.96,111,41.11,151,MOVISTAR
080910,61,8,13.11,8,13.56,21,MOVISTAR
080911,65,25,38.46,25,39.06,37,BITEL
080912,22,8,36.36,8,38.1,8,BITEL
080913,18,4,22.22,4,23.53,9,MOVISTAR
080914,29,13,44.83,13,46.43,16,MOVISTAR
080915,48,26,54.17,26,55.32,22,BITEL
080916,8,0,0.0,0,0.0,4,ENTEL
080917,23,1,4.35,1,4.55,5,MOVISTAR
080918,24,5,20.83,5,21.74,6,ENTEL
081001,80,12,15.0,12,15.19,49,CLARO
081002,57,0,0.0,0,0.0,42,MOVISTAR
081003,50,0,0.0,0,0.0,42,MOVISTAR
081004,20,0,0.0,0,0.0,14,MOVISTAR
081005,100,5,5.0,5,5.1,67,MOVISTAR
081006,76,8,10.53,8,11.27,50,MOVISTAR
081007,42,0,0.0,0,0.0,20,CLARO
081008,17,0,0.0,0,0.0,5,MOVISTAR
081009,53,0,0.0,0,0.0,38,MOVISTAR
081101,169,60,35.5,60,35.71,45,MOVISTAR
081102,30,0,0.0,0,0.0,21,MOVISTAR
081103,209,125,59.81,125,60.1,59,MOVISTAR
081104,89,0,0.0,0,0.0,58,MOVISTAR
081105,38,0,0.0,0,0.0,11,MOVISTAR
081106,59,16,27.12,16,27.59,43,MOVISTAR
081201,69,0,0.0,0,0.0,10,ENTEL
081202,26,3,11.54,3,13.04,4,BITEL
081203,54,31,57.41,31,58.49,18,MOVISTAR
081204,76,16,21.05,16,21.33,53,MOVISTAR
081205,128,0,0.0,0,0.0,50,MOVISTAR
081206,46,7,15.22,7,15.56,20,MOVISTAR
081207,37,19,51.35,19,55.88,6,MOVISTAR
081208,56,3,5.36,3,5.77,31,MOVISTAR
081209,196,168,85.71,168,86.15,15,CLARO
081210,187,9,4.81,9,4.89,78,MOVISTAR
081211,34,0,0.0,0,0.0,11,ENTEL
081212,94,5,5.32,5,5.49,69,CLARO
081301,40,1,2.5,1,2.56,7,ENTEL
081302,47,0,0.0,0,0.0,1,CLARO
081303,42,0,0.0,0,0.0,18,ENTEL
081304,38,9,23.68,9,24.32,18,CLARO
081305,44,0,0.0,0,0.0,6,ENTEL
081306,127,35,27.56,35,28.0,74,MOVISTAR
081307,10,0,0.0,0,0.0,5,ENTEL
090101,88,18,20.45,18,21.43,46,MOVISTAR
090102,43,14,32.56,14,33.33,15,MOVISTAR
090103,177,1,0.56,1,0.59,84,MOVISTAR
090104,19,0,0.0,0,0.0,15,MOVISTAR
090105,71,2,2.82,2,2.86,52,MOVISTAR
090106,70,33,47.14,33,49.25,37,MOVISTAR
090107,36,10,27.78,10,28.57,20,MOVISTAR
090108,13,0,0.0,0,0.0,4,CLARO
090109,53,22,41.51,22,43.14,14,MOVISTAR
090110,82,30,36.59,30,37.04,40,CLARO
090111,2,0,0.0,0,0.0,0,BITEL
090112,26,0,0.0,0,0.0,18,MOVISTAR
090113,148,97,65.54,97,65.99,33,MOVISTAR
090114,69,2,2.9,2,2.94,49,MOVISTAR
090115,16,0,0.0,0,0.0,8,MOVISTAR
090116,50,25,50.0,25,51.02,25,CLARO
090117,121,0,0.0,0,0.0,43,ENTEL
090118,59,39,66.1,39,67.24,14,CLARO
090119,135,25,18.52,25,18.8,64,MOVISTAR
090201,69,0,0.0,0,0.0,23,ENTEL
090202,43,0,0.0,0,0.0,12,CLARO
090203,57,0,0.0,0,0.0,3,ENTEL
090204,52,0,0.0,0,0.0,22,ENTEL
090205,24,0,0.0,0,0.0,21,ENTEL
090206,105,0,0.0,0,0.0,15,MOVISTAR
090207,30,0,0.0,0,0.0,6,ENTEL
090208,77,0,0.0,0,0.0,17,CLARO
090301,252,21,8.33,21,8.47,139,MOVISTAR
090302,58,0,0.0,0,0.0,3,BITEL
090303,16,0,0.0,0,0.0,10,ENTEL
090304,42,0,0.0,0,0.0,23,ENTEL
090305,31,0,0.0,0,0.0,19,MOVISTAR
090306,86,0,0.0,0,0.0,60,MOVISTAR
090307,31,0,0.0,0,0.0,24,MOVISTAR
090308,24,0,0.0,0,0.0,10,ENTEL
090309,21,0,0.0,0,0.0,13,MOVISTAR
090310,16,0,0.0,0,0.0,2,CLARO
090311,42,2,4.76,2,4.88,34,MOVISTAR
090312,32,2,6.25,2,6.45,21,MOVISTAR
090401,198,43,21.72,43,21.94,136,MOVISTAR
090402,260,67,25.77,67,25.87,193,MOVISTAR
090403,235,121,51.49,121,51.93,89,MOVISTAR
090404,179,94,52.51,94,52.81,85,MOVISTAR
090405,69,28,40.58,28,41.18,36,MOVISTAR
090406,41,1,2.44,1,2.5,40,CLARO
090407,128,21,16.41,21,16.54,107,MOVISTAR
090408,52,5,9.62,5,9.8,47,ENTEL
090409,129,7,5.43,7,5.47,122,CLARO
090410,44,10,22.73,10,23.26,33,MOVISTAR
090411,242,82,33.88,82,34.17,160,MOVISTAR
090412,63,7,11.11,7,11.29,45,CLARO
090413,95,7,7.37,7,7.45,88,MOVISTAR
090501,84,0,0.0,0,0.0,24,ENTEL
090502,93,0,0.0,0,0.0,71,MOVISTAR
090503,54,0,0.0,0,0.0,54,MOVISTAR
090504,52,1,1.92,1,1.96,24,ENTEL
090505,8,0,0.0,0,0.0,1,BITEL
090506,30,0,0.0,0,0.0,24,ENTEL
090507,69,0,0.0,0,0.0,69,CLARO
090508,12,0,0.0,0,0.0,2,BITEL
090509,48,0,0.0,0,0.0,22,MOVISTAR
090510,55,1,1.82,1,1.85,47,MOVISTAR
090511,35,0,0.0,0,0.0,16,MOVISTAR
090601,88,10,11.36,10,11.49,53,MOVISTAR
090602,40,15,37.5,15,38.46,25,ENTEL
090603,102,17,16.67,17,16.83,84,MOVISTAR
090604,27,1,3.7,1,3.85,26,ENTEL
090605,69,36,52.17,36,52.94,33,ENTEL
090606,114,1,0.88,1,0.88,113,MOVISTAR
090607,442,109,24.66,109,24.72,333,MOVISTAR
090608,123,108,87.8,108,88.52,15,MOVISTAR
090609,68,20,29.41,20,29.85,41,MOVISTAR
090610,171,87,50.88,87,51.18,76,MOVISTAR
090611,42,16,38.1,16,39.02,26,MOVISTAR
090612,49,7,14.29,7,14.58,42,CLARO
090613,207,101,48.79,101,49.27,106,MOVISTAR
090614,67,11,16.42,11,16.67,56,MOVISTAR
090615,65,30,46.15,30,46.88,35,ENTEL
090616,73,52,71.23,52,72.22,21,MOVISTAR
090701,31,0,0.0,0,0.0,18,CLARO
090702,54,0,0.0,0,0.0,23,MOVISTAR
090703,34,1,2.94,1,3.03,17,ENTEL
090704,38,0,0.0,0,0.0,21,MOVISTAR
090705,148,0,0.0,0,0.0,100,MOVISTAR
090706,43,0,0.0,0,0.0,30,ENTEL
090707,26,4,15.38,4,16.0,12,MOVISTAR
090709,28,0,0.0,0,0.0,23,MOVISTAR
090710,11,0,0.0,0,0.0,6,MOVISTAR
090711,34,0,0.0,0,0.0,15,MOVISTAR
090713,20,0,0.0,0,0.0,19,ENTEL
090714,59,0,0.0,0,0.0,47,MOVISTAR
090715,33,0,0.0,0,0.0,18,CLARO
090716,47,0,0.0,0,0.0,26,MOVISTAR
090717,96,0,0.0,0,0.0,86,MOVISTAR
090718,56,23,41.07,23,41.82,33,MOVISTAR
090719,35,0,0.0,0,0.0,19,MOVISTAR
090720,49,0,0.0,0,0.0,42,ENTEL
090721,38,12,31.58,12,32.43,26,MOVISTAR
090722,41,11,26.83,11,27.5,23,MOVISTAR
090723,11,0,0.0,0,0.0,10,ENTEL
090724,21,0,0.0,0,0.0,5,CLARO
090725,21,7,33.33,7,35.0,14,MOVISTAR
100101,57,4,7.02,4,7.14,22,CLARO
100102,70,0,0.0,0,0.0,17,CLARO
100103,90,28,31.11,28,31.82,28,ENTEL
100104,132,33,25.0,33,25.58,51,ENTEL
100105,92,26,28.26,26,29.21,35,CLARO
100106,65,2,3.08,2,3.17,41,MOVISTAR
100107,56,11,19.64,11,20.0,22,MOVISTAR
100108,158,47,29.75,47,29.94,97,CLARO
100109,152,26,17.11,26,17.22,90,CLARO
100110,33,0,0.0,0,0.0,18,CLARO
100111,28,1,3.57,1,4.0,12,MOVISTAR
100112,33,0,0.0,0,0.0,9,CLARO
100113,62,13,20.97,13,21.31,20,MOVISTAR
100201,89,2,2.25,2,2.44,51,ENTEL
100202,139,35,25.18,35,25.55,62,MOVISTAR
100203,74,45,60.81,45,62.5,23,CLARO
100204,75,1,1.33,1,1.37,47,MOVISTAR
100205,184,8,4.35,8,4.37,161,MOVISTAR
100206,38,1,2.63,1,2.78,32,MOVISTAR
100207,121,21,17.36,21,17.8,60,CLARO
100208,37,0,0.0,0,0.0,24,MOVISTAR
100301,44,2,4.55,2,4.76,34,MOVISTAR
100307,98,11,11.22,11,11.46,33,MOVISTAR
100311,150,52,34.67,52,35.14,81,MOVISTAR
100313,211,90,42.65,90,43.06,70,MOVISTAR
100316,51,0,0.0,0,0.0,16,MOVISTAR
100317,100,12,12.0,12,12.24,74,CLARO
100321,59,0,0.0,0,0.0,33,MOVISTAR
100322,87,2,2.3,2,2.33,68,MOVISTAR
100323,67,0,0.0,0,0.0,47,CLARO
100401,111,20,18.02,20,18.52,44,MOVISTAR
100402,19,1,5.26,1,5.56,15,MOVISTAR
100403,54,27,50.0,27,50.94,27,MOVISTAR
100404,50,4,8.0,4,8.16,40,MOVISTAR
100501,155,18,11.61,18,12.0,71,MOVISTAR
100502,20,0,0.0,0,0.0,6,MOVISTAR
100503,120,0,0.0,0,0.0,43,MOVISTAR
100504,180,15,8.33,15,8.43,115,MOVISTAR
100505,70,8,11.43,8,11.59,59,MOVISTAR
100506,55,1,1.82,1,1.89,35,MOVISTAR
100507,116,18,15.52,18,16.82,63,MOVISTAR
100508,16,1,6.25,1,6.67,9,CLARO
100509,95,20,21.05,20,21.28,55,MOVISTAR
100510,50,6,12.0,6,12.24,30,MOVISTAR
100511,79,17,21.52,17,21.79,62,MOVISTAR
100601,29,0,0.0,0,0.0,13,BITEL
100602,53,11,20.75,11,21.57,14,ENTEL
100603,24,1,4.17,1,4.35,3,ENTEL
100604,61,13,21.31,13,21.67,32,BITEL
100605,55,0,0.0,0,0.0,19,ENTEL
100606,57,9,15.79,9,17.31,33,ENTEL
100607,22,0,0.0,0,0.0,11,BITEL
100608,21,3,14.29,3,15.0,16,BITEL
100609,26,0,0.0,0,0.0,16,BITEL
100610,14,1,7.14,1,7.69,9,BITEL
100701,93,19,20.43,19,21.59,47,MOVISTAR
100702,64,14,21.88,14,22.58,42,BITEL
100703,78,21,26.92,21,27.27,57,MOVISTAR
100704,24,3,12.5,3,13.04,20,ENTEL
100705,13,1,7.69,1,8.33,12,BITEL
100801,130,33,25.38,33,25.58,67,MOVISTAR
100802,105,36,34.29,36,35.29,39,MOVISTAR
100803,109,14,12.84,14,13.08,55,MOVISTAR
100804,61,0,0.0,0,0.0,3,CLARO
100901,66,47,71.21,47,73.44,16,BITEL
100902,68,47,69.12,47,71.21,21,MOVISTAR
100903,44,3,6.82,3,6.98,40,MOVISTAR
100904,44,19,43.18,19,44.19,23,MOVISTAR
100905,55,14,25.45,14,25.93,40,MOVISTAR
101001,350,150,42.86,150,43.23,175,CLARO
101002,126,51,40.48,51,40.8,75,CLARO
101003,57,2,3.51,2,3.57,53,BITEL
101004,68,41,60.29,41,61.19,27,CLARO
101005,164,25,15.24,25,15.53,125,MOVISTAR
101006,93,3,3.23,3,3.33,71,ENTEL
101007,547,265,48.45,265,48.53,279,MOVISTAR
101101,92,6,6.52,6,6.59,45,MOVISTAR
101102,39,0,0.0,0,0.0,7,MOVISTAR
101103,51,0,0.0,0,0.0,14,ENTEL
101104,62,13,20.97,13,21.31,21,BITEL
101105,33,0,0.0,0,0.0,15,CLARO
101106,135,9,6.67,9,6.77,66,MOVISTAR
101107,74,4,5.41,4,5.48,38,MOVISTAR
101108,40,0,0.0,0,0.0,17,ENTEL
110101,15,0,0.0,0,0.0,1,BITEL
110102,33,0,0.0,0,0.0,0,BITEL
110103,31,0,0.0,0,0.0,0,BITEL
110104,28,7,25.0,7,26.92,6,MOVISTAR
110105,24,0,0.0,0,0.0,0,BITEL
110106,16,0,0.0,0,0.0,0,BITEL
110107,26,0,0.0,0,0.0,0,BITEL
110108,216,1,0.46,1,0.47,106,ENTEL
110109,35,3,8.57,3,9.68,7,BITEL
110110,35,0,0.0,0,0.0,0,BITEL
110111,66,0,0.0,0,0.0,6,BITEL
110112,8,0,0.0,0,0.0,0,BITEL
110113,10,0,0.0,0,0.0,0,BITEL
110114,42,20,47.62,20,48.78,20,ENTEL
110201,1,0,0.0,0,,0,BITEL
110202,59,20,33.9,20,34.48,2,ENTEL
110203,62,19,30.65,19,31.15,43,CLARO
110204,50,0,0.0,0,0.0,1,BITEL
110205,58,0,0.0,0,0.0,3,ENTEL
110206,47,12,25.53,12,26.09,8,MOVISTAR
110207,1,0,0.0,0,,0,BITEL
110208,73,56,76.71,56,77.78,17,CLARO
110209,35,8,22.86,8,23.53,18,ENTEL
110210,6,0,0.0,0,0.0,0,BITEL
110211,19,0,0.0,0,0.0,0,BITEL
110302,34,9,26.47,9,30.0,14,ENTEL
110303,41,9,21.95,9,23.68,11,ENTEL
110304,19,4,21.05,4,22.22,11,BITEL
110305,32,7,21.88,7,23.33,13,ENTEL
110401,49,2,4.08,2,4.26,11,ENTEL
110402,15,0,0.0,0,0.0,4,BITEL
110403,36,12,33.33,12,34.29,15,ENTEL
110404,33,9,27.27,9,29.03,15,ENTEL
110405,47,0,0.0,0,0.0,38,MOVISTAR
110501,17,0,0.0,0,0.0,0,BITEL
110502,44,23,52.27,23,53.49,21,MOVISTAR
110503,46,5,10.87,5,11.63,26,ENTEL
110504,44,1,2.27,1,2.5,10,BITEL
110505,20,2,10.0,2,11.76,4,ENTEL
110506,32,0,0.0,0,0.0,0,BITEL
110507,28,0,0.0,0,0.0,6,BITEL
110508,11,0,0.0,0,0.0,1,BITEL
120101,7,0,0.0,0,0.0,4,ENTEL
120104,10,0,0.0,0,0.0,10,MOVISTAR
120105,17,1,5.88,1,7.14,16,MOVISTAR
120106,14,0,0.0,0,0.0,12,MOVISTAR
120107,5,0,0.0,0,0.0,1,MOVISTAR
120108,59,28,47.46,28,49.12,31,MOVISTAR
120111,12,1,8.33,1,9.09,5,CLARO
120112,13,0,0.0,0,0.0,13,MOVISTAR
120113,17,3,17.65,3,20.0,14,MOVISTAR
120114,15,1,6.67,1,7.69,0,BITEL
120116,8,0,0.0,0,0.0,3,BITEL
120117,3,0,0.0,0,0.0,0,BITEL
120119,5,0,0.0,0,0.0,0,BITEL
120120,12,1,8.33,1,9.09,11,MOVISTAR
120121,3,0,0.0,0,0.0,0,BITEL
120122,16,5,31.25,5,41.67,5,ENTEL
120124,58,2,3.45,2,3.51,35,MOVISTAR
120125,2,0,0.0,0,0.0,0,BITEL
120126,19,0,0.0,0,0.0,8,MOVISTAR
120127,24,9,37.5,9,39.13,4,ENTEL
120128,61,34,55.74,34,56.67,13,ENTEL
120129,11,0,0.0,0,0.0,3,ENTEL
120130,1,0,0.0,0,,0,BITEL
120132,5,1,20.0,1,25.0,1,BITEL
120133,14,0,0.0,0,0.0,2,MOVISTAR
120134,15,0,0.0,0,0.0,0,BITEL
120135,56,4,7.14,4,7.27,46,MOVISTAR
120136,4,0,0.0,0,0.0,1,BITEL
120201,10,0,0.0,0,0.0,0,BITEL
120202,5,0,0.0,0,0.0,3,CLARO
120203,52,24,46.15,24,47.06,26,MOVISTAR
120204,21,0,0.0,0,0.0,15,MOVISTAR
120205,26,3,11.54,3,12.0,21,MOVISTAR
120206,48,9,18.75,9,19.15,39,MOVISTAR
120207,18,0,0.0,0,0.0,7,BITEL
120208,5,0,0.0,0,0.0,0,BITEL
120209,25,3,12.0,3,12.5,22,MOVISTAR
120210,16,0,0.0,0,0.0,0,BITEL
120211,6,0,0.0,0,0.0,0,BITEL
120212,7,0,0.0,0,0.0,0,BITEL
120213,6,0,0.0,0,0.0,0,BITEL
120214,18,0,0.0,0,0.0,9,CLARO
120215,7,0,0.0,0,0.0,0,BITEL
120301,67,7,10.45,7,10.61,50,MOVISTAR
120302,199,34,17.09,34,17.8,125,ENTEL
120303,153,33,21.57,33,22.45,90,MOVISTAR
120304,48,6,12.5,6,13.64,28,MOVISTAR
120305,76,17,22.37,17,22.97,30,ENTEL
120306,38,2,5.26,2,5.41,36,MOVISTAR
120401,2,0,0.0,0,0.0,0,BITEL
120402,19,0,0.0,0,0.0,2,CLARO
120403,107,76,71.03,76,72.38,14,ENTEL
120404,2,0,0.0,0,0.0,0,BITEL
120405,10,5,50.0,5,71.43,5,BITEL
120406,23,0,0.0,0,0.0,14,ENTEL
120407,4,0,0.0,0,0.0,0,BITEL
120408,6,0,0.0,0,0.0,1,BITEL
120409,4,0,0.0,0,0.0,0,BITEL
120410,10,0,0.0,0,0.0,0,BITEL
120411,15,0,0.0,0,0.0,10,ENTEL
120412,4,0,0.0,0,0.0,0,BITEL
120413,7,0,0.0,0,0.0,2,BITEL
120414,14,3,21.43,3,25.0,5,ENTEL
120415,5,0,0.0,0,0.0,0,BITEL
120416,9,0,0.0,0,0.0,2,ENTEL
120417,10,2,20.0,2,22.22,5,BITEL
120418,18,7,38.89,7,43.75,8,MOVISTAR
120419,20,10,50.0,10,52.63,10,MOVISTAR
120420,4,0,0.0,0,0.0,0,BITEL
120421,3,0,0.0,0,0.0,2,CLARO
120422,7,0,0.0,0,0.0,4,BITEL
120423,14,0,0.0,0,0.0,8,CLARO
120424,4,0,0.0,0,0.0,0,BITEL
120425,8,0,0.0,0,0.0,1,ENTEL
120426,17,4,23.53,4,26.67,10,MOVISTAR
120427,55,17,30.91,17,32.08,38,CLARO
120428,13,0,0.0,0,0.0,1,CLARO
120429,3,0,0.0,0,0.0,0,BITEL
120430,2,0,0.0,0,0.0,0,BITEL
120431,20,0,0.0,0,0.0,14,MOVISTAR
120432,7,0,0.0,0,0.0,5,MOVISTAR
120433,54,14,25.93,14,26.92,36,MOVISTAR
120434,6,0,0.0,0,0.0,0,BITEL
120501,204,58,28.43,58,28.71,130,ENTEL
120502,67,26,38.81,26,39.39,35,ENTEL
120503,161,53,32.92,53,33.12,106,MOVISTAR
120504,138,70,50.72,70,51.85,68,MOVISTAR
120601,138,31,22.46,31,23.13,59,MOVISTAR
120602,46,3,6.52,3,6.67,28,ENTEL
120603,41,5,12.2,5,12.82,16,CLARO
120604,154,42,27.27,42,27.45,65,MOVISTAR
120605,57,13,22.81,13,23.21,42,MOVISTAR
120606,211,75,35.55,75,36.06,99,MOVISTAR
120607,116,19,16.38,19,16.52,81,MOVISTAR
120608,177,64,36.16,64,36.57,108,MOVISTAR
120609,34,11,32.35,11,33.33,18,CLARO
120701,69,8,11.59,8,13.11,22,MOVISTAR
120702,44,0,0.0,0,0.0,11,ENTEL
120703,14,3,21.43,3,25.0,9,MOVISTAR
120704,118,23,19.49,23,19.83,54,ENTEL
120705,17,2,11.76,2,13.33,5,CLARO
120706,54,1,1.85,1,1.92,22,ENTEL
120707,59,8,13.56,8,13.79,30,CLARO
120708,52,22,42.31,19,40.43,27,CLARO
120709,25,1,4.0,1,4.17,23,ENTEL
120801,54,21,38.89,21,42.0,31,ENTEL
120802,157,54,34.39,54,34.62,103,MOVISTAR
120803,145,70,48.28,70,48.95,67,ENTEL
120804,150,41,27.33,41,27.7,109,ENTEL
120805,21,3,14.29,3,16.67,12,CLARO
120806,56,28,50.0,28,50.91,23,ENTEL
120807,213,143,67.14,143,67.45,70,MOVISTAR
120808,22,3,13.64,3,14.29,15,ENTEL
120809,156,116,74.36,116,74.84,40,MOVISTAR
120810,77,12,15.58,12,16.9,46,ENTEL
120901,12,0,0.0,0,0.0,0,BITEL
120902,28,0,0.0,0,0.0,0,BITEL
120903,38,15,39.47,15,40.54,8,ENTEL
120904,9,0,0.0,0,0.0,0,BITEL
120905,6,0,0.0,0,0.0,0,BITEL
120906,12,0,0.0,0,0.0,2,ENTEL
120907,12,0,0.0,0,0.0,11,CLARO
120908,1,0,0.0,0,,0,BITEL
120909,25,6,24.0,6,25.0,5,MOVISTAR
130101,6,0,0.0,0,0.0,0,BITEL
130102,1,0,0.0,0,,0,BITEL
130103,1,0,0.0,0,,0,BITEL
130104,13,0,0.0,0,0.0,0,BITEL
130105,1,0,0.0,0,,0,BITEL
130106,44,0,0.0,0,0.0,22,BITEL
130107,48,0,0.0,0,0.0,1,BITEL
130108,37,5,13.51,5,14.29,28,CLARO
130109,6,0,0.0,0,0.0,2,CLARO
130110,37,2,5.41,2,5.56,33,ENTEL
130111,4,0,0.0,0,0.0,0,BITEL
130112,1,0,0.0,0,,0,BITEL
130201,22,1,4.55,1,4.76,1,BITEL
130202,27,0,0.0,0,0.0,3,BITEL
130203,15,0,0.0,0,0.0,0,BITEL
130204,36,2,5.56,2,5.88,16,ENTEL
130205,27,0,0.0,0,0.0,2,BITEL
130206,31,0,0.0,0,0.0,23,BITEL
130207,24,0,0.0,0,0.0,2,BITEL
130208,28,0,0.0,0,0.0,19,BITEL
130301,92,19,20.65,19,20.88,52,MOVISTAR
130302,40,4,10.0,4,10.26,36,MOVISTAR
130303,64,0,0.0,0,0.0,64,MOVISTAR
130304,43,1,2.33,1,2.44,42,MOVISTAR
130305,51,6,11.76,6,12.0,45,MOVISTAR
130306,24,0,0.0,0,0.0,24,MOVISTAR
130401,33,0,0.0,0,0.0,2,CLARO
130402,54,0,0.0,0,0.0,2,BITEL
130403,45,7,15.56,7,17.95,5,BITEL
130501,64,0,0.0,0,0.0,28,MOVISTAR
130502,44,0,0.0,0,0.0,43,MOVISTAR
130503,40,0,0.0,0,0.0,19,MOVISTAR
130504,40,2,5.0,2,5.41,38,MOVISTAR
130601,75,6,8.0,6,8.33,38,MOVISTAR
130602,44,0,0.0,0,0.0,21,BITEL
130604,33,0,0.0,0,0.0,19,MOVISTAR
130605,62,0,0.0,0,0.0,53,MOVISTAR
130606,26,16,61.54,15,60.0,10,MOVISTAR
130608,25,0,0.0,0,0.0,3,ENTEL
130610,16,2,12.5,2,13.33,9,MOVISTAR
130611,46,1,2.17,1,2.33,17,CLARO
130613,46,4,8.7,4,9.09,23,CLARO
130614,121,0,0.0,0,0.0,74,MOVISTAR
130701,21,0,0.0,0,0.0,4,ENTEL
130702,39,0,0.0,0,0.0,0,BITEL
130703,38,0,0.0,0,0.0,13,BITEL
130704,3,0,0.0,0,0.0,1,BITEL
130705,30,0,0.0,0,0.0,0,BITEL
130801,121,9,7.44,9,7.5,75,BITEL
130802,36,0,0.0,0,0.0,36,MOVISTAR
130803,63,0,0.0,0,0.0,53,MOVISTAR
130804,85,2,2.35,2,2.38,72,MOVISTAR
130805,40,7,17.5,7,17.95,21,ENTEL
130806,53,0,0.0,0,0.0,53,MOVISTAR
130807,54,33,61.11,33,62.26,21,CLARO
130808,69,0,0.0,0,0.0,57,MOVISTAR
130809,122,0,0.0,0,0.0,95,MOVISTAR
130810,37,0,0.0,0,0.0,37,MOVISTAR
130811,36,0,0.0,0,0.0,25,MOVISTAR
130812,45,0,0.0,0,0.0,45,MOVISTAR
130813,38,0,0.0,0,0.0,36,CLARO
130901,73,1,1.37,1,1.43,10,MOVISTAR
130902,94,0,0.0,0,0.0,52,MOVISTAR
130903,87,0,0.0,0,0.0,84,MOVISTAR
130904,48,0,0.0,0,0.0,11,CLARO
130905,102,4,3.92,4,3.96,63,MOVISTAR
130906,93,0,0.0,0,0.0,52,MOVISTAR
130907,99,5,5.05,5,5.21,48,MOVISTAR
130908,127,0,0.0,0,0.0,98,MOVISTAR
131001,70,11,15.71,11,16.18,43,MOVISTAR
131002,17,0,0.0,0,0.0,6,MOVISTAR
131003,37,5,13.51,5,13.89,17,MOVISTAR
131004,54,1,1.85,1,1.92,8,MOVISTAR
131005,31,0,0.0,0,0.0,6,CLARO
131006,49,5,10.2,5,10.87,29,CLARO
131007,18,0,0.0,0,0.0,2,BITEL
131008,34,0,0.0,0,0.0,34,BITEL
131101,156,64,41.03,64,41.29,66,BITEL
131102,101,0,0.0,0,0.0,98,MOVISTAR
131103,32,13,40.62,13,41.94,19,MOVISTAR
131104,47,1,2.13,1,2.22,32,MOVISTAR
131201,70,7,10.0,7,11.48,18,BITEL
131202,52,6,11.54,6,12.77,6,BITEL
131203,19,0,0.0,0,0.0,1,CLARO
140101,2,0,0.0,0,0.0,0,BITEL
140102,55,0,0.0,0,0.0,17,ENTEL
140103,11,0,0.0,0,0.0,0,BITEL
140104,1,0,0.0,0,,0,BITEL
140105,4,0,0.0,0,0.0,0,BITEL
140106,31,0,0.0,0,0.0,0,BITEL
140107,35,0,0.0,0,0.0,7,BITEL
140108,49,0,0.0,0,0.0,0,BITEL
140109,10,0,0.0,0,0.0,2,BITEL
140110,43,0,0.0,0,0.0,21,BITEL
140111,20,0,0.0,0,0.0,0,BITEL
140112,41,0,0.0,0,0.0,0,BITEL
140113,22,0,0.0,0,0.0,0,BITEL
140114,5,0,0.0,0,0.0,0,BITEL
140115,39,0,0.0,0,0.0,3,BITEL
140116,22,0,0.0,0,0.0,3,BITEL
140117,32,0,0.0,0,0.0,3,BITEL
140118,22,0,0.0,0,0.0,2,BITEL
140119,25,0,0.0,0,0.0,2,BITEL
140120,29,0,0.0,0,0.0,9,BITEL
140201,24,0,0.0,0,0.0,1,BITEL
140202,122,18,14.75,18,14.88,102,MOVISTAR
140203,115,10,8.7,10,8.85,72,ENTEL
140204,36,0,0.0,0,0.0,1,BITEL
140205,76,2,2.63,2,2.86,12,BITEL
140206,17,0,0.0,0,0.0,0,BITEL
140301,67,0,0.0,0,0.0,0,BITEL
140302,24,0,0.0,0,0.0,8,MOVISTAR
140303,24,0,0.0,0,0.0,0,BITEL
140304,51,0,0.0,0,0.0,6,MOVISTAR
140305,48,0,0.0,0,0.0,0,BITEL
140306,95,0,0.0,0,0.0,2,ENTEL
140307,55,0,0.0,0,0.0,1,BITEL
140308,198,28,14.14,28,14.21,99,BITEL
140309,30,0,0.0,0,0.0,0,BITEL
140310,93,8,8.6,8,8.89,71,BITEL
140311,15,0,0.0,0,0.0,0,BITEL
140312,46,0,0.0,0,0.0,0,BITEL
150101,1,0,0.0,0,,0,BITEL
150102,1,0,0.0,0,,0,BITEL
150103,1,0,0.0,0,,0,BITEL
150104,1,0,0.0,0,,0,BITEL
150105,1,0,0.0,0,,0,BITEL
150106,32,0,0.0,0,0.0,16,BITEL
150107,1,0,0.0,0,,0,BITEL
150108,1,0,0.0,0,,0,BITEL
150109,8,0,0.0,0,0.0,0,BITEL
150110,1,0,0.0,0,,0,BITEL
150111,1,0,0.0,0,,0,BITEL
150112,1,0,0.0,0,,0,BITEL
150113,1,0,0.0,0,,0,BITEL
150114,1,0,0.0,0,,0,BITEL
150115,1,0,0.0,0,,0,BITEL
150116,1,0,0.0,0,,0,BITEL
150117,1,0,0.0,0,,0,BITEL
150118,1,0,0.0,0,,0,BITEL
150119,4,0,0.0,0,0.0,0,BITEL
150120,1,0,0.0,0,,0,BITEL
150121,1,0,0.0,0,,0,BITEL
150122,1,0,0.0,0,,0,BITEL
150123,15,0,0.0,0,0.0,0,BITEL
150124,6,0,0.0,0,0.0,1,BITEL
150125,1,0,0.0,0,,0,BITEL
150126,11,0,0.0,0,0.0,3,BITEL
150127,3,0,0.0,0,0.0,0,BITEL
150128,1,0,0.0,0,,0,BITEL
150129,11,0,0.0,0,0.0,0,BITEL
150130,1,0,0.0,0,,0,BITEL
150131,1,0,0.0,0,,0,BITEL
150132,1,0,0.0,0,,0,BITEL
150133,1,0,0.0,0,,0,BITEL
150134,1,0,0.0,0,,0,BITEL
150135,1,0,0.0,0,,0,BITEL
150136,1,0,0.0,0,,0,BITEL
150137,1,0,0.0,0,,0,BITEL
150138,2,0,0.0,0,0.0,0,BITEL
150139,1,0,0.0,0,,0,BITEL
150140,1,0,0.0,0,,0,BITEL
150141,1,0,0.0,0,,0,BITEL
150142,1,0,0.0,0,,0,BITEL
150143,1,0,0.0,0,,0,BITEL
150201,40,0,0.0,0,0.0,6,CLARO
150202,56,12,21.43,12,22.64,20,MOVISTAR
150203,38,0,0.0,0,0.0,14,CLARO
150204,52,6,11.54,5,11.11,26,CLARO
150205,9,0,0.0,0,0.0,0,BITEL
150301,124,63,50.81,63,52.07,46,ENTEL
150302,7,5,71.43,4,100.0,1,CLARO
150303,194,28,14.43,28,14.51,166,CLARO
150304,68,0,0.0,0,0.0,67,MOVISTAR
150305,97,17,17.53,17,17.89,80,MOVISTAR
150401,114,7,6.14,7,6.36,37,ENTEL
150402,31,0,0.0,0,0.0,31,CLARO
150403,25,6,24.0,6,27.27,18,MOVISTAR
150404,83,39,46.99,39,48.75,41,CLARO
150405,64,1,1.56,1,1.61,58,ENTEL
150406,44,3,6.82,3,7.32,15,ENTEL
150407,66,5,7.58,5,8.47,32,CLARO
150501,71,0,0.0,0,0.0,12,ENTEL
150502,44,0,0.0,0,0.0,1,BITEL
150503,43,21,48.84,21,51.22,22,CLARO
150504,36,0,0.0,0,0.0,0,BITEL
150505,51,5,9.8,5,10.87,10,BITEL
150506,29,6,20.69,6,21.43,23,CLARO
150507,26,0,0.0,0,0.0,0,BITEL
150508,15,0,0.0,0,0.0,0,BITEL
150509,35,0,0.0,0,0.0,2,BITEL
150510,29,2,6.9,2,9.52,2,CLARO
150511,9,0,0.0,0,0.0,1,CLARO
150512,41,0,0.0,0,0.0,1,BITEL
150513,33,0,0.0,0,0.0,0,BITEL
150514,38,0,0.0,0,0.0,0,BITEL
150515,19,0,0.0,0,0.0,5,BITEL
150516,13,0,0.0,0,0.0,7,CLARO
150601,78,4,5.13,4,6.06,18,CLARO
150602,37,24,64.86,24,70.59,13,CLARO
150603,45,6,13.33,6,15.0,39,CLARO
150604,76,3,3.95,3,4.69,15,CLARO
150605,31,0,0.0,0,0.0,1,BITEL
150606,71,2,2.82,2,2.99,69,CLARO
150607,35,1,2.86,1,3.03,34,MOVISTAR
150608,72,40,55.56,40,58.82,32,CLARO
150609,8,0,0.0,0,0.0,8,CLARO
150610,16,5,31.25,5,35.71,11,CLARO
150611,26,3,11.54,3,13.04,23,CLARO
150612,31,14,45.16,14,48.28,17,MOVISTAR
150701,48,5,10.42,5,10.87,33,ENTEL
150702,39,0,0.0,0,0.0,32,MOVISTAR
150703,17,5,29.41,5,31.25,6,CLARO
150704,54,32,59.26,32,60.38,22,ENTEL
150705,35,18,51.43,18,56.25,15,CLARO
150706,28,0,0.0,0,0.0,28,MOVISTAR
150707,14,0,0.0,0,0.0,14,MOVISTAR
150708,34,28,82.35,27,87.1,6,CLARO
150709,54,17,31.48,17,32.08,37,CLARO
150710,31,0,0.0,0,0.0,31,MOVISTAR
150711,64,3,4.69,3,4.76,61,CLARO
150712,28,17,60.71,17,62.96,11,MOVISTAR
150713,63,10,15.87,10,16.13,52,MOVISTAR
150714,8,0,0.0,0,0.0,0,BITEL
150715,40,8,20.0,8,20.51,32,CLARO
150716,44,18,40.91,18,41.86,26,MOVISTAR
150717,52,1,1.92,1,2.0,36,CLARO
150718,78,33,42.31,33,43.42,45,CLARO
150719,8,4,50.0,4,57.14,4,CLARO
150720,34,15,44.12,15,46.88,19,ENTEL
150721,188,78,41.49,78,41.94,110,CLARO
150722,66,43,65.15,42,65.62,15,ENTEL
150723,33,0,0.0,0,0.0,28,CLARO
150724,9,0,0.0,0,0.0,9,CLARO
150725,36,3,8.33,3,8.57,33,ENTEL
150726,49,6,12.24,6,12.5,43,CLARO
150727,8,0,0.0,0,0.0,0,BITEL
150728,17,0,0.0,0,0.0,7,CLARO
150729,15,8,53.33,8,57.14,7,MOVISTAR
150730,9,1,11.11,1,12.5,8,ENTEL
150731,66,16,24.24,16,25.0,39,MOVISTAR
150732,57,1,1.75,1,1.79,31,ENTEL
150801,28,0,0.0,0,0.0,11,ENTEL
150802,174,102,58.62,102,58.96,72,ENTEL
150803,3,0,0.0,0,0.0,0,BITEL
150804,19,0,0.0,0,0.0,15,MOVISTAR
150805,4,0,0.0,0,0.0,0,BITEL
150806,43,0,0.0,0,0.0,11,MOVISTAR
150807,44,5,11.36,5,12.2,39,CLARO
150808,52,2,3.85,2,4.17,50,CLARO
150809,106,44,41.51,44,42.72,62,MOVISTAR
150810,22,0,0.0,0,0.0,2,BITEL
150811,192,7,3.65,7,3.78,89,ENTEL
150812,90,0,0.0,0,0.0,18,BITEL
150901,270,98,36.3,98,37.12,146,MOVISTAR
150902,31,0,0.0,0,0.0,31,MOVISTAR
150903,24,4,16.67,4,17.39,20,CLARO
150904,28,10,35.71,10,37.04,18,BITEL
150905,23,3,13.04,3,13.64,20,MOVISTAR
150906,20,2,10.0,2,11.76,18,MOVISTAR
151001,56,4,7.14,4,7.55,36,CLARO
151002,25,5,20.0,5,20.83,20,MOVISTAR
151004,46,13,28.26,13,28.89,33,MOVISTAR
151005,96,5,5.21,5,5.26,91,MOVISTAR
151006,31,18,58.06,18,60.0,13,MOVISTAR
151007,23,4,17.39,4,18.18,19,MOVISTAR
151008,24,1,4.17,1,4.55,23,MOVISTAR
151009,40,7,17.5,7,17.95,33,MOVISTAR
151010,19,0,0.0,0,0.0,19,MOVISTAR
151011,71,8,11.27,8,11.76,63,MOVISTAR
151012,13,7,53.85,7,58.33,6,CLARO
151013,16,0,0.0,0,0.0,16,CLARO
151014,74,66,89.19,66,90.41,8,CLARO
151015,53,3,5.66,3,5.77,50,MOVISTAR
151016,48,30,62.5,30,65.22,18,MOVISTAR
151017,15,5,33.33,5,35.71,10,CLARO
151018,30,19,63.33,19,65.52,11,MOVISTAR
151019,74,38,51.35,38,52.05,36,MOVISTAR
151020,86,53,61.63,53,62.35,33,CLARO
151021,16,11,68.75,11,73.33,5,MOVISTAR
151022,40,5,12.5,5,13.16,35,MOVISTAR
151023,15,0,0.0,0,0.0,15,MOVISTAR
151024,70,9,12.86,9,13.04,61,MOVISTAR
151025,40,3,7.5,3,7.89,37,MOVISTAR
151026,29,7,24.14,7,25.0,22,MOVISTAR
151027,22,17,77.27,17,80.95,5,MOVISTAR
151028,11,6,54.55,6,60.0,5,MOVISTAR
151029,47,29,61.7,29,63.04,18,MOVISTAR
151030,9,0,0.0,0,0.0,9,MOVISTAR
151031,19,3,15.79,3,16.67,16,MOVISTAR
151032,70,10,14.29,10,14.93,60,CLARO
151033,12,10,83.33,10,90.91,2,CLARO
160101,23,9,39.13,9,42.86,9,MOVISTAR
160102,25,20,80.0,20,83.33,5,MOVISTAR
160103,129,47,36.43,47,36.72,70,MOVISTAR
160104,60,16,26.67,16,27.12,43,MOVISTAR
160105,76,33,43.42,33,44.59,43,MOVISTAR
160106,77,46,59.74,46,60.53,31,BITEL
160107,90,76,84.44,76,85.39,14,MOVISTAR
160108,60,20,33.33,20,33.9,21,MOVISTAR
160110,32,27,84.38,27,87.1,5,MOVISTAR
160112,69,12,17.39,12,17.65,33,BITEL
160113,90,17,18.89,17,20.48,50,MOVISTAR
160201,128,16,12.5,16,12.9,85,MOVISTAR
160202,105,62,59.05,62,59.62,43,MOVISTAR
160205,27,25,92.59,25,96.15,2,MOVISTAR
160206,55,20,36.36,20,37.74,34,MOVISTAR
160210,43,27,62.79,27,64.29,16,MOVISTAR
160211,34,15,44.12,15,50.0,18,MOVISTAR
160301,92,27,29.35,27,30.34,59,MOVISTAR
160302,29,11,37.93,11,40.74,18,MOVISTAR
160303,49,40,81.63,40,85.11,9,MOVISTAR
160304,42,30,71.43,30,73.17,12,MOVISTAR
160305,101,81,80.2,81,82.65,20,BITEL
160401,76,36,47.37,36,48.65,39,MOVISTAR
160402,76,50,65.79,50,66.67,26,MOVISTAR
160403,61,44,72.13,44,73.33,17,MOVISTAR
160404,42,25,59.52,25,60.98,17,CLARO
160501,48,31,64.58,31,65.96,14,MOVISTAR
160502,15,13,86.67,13,92.86,2,MOVISTAR
160503,14,9,64.29,9,69.23,5,CLARO
160504,32,18,56.25,18,62.07,14,MOVISTAR
160505,48,22,45.83,22,50.0,26,MOVISTAR
160506,20,6,30.0,6,33.33,14,MOVISTAR
160507,17,7,41.18,7,43.75,10,MOVISTAR
160508,7,6,85.71,6,100.0,1,ENTEL
160509,13,13,100.0,12,100.0,0,NINGUNO
160510,14,0,0.0,0,0.0,14,MOVISTAR
160511,19,17,89.47,17,94.44,2,MOVISTAR
160601,79,48,60.76,48,61.54,28,BITEL
160602,8,4,50.0,4,57.14,4,MOVISTAR
160603,24,17,70.83,17,80.95,7,MOVISTAR
160604,36,29,80.56,29,85.29,7,MOVISTAR
160605,68,34,50.0,34,53.97,34,MOVISTAR
160606,22,15,68.18,15,71.43,7,CLARO
160701,58,35,60.34,35,62.5,17,MOVISTAR
160702,59,43,72.88,43,74.14,16,MOVISTAR
160703,53,36,67.92,36,70.59,17,MOVISTAR
160704,79,77,97.47,77,100.0,2,MOVISTAR
160705,87,76,87.36,76,89.41,11,BITEL
160706,93,77,82.8,77,85.56,16,MOVISTAR
160801,29,27,93.1,27,96.43,2,CLARO
160802,9,9,100.0,8,100.0,0,NINGUNO
160803,37,35,94.59,35,97.22,2,MOVISTAR
160804,15,14,93.33,14,100.0,1,ENTEL
170101,68,24,35.29,24,36.92,20,MOVISTAR
170102,40,10,25.0,10,26.32,17,BITEL
170103,62,29,46.77,29,50.0,22,CLARO
170104,37,8,21.62,8,22.86,21,ENTEL
170201,27,11,40.74,11,42.31,11,MOVISTAR
170202,13,11,84.62,11,91.67,2,ENTEL
170203,35,9,25.71,9,27.27,25,BITEL
170204,31,0,0.0,0,0.0,9,MOVISTAR
170301,7,3,42.86,3,50.0,3,MOVISTAR
170302,23,7,30.43,7,33.33,14,MOVISTAR
170303,15,9,60.0,9,69.23,4,MOVISTAR
180101,58,0,0.0,0,0.0,9,MOVISTAR
180102,401,294,73.32,294,74.24,97,MOVISTAR
180103,15,0,0.0,0,0.0,15,CLARO
180104,30,0,0.0,0,0.0,0,BITEL
180105,49,28,57.14,28,62.22,21,MOVISTAR
180106,141,60,42.55,60,43.8,56,MOVISTAR
180107,55,0,0.0,0,0.0,21,MOVISTAR
180201,38,0,0.0,0,0.0,16,MOVISTAR
180202,96,57,59.38,57,60.64,39,MOVISTAR
180203,34,2,5.88,2,6.06,32,CLARO
180204,244,158,64.75,158,65.02,83,CLARO
180205,53,30,56.6,30,57.69,23,CLARO
180206,36,23,63.89,23,67.65,13,CLARO
180207,41,13,31.71,13,32.5,27,MOVISTAR
180208,44,11,25.0,11,29.73,33,CLARO
180209,29,5,17.24,5,17.86,24,MOVISTAR
180210,104,62,59.62,62,62.63,33,MOVISTAR
180211,24,15,62.5,15,65.22,9,CLARO
180301,7,0,0.0,0,0.0,0,BITEL
180302,39,10,25.64,10,26.32,27,BITEL
180303,9,3,33.33,3,37.5,2,CLARO
190101,7,0,0.0,0,0.0,2,CLARO
190102,91,50,54.95,50,56.82,40,MOVISTAR
190103,77,0,0.0,0,0.0,18,MOVISTAR
190104,311,95,30.55,95,30.74,167,BITEL
190105,113,50,44.25,50,45.05,48,BITEL
190106,47,0,0.0,0,0.0,30,MOVISTAR
190107,149,47,31.54,47,32.87,63,MOVISTAR
190108,92,5,5.43,5,5.62,72,CLARO
190109,257,90,35.02,90,36.0,126,MOVISTAR
190110,210,89,42.38,89,42.58,99,MOVISTAR
190111,33,1,3.03,1,3.45,14,CLARO
190112,65,0,0.0,0,0.0,17,ENTEL
190113,82,4,4.88,4,5.19,49,MOVISTAR
190201,467,162,34.69,162,35.37,283,MOVISTAR
190202,70,7,10.0,7,10.29,23,CLARO
190203,7,0,0.0,0,0.0,2,CLARO
190204,62,1,1.61,1,1.69,38,MOVISTAR
190205,70,4,5.71,4,5.8,40,MOVISTAR
190206,135,20,14.81,20,15.04,98,MOVISTAR
190207,57,0,0.0,0,0.0,22,MOVISTAR
190208,62,17,27.42,17,27.87,31,MOVISTAR
190301,73,13,17.81,13,18.06,45,BITEL
190302,41,19,46.34,19,48.72,16,BITEL
190303,89,37,41.57,37,43.53,49,CLARO
190304,86,10,11.63,10,11.76,76,MOVISTAR
190305,94,65,69.15,65,70.65,29,MOVISTAR
190306,139,58,41.73,58,42.03,78,MOVISTAR
190307,114,29,25.44,29,26.13,72,ENTEL
190308,77,8,10.39,8,10.81,57,MOVISTAR
200101,35,0,0.0,0,0.0,0,BITEL
200104,21,0,0.0,0,0.0,1,BITEL
200105,37,10,27.03,10,41.67,2,CLARO
200107,18,0,0.0,0,0.0,1,BITEL
200108,11,0,0.0,0,0.0,1,BITEL
200109,28,0,0.0,0,0.0,0,BITEL
200110,20,0,0.0,0,0.0,0,BITEL
200111,83,0,0.0,0,0.0,46,MOVISTAR
200114,187,0,0.0,0,0.0,15,MOVISTAR
200115,5,0,0.0,0,0.0,0,BITEL
200201,255,5,1.96,5,1.97,156,MOVISTAR
200202,154,0,0.0,0,0.0,122,BITEL
200203,21,0,0.0,0,0.0,8,MOVISTAR
200204,59,0,0.0,0,0.0,58,CLARO
200205,49,1,2.04,1,2.08,17,MOVISTAR
200206,140,0,0.0,0,0.0,105,MOVISTAR
200207,43,0,0.0,0,0.0,15,BITEL
200208,78,2,2.56,2,2.6,76,MOVISTAR
200209,25,0,0.0,0,0.0,15,CLARO
200210,111,2,1.8,2,1.89,76,MOVISTAR
200301,75,0,0.0,0,0.0,39,MOVISTAR
200302,66,2,3.03,2,3.17,60,MOVISTAR
200303,50,17,34.0,17,34.69,15,MOVISTAR
200304,351,34,9.69,34,9.71,264,ENTEL
200305,49,0,0.0,0,0.0,49,MOVISTAR
200306,46,4,8.7,4,9.52,37,BITEL
200307,29,0,0.0,0,0.0,10,MOVISTAR
200308,38,0,0.0,0,0.0,17,MOVISTAR
200401,90,1,1.11,1,1.28,31,MOVISTAR
200402,23,0,0.0,0,0.0,1,BITEL
200403,53,0,0.0,0,0.0,37,MOVISTAR
200404,34,9,26.47,9,28.12,10,BITEL
200405,28,0,0.0,0,0.0,0,BITEL
200406,23,0,0.0,0,0.0,8,BITEL
200407,36,0,0.0,0,0.0,17,MOVISTAR
200408,34,0,0.0,0,0.0,22,MOVISTAR
200409,52,1,1.92,1,1.96,44,BITEL
200410,63,0,0.0,0,0.0,38,MOVISTAR
200501,6,0,0.0,0,0.0,0,BITEL
200502,7,0,0.0,0,0.0,2,ENTEL
200503,4,0,0.0,0,0.0,0,BITEL
200504,9,0,0.0,0,0.0,3,BITEL
200505,14,0,0.0,0,0.0,0,BITEL
200506,4,0,0.0,0,0.0,1,BITEL
200507,9,0,0.0,0,0.0,3,CLARO
200601,51,0,0.0,0,0.0,8,MOVISTAR
200602,1,0,0.0,0,,0,BITEL
200603,25,0,0.0,0,0.0,16,BITEL
200604,167,61,36.53,61,36.75,101,MOVISTAR
200605,64,44,68.75,44,81.48,4,BITEL
200606,11,0,0.0,0,0.0,1,MOVISTAR
200607,22,1,4.55,1,8.33,3,BITEL
200608,9,0,0.0,0,0.0,0,BITEL
200701,16,6,37.5,6,50.0,3,BITEL
200702,2,0,0.0,0,,0,BITEL
200703,12,4,33.33,4,36.36,3,ENTEL
200704,2,0,0.0,0,0.0,2,CLARO
200705,12,0,0.0,0,0.0,2,ENTEL
200706,3,0,0.0,0,0.0,1,BITEL
200801,43,22,51.16,22,61.11,8,BITEL
200802,10,0,0.0,0,0.0,0,BITEL
200803,17,0,0.0,0,0.0,4,BITEL
200804,12,0,0.0,0,0.0,8,ENTEL
200805,11,1,9.09,1,14.29,0,BITEL
200806,8,0,0.0,0,0.0,2,BITEL
210101,238,37,15.55,37,15.81,65,CLARO
210102,246,72,29.27,72,29.63,128,BITEL
210103,24,0,0.0,0,0.0,19,BITEL
210104,64,0,0.0,0,0.0,44,BITEL
210105,87,4,4.6,4,4.71,34,BITEL
210106,51,2,3.92,2,4.0,38,MOVISTAR
210107,72,1,1.39,1,1.45,69,BITEL
210108,74,8,10.81,8,10.96,65,BITEL
210109,140,53,37.86,53,38.13,48,ENTEL
210110,97,0,0.0,0,0.0,52,BITEL
210111,120,57,47.5,56,47.46,57,MOVISTAR
210112,75,0,0.0,0,0.0,69,CLARO
210113,84,51,60.71,51,61.45,33,CLARO
210114,90,55,61.11,55,61.8,33,BITEL
210115,57,0,0.0,0,0.0,15,ENTEL
210201,162,24,14.81,24,14.91,119,ENTEL
210202,48,0,0.0,0,0.0,20,ENTEL
210203,83,2,2.41,2,2.44,58,CLARO
210204,160,4,2.5,4,2.53,128,CLARO
210205,31,0,0.0,0,0.0,0,BITEL
210206,47,1,2.13,1,2.17,20,MOVISTAR
210207,22,1,4.55,1,4.76,4,CLARO
210208,51,18,35.29,18,36.0,26,CLARO
210209,89,20,22.47,20,22.99,66,MOVISTAR
210210,44,0,0.0,0,0.0,2,CLARO
210211,85,7,8.24,7,8.43,58,BITEL
210212,87,10,11.49,10,11.76,77,ENTEL
210213,64,0,0.0,0,0.0,40,CLARO
210214,51,1,1.96,1,2.0,47,BITEL
210215,32,2,6.25,2,6.45,23,BITEL
210301,129,64,49.61,64,50.39,65,ENTEL
210302,137,78,56.93,78,57.35,59,MOVISTAR
210303,80,19,23.75,19,24.05,61,MOVISTAR
210304,106,66,62.26,66,62.86,40,MOVISTAR
210305,226,176,77.88,176,78.92,50,MOVISTAR
210306,315,79,25.08,79,25.16,215,MOVISTAR
210307,167,89,53.29,89,53.94,78,CLARO
210308,51,34,66.67,34,68.0,17,MOVISTAR
210309,88,49,55.68,49,56.32,32,BITEL
210310,141,100,70.92,99,71.74,41,MOVISTAR
210401,145,52,35.86,52,36.11,54,ENTEL
210402,38,3,7.89,3,8.11,28,MOVISTAR
210403,81,37,45.68,37,46.25,39,MOVISTAR
210404,85,20,23.53,20,23.81,65,MOVISTAR
210405,196,151,77.04,151,77.44,41,MOVISTAR
210406,65,8,12.31,8,12.9,6,ENTEL
210407,180,3,1.67,3,1.69,86,MOVISTAR
210501,245,29,11.84,29,11.98,84,BITEL
210502,56,49,87.5,49,89.09,7,CLARO
210503,67,0,0.0,0,0.0,37,BITEL
210504,87,63,72.41,63,74.12,23,MOVISTAR
210505,57,43,75.44,43,76.79,14,ENTEL
210601,143,4,2.8,4,2.84,103,ENTEL
210602,79,62,78.48,62,79.49,17,MOVISTAR
210603,47,2,4.26,2,4.35,29,ENTEL
210604,108,17,15.74,17,15.89,91,CLARO
210605,61,0,0.0,0,0.0,39,CLARO
210606,125,44,35.2,44,35.48,79,CLARO
210607,96,0,0.0,0,0.0,17,BITEL
210608,163,48,29.45,48,30.0,99,CLARO
210701,63,6,9.52,6,9.68,55,ENTEL
210702,110,4,3.64,4,3.67,63,MOVISTAR
210703,35,1,2.86,1,2.94,15,ENTEL
210704,29,1,3.45,1,3.7,25,ENTEL
210705,733,595,81.17,595,81.28,138,MOVISTAR
210706,34,12,35.29,12,36.36,22,CLARO
210707,15,8,53.33,8,61.54,7,MOVISTAR
210708,59,19,32.2,19,33.33,29,BITEL
210709,156,101,64.74,101,65.58,33,MOVISTAR
210710,48,41,85.42,41,87.23,7,ENTEL
210801,228,97,42.54,97,42.73,88,ENTEL
210802,131,64,48.85,64,49.61,66,CLARO
210803,101,28,27.72,28,28.0,73,MOVISTAR
210804,88,62,70.45,62,71.26,26,MOVISTAR
210805,168,11,6.55,11,6.63,149,MOVISTAR
210806,228,98,42.98,98,43.17,104,MOVISTAR
210807,176,22,12.5,22,12.57,146,BITEL
210808,86,23,26.74,23,27.38,33,MOVISTAR
210809,78,3,3.85,3,3.9,71,MOVISTAR
210901,179,18,10.06,18,10.29,117,MOVISTAR
210902,46,0,0.0,0,0.0,46,MOVISTAR
210903,40,19,47.5,19,50.0,19,MOVISTAR
210904,44,0,0.0,0,0.0,44,BITEL
211001,47,13,27.66,13,28.26,26,ENTEL
211002,123,58,47.15,58,48.74,41,ENTEL
211003,58,3,5.17,3,5.36,43,ENTEL
211004,37,19,51.35,19,52.78,18,BITEL
211005,40,26,65.0,26,66.67,14,MOVISTAR
211101,40,4,10.0,4,10.26,8,MOVISTAR
211102,101,0,0.0,0,0.0,45,ENTEL
211103,40,14,35.0,14,36.84,21,ENTEL
211104,107,0,0.0,0,0.0,46,BITEL
211105,16,0,0.0,0,0.0,2,BITEL
211201,52,15,28.85,15,29.41,13,MOVISTAR
211202,56,35,62.5,35,66.04,21,BITEL
211203,96,65,67.71,65,68.42,31,MOVISTAR
211204,36,6,16.67,6,17.14,30,MOVISTAR
211205,151,131,86.75,131,87.33,20,MOVISTAR
211206,42,16,38.1,16,39.02,26,MOVISTAR
211207,50,6,12.0,6,12.5,44,CLARO
211208,19,9,47.37,9,50.0,10,CLARO
211209,84,46,54.76,46,56.1,38,CLARO
211210,75,44,58.67,44,59.46,31,CLARO
211301,130,0,0.0,0,0.0,72,CLARO
211302,20,0,0.0,0,0.0,20,BITEL
211303,30,0,0.0,0,0.0,11,BITEL
211304,24,0,0.0,0,0.0,8,BITEL
211305,36,0,0.0,0,0.0,8,BITEL
211306,3,0,0.0,0,0.0,3,BITEL
211307,16,0,0.0,0,0.0,7,BITEL
220101,136,9,6.62,9,7.03,56,MOVISTAR
220102,6,0,0.0,0,0.0,1,BITEL
220103,9,0,0.0,0,0.0,1,BITEL
220104,72,11,15.28,11,16.18,40,MOVISTAR
220105,66,16,24.24,16,25.0,40,MOVISTAR
220106,7,0,0.0,0,0.0,0,BITEL
220201,59,2,3.39,2,3.85,33,BITEL
220202,58,28,48.28,28,51.85,30,MOVISTAR
220203,84,32,38.1,32,39.51,42,MOVISTAR
220204,88,26,29.55,26,29.89,41,ENTEL
220205,82,1,1.22,1,1.32,45,MOVISTAR
220206,51,0,0.0,0,0.0,15,BITEL
220301,34,0,0.0,0,0.0,7,ENTEL
220302,30,0,0.0,0,0.0,26,MOVISTAR
220303,51,8,15.69,8,16.0,36,MOVISTAR
220304,45,1,2.22,1,2.38,19,MOVISTAR
220305,15,0,0.0,0,0.0,7,ENTEL
220401,67,24,35.82,24,36.92,28,MOVISTAR
220402,37,20,54.05,20,58.82,17,MOVISTAR
220403,54,17,31.48,17,32.08,21,MOVISTAR
220404,33,9,27.27,9,28.12,14,MOVISTAR
220405,46,0,0.0,0,0.0,31,MOVISTAR
220406,22,0,0.0,0,0.0,8,MOVISTAR
220501,23,1,4.35,1,5.0,10,ENTEL
220502,60,3,5.0,3,5.36,22,MOVISTAR
220503,33,9,27.27,9,30.0,24,MOVISTAR
220504,37,1,2.7,1,3.12,24,MOVISTAR
220505,19,2,10.53,2,12.5,13,MOVISTAR
220506,46,4,8.7,4,9.09,24,ENTEL
220507,31,0,0.0,0,0.0,12,CLARO
220508,6,0,0.0,0,0.0,4,ENTEL
220509,23,0,0.0,0,0.0,8,BITEL
220510,69,6,8.7,6,8.96,32,ENTEL
220511,25,3,12.0,3,13.64,14,MOVISTAR
220601,103,16,15.53,16,15.84,45,BITEL
220602,85,21,24.71,21,25.0,53,BITEL
220603,41,26,63.41,26,65.0,14,MOVISTAR
220604,64,25,39.06,25,41.67,31,MOVISTAR
220605,82,5,6.1,5,6.17,45,MOVISTAR
220701,86,1,1.16,1,1.2,13,CLARO
220702,47,16,34.04,16,35.56,27,MOVISTAR
220703,25,2,8.0,2,8.33,20,ENTEL
220704,14,0,0.0,0,0.0,9,MOVISTAR
220705,33,3,9.09,3,10.34,6,MOVISTAR
220706,19,0,0.0,0,0.0,2,BITEL
220707,32,1,3.12,1,3.23,12,MOVISTAR
220708,47,13,27.66,13,28.89,33,MOVISTAR
220709,92,7,7.61,7,7.95,48,MOVISTAR
220710,43,11,25.58,11,26.19,31,MOVISTAR
220801,27,1,3.7,1,4.0,11,MOVISTAR
220802,20,1,5.0,1,5.56,7,MOVISTAR
220803,13,0,0.0,0,0.0,8,BITEL
220804,55,5,9.09,5,10.64,29,MOVISTAR
220805,53,16,30.19,16,33.33,23,MOVISTAR
220806,7,0,0.0,0,0.0,1,BITEL
220807,11,0,0.0,0,0.0,8,MOVISTAR
220808,11,0,0.0,0,0.0,3,BITEL
220809,9,0,0.0,0,0.0,1,BITEL
220901,12,0,0.0,0,0.0,0,BITEL
220902,25,0,0.0,0,0.0,0,BITEL
220903,44,0,0.0,0,0.0,0,BITEL
220904,69,15,21.74,15,23.08,34,MOVISTAR
220905,28,2,7.14,2,7.69,26,MOVISTAR
220906,27,7,25.93,7,28.0,20,MOVISTAR
220907,19,7,36.84,7,43.75,12,MOVISTAR
220908,37,0,0.0,0,0.0,3,ENTEL
220909,33,6,18.18,6,20.0,6,BITEL
220910,37,0,0.0,0,0.0,1,BITEL
220911,12,2,16.67,2,18.18,10,MOVISTAR
220912,14,0,0.0,0,0.0,1,BITEL
220913,41,0,0.0,0,0.0,21,MOVISTAR
220914,16,0,0.0,0,0.0,12,ENTEL
221001,78,10,12.82,10,13.33,40,BITEL
221002,54,12,22.22,12,23.08,31,BITEL
221003,85,7,8.24,7,8.54,75,BITEL
221004,21,9,42.86,9,45.0,12,MOVISTAR
221005,73,3,4.11,3,4.29,21,BITEL
221006,17,0,0.0,0,0.0,5,MOVISTAR
230101,18,1,5.56,1,6.25,1,ENTEL
230102,10,1,10.0,1,12.5,1,BITEL
230103,48,0,0.0,0,0.0,0,BITEL
230104,16,0,0.0,0,0.0,0,BITEL
230105,34,16,47.06,16,50.0,3,BITEL
230106,26,8,30.77,8,36.36,16,BITEL
230107,102,54,52.94,54,54.0,48,MOVISTAR
230108,13,0,0.0,0,0.0,0,BITEL
230109,36,5,13.89,5,16.67,9,BITEL
230110,33,2,6.06,2,6.25,10,BITEL
230111,74,0,0.0,0,0.0,26,CLARO
230201,113,56,49.56,56,51.38,44,MOVISTAR
230202,24,13,54.17,13,65.0,5,BITEL
230203,43,18,41.86,18,47.37,8,BITEL
230204,6,0,0.0,0,0.0,6,CLARO
230205,12,0,0.0,0,0.0,12,MOVISTAR
230206,16,0,0.0,0,0.0,1,BITEL
230301,31,3,9.68,3,10.34,17,ENTEL
230302,42,3,7.14,3,8.11,19,MOVISTAR
230303,21,1,4.76,1,5.88,19,CLARO
230401,144,116,80.56,116,81.12,10,ENTEL
230402,15,2,13.33,2,14.29,13,MOVISTAR
230403,7,5,71.43,5,100.0,2,BITEL
230404,14,2,14.29,2,15.38,11,ENTEL
230405,6,0,0.0,0,0.0,6,BITEL
230406,76,70,92.11,70,94.59,6,BITEL
230407,16,10,62.5,10,66.67,5,BITEL
230408,42,33,78.57,33,80.49,8,ENTEL
240101,14,0,0.0,0,0.0,0,BITEL
240102,11,0,0.0,0,0.0,0,BITEL
240103,6,0,0.0,0,0.0,2,BITEL
240104,21,2,9.52,2,10.53,5,BITEL
240105,28,5,17.86,5,25.0,12,CLARO
240106,8,2,25.0,2,50.0,1,BITEL
240201,29,4,13.79,4,16.67,14,ENTEL
240202,30,11,36.67,11,37.93,19,CLARO
240203,24,9,37.5,9,40.91,4,BITEL
240301,3,0,0.0,0,0.0,0,BITEL
240302,7,0,0.0,0,0.0,0,BITEL
240303,9,1,11.11,1,16.67,8,BITEL
240304,14,0,0.0,0,0.0,3,BITEL
250101,122,88,72.13,88,72.73,27,BITEL
250102,95,13,13.68,13,13.98,62,BITEL
250103,70,49,70.0,49,71.01,21,MOVISTAR
250104,90,56,62.22,55,63.22,29,MOVISTAR
250105,71,15,21.13,15,22.73,34,CLARO
250106,32,14,43.75,14,45.16,12,MOVISTAR
250107,25,4,16.0,4,16.67,16,BITEL
250201,193,130,67.36,130,68.42,44,MOVISTAR
250202,55,22,40.0,22,40.74,33,MOVISTAR
250203,71,60,84.51,60,85.71,11,MOVISTAR
250204,29,25,86.21,25,89.29,4,MOVISTAR
250301,57,18,31.58,18,33.33,30,BITEL
250302,68,17,25.0,17,25.76,44,BITEL
250303,40,12,30.0,12,30.77,20,MOVISTAR
250304,29,4,13.79,4,14.29,20,MOVISTAR
250305,14,0,0.0,0,0.0,6,BITEL
250306,31,9,29.03,9,30.0,14,BITEL
250307,22,6,27.27,6,30.0,10,BITEL
250401,55,52,94.55,52,96.3,3,MOVISTAR
