UBIGEO,total_establecimientos_salud_pronatel,establecimientos_operativos,establecimientos_no_operativos,pct_establecimientos_operativos
010101,2,0,2,0.00%
010102,1,0,1,0.00%
010103,1,0,1,0.00%
010104,1,0,1,0.00%
010105,3,0,3,0.00%
010106,1,0,1,0.00%
010107,1,0,1,0.00%
010108,1,0,1,0.00%
010109,5,0,5,0.00%
010110,1,0,1,0.00%
010111,1,0,1,0.00%
010112,1,0,1,0.00%
010113,2,0,2,0.00%
010114,1,0,1,0.00%
010115,1,0,1,0.00%
010116,2,0,2,0.00%
010117,2,0,2,0.00%
010118,1,0,1,0.00%
010119,1,0,1,0.00%
010120,2,0,2,0.00%
010121,1,0,1,0.00%
010201,5,0,5,0.00%
010202,7,0,7,0.00%
010203,5,0,5,0.00%
010204,2,0,2,0.00%
010205,4,0,4,0.00%
010206,6,0,6,0.00%
010302,1,0,1,0.00%
010303,1,0,1,0.00%
010305,2,0,2,0.00%
010306,2,0,2,0.00%
010307,1,0,1,0.00%
010308,1,0,1,0.00%
010309,1,0,1,0.00%
010310,1,0,1,0.00%
010311,4,0,4,0.00%
010312,2,0,2,0.00%
010401,10,0,10,0.00%
010502,4,0,4,0.00%
010503,1,0,1,0.00%
010504,4,0,4,0.00%
010505,1,0,1,0.00%
010506,1,0,1,0.00%
010507,2,0,2,0.00%
010508,2,0,2,0.00%
010509,4,0,4,0.00%
010510,1,0,1,0.00%
010511,1,0,1,0.00%
010512,4,0,4,0.00%
010513,4,0,4,0.00%
010514,1,0,1,0.00%
010515,1,0,1,0.00%
010516,1,0,1,0.00%
010517,1,0,1,0.00%
010519,1,0,1,0.00%
010520,2,0,2,0.00%
010521,3,0,3,0.00%
010522,2,0,2,0.00%
010523,2,0,2,0.00%
010602,1,0,1,0.00%
010603,1,0,1,0.00%
010604,3,0,3,0.00%
010605,1,0,1,0.00%
010606,1,0,1,0.00%
010607,1,0,1,0.00%
010608,1,0,1,0.00%
010609,2,0,2,0.00%
010610,1,0,1,0.00%
010611,1,0,1,0.00%
010701,18,0,18,0.00%
010702,25,0,25,0.00%
010703,4,0,4,0.00%
010704,7,0,7,0.00%
010705,10,0,10,0.00%
010706,8,0,8,0.00%
010707,3,0,3,0.00%
020101,2,0,2,0.00%
020102,3,0,3,0.00%
020103,1,0,1,0.00%
020104,2,0,2,0.00%
020105,10,0,10,0.00%
020106,2,0,2,0.00%
020107,1,0,1,0.00%
020108,2,0,2,0.00%
020109,1,0,1,0.00%
020110,2,0,2,0.00%
020111,2,0,2,0.00%
020112,4,0,4,0.00%
020202,2,0,2,0.00%
020203,1,0,1,0.00%
020204,2,0,2,0.00%
020205,1,0,1,0.00%
020302,2,0,2,0.00%
020303,1,0,1,0.00%
020304,1,0,1,0.00%
020305,4,0,4,0.00%
020306,2,0,2,0.00%
020402,2,0,2,0.00%
020502,1,0,1,0.00%
020504,1,0,1,0.00%
020505,2,0,2,0.00%
020506,1,0,1,0.00%
020507,1,0,1,0.00%
020508,1,0,1,0.00%
020509,1,0,1,0.00%
020510,1,0,1,0.00%
020511,1,0,1,0.00%
020512,1,0,1,0.00%
020513,1,0,1,0.00%
020514,1,0,1,0.00%
020515,1,0,1,0.00%
020601,5,0,5,0.00%
020605,1,0,1,0.00%
020606,4,0,4,0.00%
020611,4,0,4,0.00%
020701,4,0,4,0.00%
020702,2,0,2,0.00%
020703,5,0,5,0.00%
020802,3,0,3,0.00%
020803,2,0,2,0.00%
020804,2,0,2,0.00%
020902,1,0,1,0.00%
020903,1,0,1,0.00%
020904,2,0,2,0.00%
020907,1,0,1,0.00%
021001,4,0,4,0.00%
021002,1,0,1,0.00%
021003,2,0,2,0.00%
021004,3,0,3,0.00%
021005,1,0,1,0.00%
021006,2,0,2,0.00%
021007,2,0,2,0.00%
021008,2,0,2,0.00%
021009,2,0,2,0.00%
021010,2,0,2,0.00%
021011,3,0,3,0.00%
021012,1,0,1,0.00%
021013,1,0,1,0.00%
021014,3,0,3,0.00%
021015,2,0,2,0.00%
021016,1,0,1,0.00%
021101,2,0,2,0.00%
021102,1,0,1,0.00%
021103,2,0,2,0.00%
021104,1,0,1,0.00%
021105,1,0,1,0.00%
021201,3,0,3,0.00%
021203,1,0,1,0.00%
021204,1,0,1,0.00%
021206,8,0,8,0.00%
021207,5,0,5,0.00%
021208,2,0,2,0.00%
021209,2,0,2,0.00%
021210,1,0,1,0.00%
021301,1,0,1,0.00%
021302,2,0,2,0.00%
021303,2,0,2,0.00%
021304,2,0,2,0.00%
021305,1,0,1,0.00%
021306,4,0,4,0.00%
021307,3,0,3,0.00%
021308,1,0,1,0.00%
021402,1,0,1,0.00%
021403,1,0,1,0.00%
021404,1,0,1,0.00%
021405,1,0,1,0.00%
021406,1,0,1,0.00%
021407,1,0,1,0.00%
021408,1,0,1,0.00%
021409,1,0,1,0.00%
021410,1,0,1,0.00%
021502,1,0,1,0.00%
021503,1,0,1,0.00%
021504,1,0,1,0.00%
021505,1,0,1,0.00%
021506,1,0,1,0.00%
021507,1,0,1,0.00%
021508,1,0,1,0.00%
021509,2,0,2,0.00%
021510,1,0,1,0.00%
021511,2,0,2,0.00%
021601,1,0,1,0.00%
021602,3,0,3,0.00%
021603,4,0,4,0.00%
021604,2,0,2,0.00%
021701,1,0,1,0.00%
021703,1,0,1,0.00%
021704,1,0,1,0.00%
021705,1,0,1,0.00%
021706,1,0,1,0.00%
021707,2,0,2,0.00%
021708,1,0,1,0.00%
021709,1,0,1,0.00%
021801,9,0,9,0.00%
021802,3,0,3,0.00%
021804,1,0,1,0.00%
021805,2,0,2,0.00%
021807,2,0,2,0.00%
021808,1,0,1,0.00%
021901,1,0,1,0.00%
021902,1,0,1,0.00%
021903,1,0,1,0.00%
021904,2,0,2,0.00%
021905,1,0,1,0.00%
021906,2,0,2,0.00%
021907,2,0,2,0.00%
021909,3,0,3,0.00%
021910,2,0,2,0.00%
022001,6,0,6,0.00%
022003,1,0,1,0.00%
022004,1,0,1,0.00%
022005,3,0,3,0.00%
022008,6,0,6,0.00%
030101,3,3,0,100.00%
030102,2,2,0,100.00%
030103,1,1,0,100.00%
030104,7,7,0,100.00%
030105,2,2,0,100.00%
030106,1,1,0,100.00%
030107,7,7,0,100.00%
030108,1,1,0,100.00%
030109,2,2,0,100.00%
030201,4,4,0,100.00%
030202,7,7,0,100.00%
030203,1,1,0,100.00%
030204,9,9,0,100.00%
030205,4,4,0,100.00%
030206,1,1,0,100.00%
030207,2,2,0,100.00%
030208,7,7,0,100.00%
030209,5,5,0,100.00%
030210,1,1,0,100.00%
030211,1,1,0,100.00%
030212,3,3,0,100.00%
030213,7,7,0,100.00%
030214,1,1,0,100.00%
030215,7,7,0,100.00%
030216,4,4,0,100.00%
030217,1,1,0,100.00%
030218,4,4,0,100.00%
030219,2,2,0,100.00%
030220,2,2,0,100.00%
030302,1,1,0,100.00%
030303,2,2,0,100.00%
030304,3,3,0,100.00%
030305,1,1,0,100.00%
030306,2,2,0,100.00%
030307,2,2,0,100.00%
030401,2,2,0,100.00%
030402,3,3,0,100.00%
030403,1,1,0,100.00%
030404,4,4,0,100.00%
030405,1,1,0,100.00%
030406,2,2,0,100.00%
030407,1,1,0,100.00%
030408,2,2,0,100.00%
030409,2,2,0,100.00%
030410,4,4,0,100.00%
030411,1,1,0,100.00%
030412,1,1,0,100.00%
030413,2,2,0,100.00%
030414,3,3,0,100.00%
030415,4,4,0,100.00%
030416,3,3,0,100.00%
030417,2,2,0,100.00%
030501,1,1,0,100.00%
030502,3,3,0,100.00%
030503,3,3,0,100.00%
030504,7,7,0,100.00%
030505,3,3,0,100.00%
030506,2,2,0,100.00%
030601,3,3,0,100.00%
030602,4,4,0,100.00%
030603,1,1,0,100.00%
030604,3,3,0,100.00%
030605,5,5,0,100.00%
030606,3,3,0,100.00%
030607,2,2,0,100.00%
030608,6,6,0,100.00%
030609,3,3,0,100.00%
030610,2,2,0,100.00%
030701,2,2,0,100.00%
030702,4,4,0,100.00%
030703,4,4,0,100.00%
030704,4,4,0,100.00%
030705,1,1,0,100.00%
030706,1,1,0,100.00%
030707,1,1,0,100.00%
030708,1,1,0,100.00%
030709,1,1,0,100.00%
030710,2,2,0,100.00%
030711,1,1,0,100.00%
030712,1,1,0,100.00%
030713,1,1,0,100.00%
030714,2,2,0,100.00%
040106,2,0,2,0.00%
040108,7,0,7,0.00%
040111,2,0,2,0.00%
040113,2,0,2,0.00%
040114,1,0,1,0.00%
040118,1,0,1,0.00%
040119,1,0,1,0.00%
040120,2,0,2,0.00%
040123,1,0,1,0.00%
040125,1,0,1,0.00%
040127,1,0,1,0.00%
040128,2,0,2,0.00%
040202,3,0,3,0.00%
040203,2,0,2,0.00%
040204,2,0,2,0.00%
040205,2,0,2,0.00%
040206,2,0,2,0.00%
040207,1,0,1,0.00%
040208,4,0,4,0.00%
040304,2,0,2,0.00%
040306,1,0,1,0.00%
040308,2,0,2,0.00%
040309,1,0,1,0.00%
040310,1,0,1,0.00%
040311,1,0,1,0.00%
040312,1,0,1,0.00%
040313,1,0,1,0.00%
040401,5,0,5,0.00%
040402,2,0,2,0.00%
040403,1,0,1,0.00%
040404,1,0,1,0.00%
040405,2,0,2,0.00%
040406,1,0,1,0.00%
040407,1,0,1,0.00%
040408,1,0,1,0.00%
040410,2,0,2,0.00%
040411,2,0,2,0.00%
040412,1,0,1,0.00%
040413,3,0,3,0.00%
040414,1,0,1,0.00%
040501,1,0,1,0.00%
040502,1,0,1,0.00%
040503,2,0,2,0.00%
040504,1,0,1,0.00%
040505,1,0,1,0.00%
040506,1,0,1,0.00%
040507,1,0,1,0.00%
040508,1,0,1,0.00%
040509,1,0,1,0.00%
040510,1,0,1,0.00%
040511,2,0,2,0.00%
040512,1,0,1,0.00%
040513,1,0,1,0.00%
040514,1,0,1,0.00%
040515,1,0,1,0.00%
040516,1,0,1,0.00%
040517,1,0,1,0.00%
040518,1,0,1,0.00%
040519,1,0,1,0.00%
040520,4,0,4,0.00%
040602,1,0,1,0.00%
040603,1,0,1,0.00%
040604,2,0,2,0.00%
040605,1,0,1,0.00%
040606,2,0,2,0.00%
040607,1,0,1,0.00%
040608,1,0,1,0.00%
040701,1,0,1,0.00%
040702,3,0,3,0.00%
040703,1,0,1,0.00%
040802,1,0,1,0.00%
040803,1,0,1,0.00%
040804,1,0,1,0.00%
040805,1,0,1,0.00%
040806,1,0,1,0.00%
040807,1,0,1,0.00%
040808,1,0,1,0.00%
040809,1,0,1,0.00%
040810,1,0,1,0.00%
040811,1,0,1,0.00%
050101,1,1,0,100.00%
050102,5,5,0,100.00%
050103,2,2,0,100.00%
050105,4,4,0,100.00%
050106,5,5,0,100.00%
050107,1,1,0,100.00%
050108,2,2,0,100.00%
050109,2,2,0,100.00%
050111,4,4,0,100.00%
050112,5,5,0,100.00%
050113,4,4,0,100.00%
050114,6,6,0,100.00%
050201,5,5,0,100.00%
050202,6,6,0,100.00%
050203,3,3,0,100.00%
050204,1,1,0,100.00%
050205,1,1,0,100.00%
050206,2,2,0,100.00%
050302,2,2,0,100.00%
050303,2,2,0,100.00%
050304,3,3,0,100.00%
050401,5,5,0,100.00%
050402,4,4,0,100.00%
050403,3,3,0,100.00%
050404,1,1,0,100.00%
050405,1,1,0,100.00%
050406,3,3,0,100.00%
050407,5,5,0,100.00%
050408,9,9,0,100.00%
050409,1,1,0,100.00%
050501,2,2,0,100.00%
050502,4,4,0,100.00%
050503,2,2,0,100.00%
050504,2,2,0,100.00%
050505,2,2,0,100.00%
050506,1,1,0,100.00%
050507,5,5,0,100.00%
050508,4,4,0,100.00%
050509,2,2,0,100.00%
050510,1,1,0,100.00%
050601,2,2,0,100.00%
050602,1,1,0,100.00%
050603,2,2,0,100.00%
050604,1,1,0,100.00%
050605,1,1,0,100.00%
050606,2,2,0,100.00%
050607,1,1,0,100.00%
050608,2,2,0,100.00%
050609,1,1,0,100.00%
050610,3,3,0,100.00%
050611,2,2,0,100.00%
050612,1,1,0,100.00%
050613,2,2,0,100.00%
050614,1,1,0,100.00%
050617,2,2,0,100.00%
050618,1,1,0,100.00%
050619,1,1,0,100.00%
050620,1,1,0,100.00%
050621,1,1,0,100.00%
050701,3,3,0,100.00%
050702,4,4,0,100.00%
050703,1,1,0,100.00%
050704,1,1,0,100.00%
050705,2,2,0,100.00%
050706,3,3,0,100.00%
050708,1,1,0,100.00%
050802,1,1,0,100.00%
050803,1,1,0,100.00%
050804,2,2,0,100.00%
050805,1,1,0,100.00%
050806,1,1,0,100.00%
050807,1,1,0,100.00%
050808,1,1,0,100.00%
050809,1,1,0,100.00%
050810,1,1,0,100.00%
050901,1,1,0,100.00%
050902,1,1,0,100.00%
050903,1,1,0,100.00%
050904,1,1,0,100.00%
050905,1,1,0,100.00%
050906,2,2,0,100.00%
050907,2,2,0,100.00%
050908,1,1,0,100.00%
050909,2,2,0,100.00%
050910,3,3,0,100.00%
050911,1,1,0,100.00%
051002,3,3,0,100.00%
051003,1,1,0,100.00%
051004,3,3,0,100.00%
051005,2,2,0,100.00%
051006,1,1,0,100.00%
051007,2,2,0,100.00%
051008,1,1,0,100.00%
051009,3,3,0,100.00%
051010,2,2,0,100.00%
051011,3,3,0,100.00%
051012,2,2,0,100.00%
051101,4,4,0,100.00%
051102,3,3,0,100.00%
051104,1,1,0,100.00%
051105,2,2,0,100.00%
051106,1,1,0,100.00%
051108,6,6,0,100.00%
060101,10,0,10,0.00%
060102,2,0,2,0.00%
060103,1,0,1,0.00%
060105,8,0,8,0.00%
060106,3,0,3,0.00%
060107,2,0,2,0.00%
060108,2,0,2,0.00%
060109,2,0,2,0.00%
060111,3,0,3,0.00%
060201,2,0,2,0.00%
060202,6,0,6,0.00%
060203,3,0,3,0.00%
060204,3,0,3,0.00%
060301,1,0,1,0.00%
060302,1,0,1,0.00%
060303,4,0,4,0.00%
060304,7,0,7,0.00%
060305,1,0,1,0.00%
060306,1,0,1,0.00%
060307,3,0,3,0.00%
060308,1,0,1,0.00%
060309,7,0,7,0.00%
060310,3,0,3,0.00%
060311,1,0,1,0.00%
060312,3,0,3,0.00%
060401,19,0,19,0.00%
060402,4,0,4,0.00%
060403,5,0,5,0.00%
060404,4,0,4,0.00%
060405,3,0,3,0.00%
060406,2,0,2,0.00%
060407,4,0,4,0.00%
060408,6,0,6,0.00%
060409,8,0,8,0.00%
060410,11,0,11,0.00%
060411,5,0,5,0.00%
060412,1,0,1,0.00%
060413,6,0,6,0.00%
060414,3,0,3,0.00%
060415,7,0,7,0.00%
060416,3,0,3,0.00%
060417,14,0,14,0.00%
060419,11,0,11,0.00%
060502,1,0,1,0.00%
060503,1,0,1,0.00%
060504,2,0,2,0.00%
060505,2,0,2,0.00%
060506,1,0,1,0.00%
060507,1,0,1,0.00%
060601,43,0,43,0.00%
060602,13,0,13,0.00%
060603,3,0,3,0.00%
060604,3,0,3,0.00%
060605,5,0,5,0.00%
060606,5,0,5,0.00%
060607,19,0,19,0.00%
060608,1,0,1,0.00%
060609,2,0,2,0.00%
060610,2,0,2,0.00%
060611,4,0,4,0.00%
060612,8,0,8,0.00%
060613,7,0,7,0.00%
060614,13,0,13,0.00%
060615,2,0,2,0.00%
060701,27,0,27,0.00%
060702,4,0,4,0.00%
060703,9,0,9,0.00%
060801,8,0,8,0.00%
060802,8,0,8,0.00%
060803,2,0,2,0.00%
060804,3,0,3,0.00%
060805,6,0,6,0.00%
060806,2,0,2,0.00%
060807,1,0,1,0.00%
060808,1,0,1,0.00%
060809,1,0,1,0.00%
060810,1,0,1,0.00%
060811,5,0,5,0.00%
060812,6,0,6,0.00%
060901,13,0,13,0.00%
060902,5,0,5,0.00%
060903,10,0,10,0.00%
060904,13,0,13,0.00%
060905,4,0,4,0.00%
060906,12,0,12,0.00%
060907,3,0,3,0.00%
061001,3,0,3,0.00%
061002,3,0,3,0.00%
061003,1,0,1,0.00%
061004,4,0,4,0.00%
061007,1,0,1,0.00%
061101,3,0,3,0.00%
061102,2,0,2,0.00%
061103,1,0,1,0.00%
061104,1,0,1,0.00%
061105,2,0,2,0.00%
061106,1,0,1,0.00%
061107,5,0,5,0.00%
061108,1,0,1,0.00%
061109,2,0,2,0.00%
061110,3,0,3,0.00%
061111,5,0,5,0.00%
061112,2,0,2,0.00%
061113,2,0,2,0.00%
061201,3,0,3,0.00%
061202,3,0,3,0.00%
061203,2,0,2,0.00%
061204,1,0,1,0.00%
061301,2,0,2,0.00%
061302,1,0,1,0.00%
061303,6,0,6,0.00%
061304,4,0,4,0.00%
061305,2,0,2,0.00%
061306,3,0,3,0.00%
061307,3,0,3,0.00%
061308,2,0,2,0.00%
061310,3,0,3,0.00%
061311,3,0,3,0.00%
080102,1,1,0,100.00%
080104,1,1,0,100.00%
080202,1,1,0,100.00%
080203,1,1,0,100.00%
080205,3,3,0,100.00%
080206,1,1,0,100.00%
080207,1,1,0,100.00%
080301,2,2,0,100.00%
080302,1,1,0,100.00%
080305,1,1,0,100.00%
080306,2,2,0,100.00%
080307,1,1,0,100.00%
080401,2,2,0,100.00%
080402,2,2,0,100.00%
080403,2,2,0,100.00%
080404,1,1,0,100.00%
080405,3,3,0,100.00%
080406,1,1,0,100.00%
080407,2,2,0,100.00%
080408,1,1,0,100.00%
080501,1,1,0,100.00%
080502,1,1,0,100.00%
080503,1,1,0,100.00%
080504,1,1,0,100.00%
080505,1,1,0,100.00%
080507,2,2,0,100.00%
080508,1,1,0,100.00%
080601,1,1,0,100.00%
080603,2,2,0,100.00%
080604,1,1,0,100.00%
080605,1,1,0,100.00%
080701,7,7,0,100.00%
080702,2,2,0,100.00%
080703,4,4,0,100.00%
080704,4,4,0,100.00%
080705,2,2,0,100.00%
080706,2,2,0,100.00%
080707,1,1,0,100.00%
080708,1,1,0,100.00%
080801,1,1,0,100.00%
080802,1,1,0,100.00%
080803,1,1,0,100.00%
080804,1,1,0,100.00%
080805,1,1,0,100.00%
080806,2,2,0,100.00%
080808,1,1,0,100.00%
080901,4,4,0,100.00%
080902,5,5,0,100.00%
080903,2,2,0,100.00%
080904,3,3,0,100.00%
080905,2,2,0,100.00%
080906,4,4,0,100.00%
080907,8,8,0,100.00%
080908,1,1,0,100.00%
080909,1,1,0,100.00%
080910,7,7,0,100.00%
080912,1,1,0,100.00%
080913,1,1,0,100.00%
081002,1,1,0,100.00%
081003,2,2,0,100.00%
081004,1,1,0,100.00%
081005,1,1,0,100.00%
081006,3,3,0,100.00%
081007,1,1,0,100.00%
081008,1,1,0,100.00%
081009,1,1,0,100.00%
081102,1,1,0,100.00%
081103,1,1,0,100.00%
081104,3,3,0,100.00%
081105,1,1,0,100.00%
081106,2,2,0,100.00%
081203,1,1,0,100.00%
081204,1,1,0,100.00%
081205,2,2,0,100.00%
081207,1,1,0,100.00%
081208,1,1,0,100.00%
081209,1,1,0,100.00%
081210,2,2,0,100.00%
081212,2,2,0,100.00%
081301,1,1,0,100.00%
081302,1,1,0,100.00%
081303,1,1,0,100.00%
081305,1,1,0,100.00%
090101,4,4,0,100.00%
090102,2,2,0,100.00%
090103,16,16,0,100.00%
090105,3,3,0,100.00%
090106,1,1,0,100.00%
090107,1,1,0,100.00%
090108,1,1,0,100.00%
090109,1,1,0,100.00%
090110,3,3,0,100.00%
090111,1,1,0,100.00%
090112,2,2,0,100.00%
090113,2,2,0,100.00%
090114,4,4,0,100.00%
090115,1,1,0,100.00%
090116,3,3,0,100.00%
090117,18,18,0,100.00%
090119,3,3,0,100.00%
090201,2,2,0,100.00%
090202,4,4,0,100.00%
090203,7,7,0,100.00%
090204,3,3,0,100.00%
090205,2,2,0,100.00%
090206,7,7,0,100.00%
090207,5,5,0,100.00%
090208,8,8,0,100.00%
090301,9,9,0,100.00%
090302,7,7,0,100.00%
090303,1,1,0,100.00%
090304,2,2,0,100.00%
090306,4,4,0,100.00%
090307,2,2,0,100.00%
090308,1,1,0,100.00%
090309,1,1,0,100.00%
090311,3,3,0,100.00%
090312,1,1,0,100.00%
090402,2,2,0,100.00%
090403,1,1,0,100.00%
090404,1,1,0,100.00%
090405,1,1,0,100.00%
090406,1,1,0,100.00%
090407,3,3,0,100.00%
090408,1,1,0,100.00%
090409,1,1,0,100.00%
090410,1,1,0,100.00%
090411,1,1,0,100.00%
090412,1,1,0,100.00%
090413,1,1,0,100.00%
090502,4,4,0,100.00%
090503,1,1,0,100.00%
090504,2,2,0,100.00%
090506,2,2,0,100.00%
090507,5,5,0,100.00%
090508,1,1,0,100.00%
090509,1,1,0,100.00%
090510,4,4,0,100.00%
090511,2,2,0,100.00%
090602,1,1,0,100.00%
090603,1,1,0,100.00%
090604,1,1,0,100.00%
090605,1,1,0,100.00%
090606,3,3,0,100.00%
090607,1,1,0,100.00%
090608,1,1,0,100.00%
090609,1,1,0,100.00%
090610,1,1,0,100.00%
090611,1,1,0,100.00%
090612,1,1,0,100.00%
090613,4,4,0,100.00%
090614,1,1,0,100.00%
090615,2,2,0,100.00%
090616,1,1,0,100.00%
090701,3,3,0,100.00%
090702,2,2,0,100.00%
090703,2,2,0,100.00%
090704,3,3,0,100.00%
090705,4,4,0,100.00%
090706,3,3,0,100.00%
090707,2,2,0,100.00%
090709,7,7,0,100.00%
090710,1,1,0,100.00%
090711,2,2,0,100.00%
090713,1,1,0,100.00%
090714,4,4,0,100.00%
090715,4,4,0,100.00%
090716,2,2,0,100.00%
090717,3,3,0,100.00%
090718,2,2,0,100.00%
090719,4,4,0,100.00%
090720,1,1,0,100.00%
090723,1,1,0,100.00%
100101,2,0,2,0.00%
100102,3,0,3,0.00%
100104,5,0,5,0.00%
100105,2,0,2,0.00%
100106,2,0,2,0.00%
100107,1,0,1,0.00%
100108,1,0,1,0.00%
100109,6,0,6,0.00%
100110,1,0,1,0.00%
100111,1,0,1,0.00%
100112,4,0,4,0.00%
100113,1,0,1,0.00%
100201,3,0,3,0.00%
100202,1,0,1,0.00%
100203,3,0,3,0.00%
100205,3,0,3,0.00%
100206,1,0,1,0.00%
100207,4,0,4,0.00%
100208,1,0,1,0.00%
100307,3,0,3,0.00%
100311,2,0,2,0.00%
100313,3,0,3,0.00%
100316,1,0,1,0.00%
100317,3,0,3,0.00%
100321,1,0,1,0.00%
100401,1,0,1,0.00%
100402,2,0,2,0.00%
100403,1,0,1,0.00%
100404,3,0,3,0.00%
100501,2,0,2,0.00%
100502,1,0,1,0.00%
100503,3,0,3,0.00%
100504,5,0,5,0.00%
100505,1,0,1,0.00%
100506,1,0,1,0.00%
100507,7,0,7,0.00%
100508,1,0,1,0.00%
100509,2,0,2,0.00%
100510,4,0,4,0.00%
100511,3,0,3,0.00%
100601,1,0,1,0.00%
100602,1,0,1,0.00%
100603,2,0,2,0.00%
100604,2,0,2,0.00%
100605,5,0,5,0.00%
100606,1,0,1,0.00%
100607,1,0,1,0.00%
100609,1,0,1,0.00%
100610,1,0,1,0.00%
100701,3,0,3,0.00%
100703,3,0,3,0.00%
100704,1,0,1,0.00%
100801,1,0,1,0.00%
100802,1,0,1,0.00%
100803,3,0,3,0.00%
100804,3,0,3,0.00%
100901,3,0,3,0.00%
100902,6,0,6,0.00%
100903,5,0,5,0.00%
100904,1,0,1,0.00%
100905,1,0,1,0.00%
101001,1,0,1,0.00%
101002,1,0,1,0.00%
101003,1,0,1,0.00%
101004,1,0,1,0.00%
101005,3,0,3,0.00%
101006,2,0,2,0.00%
101007,1,0,1,0.00%
101101,2,0,2,0.00%
101103,1,0,1,0.00%
101104,2,0,2,0.00%
101106,5,0,5,0.00%
110102,1,0,1,0.00%
110103,4,4,0,100.00%
110104,2,2,0,100.00%
110105,1,1,0,100.00%
110107,4,3,1,75.00%
110109,2,1,1,50.00%
110111,4,4,0,100.00%
110113,3,3,0,100.00%
110114,3,2,1,66.67%
110203,1,1,0,100.00%
110204,1,0,1,0.00%
110205,2,0,2,0.00%
110208,1,0,1,0.00%
110209,2,0,2,0.00%
110301,1,1,0,100.00%
110302,3,1,2,33.33%
110303,3,3,0,100.00%
110305,3,2,1,66.67%
110401,1,1,0,100.00%
110402,1,1,0,100.00%
110403,1,0,1,0.00%
110404,3,0,3,0.00%
110405,1,0,1,0.00%
110502,1,0,1,0.00%
110503,4,0,4,0.00%
110504,4,0,4,0.00%
110505,1,0,1,0.00%
120101,1,0,1,0.00%
120104,1,0,1,0.00%
120105,3,0,3,0.00%
120106,2,0,2,0.00%
120107,1,0,1,0.00%
120108,1,0,1,0.00%
120111,3,2,1,66.67%
120112,1,1,0,100.00%
120113,1,0,1,0.00%
120114,8,0,8,0.00%
120120,1,0,1,0.00%
120122,1,0,1,0.00%
120124,4,0,4,0.00%
120126,3,0,3,0.00%
120127,1,0,1,0.00%
120128,2,0,2,0.00%
120129,1,0,1,0.00%
120132,1,0,1,0.00%
120133,5,0,5,0.00%
120135,1,1,0,100.00%
120136,1,0,1,0.00%
120202,2,0,2,0.00%
120203,2,2,0,100.00%
120204,1,0,1,0.00%
120205,2,0,2,0.00%
120206,4,0,4,0.00%
120208,1,0,1,0.00%
120209,1,1,0,100.00%
120210,2,2,0,100.00%
120211,3,3,0,100.00%
120212,1,0,1,0.00%
120213,1,0,1,0.00%
120214,5,0,5,0.00%
120215,2,2,0,100.00%
120302,9,4,5,44.44%
120303,5,5,0,100.00%
120304,2,1,1,50.00%
120305,2,2,0,100.00%
120306,1,0,1,0.00%
120402,6,6,0,100.00%
120403,3,3,0,100.00%
120404,1,0,1,0.00%
120407,1,1,0,100.00%
120408,1,0,1,0.00%
120409,1,1,0,100.00%
120410,1,1,0,100.00%
120411,1,1,0,100.00%
120412,1,1,0,100.00%
120414,1,0,1,0.00%
120416,1,1,0,100.00%
120417,1,0,1,0.00%
120418,2,0,2,0.00%
120419,1,1,0,100.00%
120420,1,1,0,100.00%
120422,1,1,0,100.00%
120423,3,3,0,100.00%
120424,1,0,1,0.00%
120425,2,1,1,50.00%
120426,3,3,0,100.00%
120427,1,1,0,100.00%
120428,1,0,1,0.00%
120429,1,1,0,100.00%
120431,3,1,2,33.33%
120432,1,1,0,100.00%
120433,1,1,0,100.00%
120501,2,2,0,100.00%
120503,1,1,0,100.00%
120504,2,2,0,100.00%
120602,1,1,0,100.00%
120603,3,2,1,66.67%
120604,5,0,5,0.00%
120606,15,15,0,100.00%
120607,3,3,0,100.00%
120608,11,6,5,54.55%
120609,2,0,2,0.00%
120701,5,3,2,60.00%
120702,4,2,2,50.00%
120703,2,2,0,100.00%
120704,5,4,1,80.00%
120706,3,0,3,0.00%
120707,2,2,0,100.00%
120708,1,1,0,100.00%
120709,3,2,1,66.67%
120801,1,1,0,100.00%
120803,1,1,0,100.00%
120804,1,1,0,100.00%
120805,1,1,0,100.00%
120806,1,1,0,100.00%
120807,1,1,0,100.00%
120809,1,1,0,100.00%
120902,1,1,0,100.00%
120903,2,0,2,0.00%
120904,3,0,3,0.00%
120905,1,0,1,0.00%
120906,3,0,3,0.00%
120907,2,0,2,0.00%
120908,1,0,1,0.00%
120909,1,0,1,0.00%
130106,5,0,5,0.00%
130107,2,0,2,0.00%
130108,1,0,1,0.00%
130203,1,0,1,0.00%
130204,1,0,1,0.00%
130205,1,0,1,0.00%
130208,1,0,1,0.00%
130302,1,0,1,0.00%
130304,1,0,1,0.00%
130305,2,0,2,0.00%
130306,1,0,1,0.00%
130403,2,0,2,0.00%
130501,6,0,6,0.00%
130502,4,0,4,0.00%
130503,1,0,1,0.00%
130504,7,0,7,0.00%
130601,5,0,5,0.00%
130602,9,0,9,0.00%
130604,4,0,4,0.00%
130605,2,0,2,0.00%
130606,1,0,1,0.00%
130608,3,0,3,0.00%
130610,1,0,1,0.00%
130611,3,0,3,0.00%
130613,2,0,2,0.00%
130614,10,0,10,0.00%
130701,2,0,2,0.00%
130702,2,0,2,0.00%
130705,1,0,1,0.00%
130801,1,0,1,0.00%
130802,4,0,4,0.00%
130803,4,0,4,0.00%
130804,4,0,4,0.00%
130805,2,0,2,0.00%
130806,3,0,3,0.00%
130807,1,0,1,0.00%
130808,4,0,4,0.00%
130809,2,0,2,0.00%
130810,1,0,1,0.00%
130811,2,0,2,0.00%
130812,1,0,1,0.00%
130813,1,0,1,0.00%
130901,2,0,2,0.00%
130902,4,0,4,0.00%
130903,5,0,5,0.00%
130904,3,0,3,0.00%
130905,6,0,6,0.00%
130906,5,0,5,0.00%
130907,5,0,5,0.00%
130908,4,0,4,0.00%
131001,2,0,2,0.00%
131002,1,0,1,0.00%
131003,1,0,1,0.00%
131004,2,0,2,0.00%
131005,1,0,1,0.00%
131006,6,0,6,0.00%
131007,3,0,3,0.00%
131008,4,0,4,0.00%
131101,1,0,1,0.00%
131102,5,0,5,0.00%
131103,2,0,2,0.00%
131104,2,0,2,0.00%
131201,6,0,6,0.00%
131202,3,0,3,0.00%
131203,1,0,1,0.00%
140101,1,1,0,100.00%
140102,2,2,0,100.00%
140106,1,1,0,100.00%
140107,5,5,0,100.00%
140108,2,2,0,100.00%
140109,2,2,0,100.00%
140110,3,3,0,100.00%
140111,1,1,0,100.00%
140112,1,1,0,100.00%
140113,1,1,0,100.00%
140115,4,4,0,100.00%
140116,1,1,0,100.00%
140117,1,1,0,100.00%
140119,1,1,0,100.00%
140202,1,1,0,100.00%
140203,10,10,0,100.00%
140204,1,1,0,100.00%
140205,8,8,0,100.00%
140206,1,1,0,100.00%
140301,2,2,0,100.00%
140302,1,1,0,100.00%
140303,3,3,0,100.00%
140304,1,1,0,100.00%
140305,3,3,0,100.00%
140306,21,21,0,100.00%
140307,4,4,0,100.00%
140308,11,11,0,100.00%
140309,1,1,0,100.00%
140310,7,7,0,100.00%
140311,2,2,0,100.00%
140312,5,5,0,100.00%
150201,6,6,0,100.00%
150202,4,4,0,100.00%
150203,5,5,0,100.00%
150204,5,5,0,100.00%
150301,1,1,0,100.00%
150302,2,2,0,100.00%
150303,1,1,0,100.00%
150304,1,1,0,100.00%
150305,1,1,0,100.00%
150401,2,2,0,100.00%
150402,2,2,0,100.00%
150403,3,3,0,100.00%
150404,2,2,0,100.00%
150405,1,1,0,100.00%
150406,2,2,0,100.00%
150407,3,3,0,100.00%
150501,2,2,0,100.00%
150502,1,1,0,100.00%
150503,1,1,0,100.00%
150505,1,1,0,100.00%
150506,1,1,0,100.00%
150507,1,1,0,100.00%
150509,1,1,0,100.00%
150510,5,5,0,100.00%
150511,1,1,0,100.00%
150512,1,1,0,100.00%
150514,3,3,0,100.00%
150515,1,1,0,100.00%
150516,1,1,0,100.00%
150601,9,9,0,100.00%
150602,4,4,0,100.00%
150603,4,4,0,100.00%
150604,4,4,0,100.00%
150605,4,4,0,100.00%
150606,4,4,0,100.00%
150607,2,2,0,100.00%
150608,3,3,0,100.00%
150609,2,2,0,100.00%
150610,4,4,0,100.00%
150611,4,4,0,100.00%
150612,2,2,0,100.00%
150702,1,1,0,100.00%
150703,1,1,0,100.00%
150704,1,1,0,100.00%
150705,1,1,0,100.00%
150706,3,3,0,100.00%
150707,2,2,0,100.00%
150708,1,1,0,100.00%
150709,2,2,0,100.00%
150710,2,2,0,100.00%
150711,2,2,0,100.00%
150712,1,1,0,100.00%
150713,1,1,0,100.00%
150715,1,1,0,100.00%
150716,1,1,0,100.00%
150717,1,1,0,100.00%
150718,1,1,0,100.00%
150719,1,1,0,100.00%
150720,1,1,0,100.00%
150721,2,2,0,100.00%
150723,3,3,0,100.00%
150724,1,1,0,100.00%
150725,1,1,0,100.00%
150726,3,3,0,100.00%
150727,1,1,0,100.00%
150728,1,1,0,100.00%
150729,1,1,0,100.00%
150730,1,1,0,100.00%
150731,1,1,0,100.00%
150732,1,1,0,100.00%
150802,1,1,0,100.00%
150804,1,1,0,100.00%
150806,1,1,0,100.00%
150807,2,2,0,100.00%
150808,1,1,0,100.00%
150809,2,2,0,100.00%
150811,4,4,0,100.00%
150812,4,4,0,100.00%
150901,1,1,0,100.00%
150902,1,1,0,100.00%
150903,1,1,0,100.00%
150904,1,1,0,100.00%
150905,1,1,0,100.00%
150906,1,1,0,100.00%
151001,1,1,0,100.00%
151002,1,1,0,100.00%
151003,1,1,0,100.00%
151004,1,1,0,100.00%
151005,1,1,0,100.00%
151006,1,1,0,100.00%
151007,1,1,0,100.00%
151008,1,1,0,100.00%
151009,1,1,0,100.00%
151011,1,1,0,100.00%
151012,1,1,0,100.00%
151013,1,1,0,100.00%
151014,1,1,0,100.00%
151015,1,1,0,100.00%
151016,1,1,0,100.00%
151017,1,1,0,100.00%
151018,1,1,0,100.00%
151019,1,1,0,100.00%
151020,1,1,0,100.00%
151021,1,1,0,100.00%
151022,1,1,0,100.00%
151023,1,1,0,100.00%
151024,1,1,0,100.00%
151025,1,1,0,100.00%
151027,1,1,0,100.00%
151028,1,1,0,100.00%
151029,1,1,0,100.00%
151030,1,1,0,100.00%
151031,1,1,0,100.00%
151032,2,2,0,100.00%
151033,1,1,0,100.00%
160101,1,0,1,0.00%
160103,1,0,1,0.00%
160104,5,5,0,100.00%
160105,4,4,0,100.00%
160106,7,3,4,42.86%
160107,8,0,8,0.00%
160108,2,2,0,100.00%
160110,5,0,5,0.00%
160112,2,1,1,50.00%
160210,1,0,1,0.00%
160305,1,0,1,0.00%
160401,4,4,0,100.00%
160402,6,6,0,100.00%
160403,1,1,0,100.00%
160404,3,3,0,100.00%
160703,14,0,14,0.00%
160801,4,0,4,0.00%
160802,2,0,2,0.00%
160803,5,0,5,0.00%
160804,4,0,4,0.00%
180101,2,2,0,100.00%
180102,3,3,0,100.00%
180103,3,2,1,66.67%
180104,1,1,0,100.00%
180105,2,1,1,50.00%
180106,1,1,0,100.00%
180201,1,1,0,100.00%
180202,2,2,0,100.00%
180203,1,1,0,100.00%
180204,2,2,0,100.00%
180206,1,1,0,100.00%
180207,2,2,0,100.00%
180208,3,3,0,100.00%
180209,1,1,0,100.00%
180210,2,2,0,100.00%
180211,1,1,0,100.00%
180302,1,1,0,100.00%
190102,4,0,4,0.00%
190103,2,0,2,0.00%
190104,5,0,5,0.00%
190105,4,0,4,0.00%
190106,4,0,4,0.00%
190107,8,0,8,0.00%
190108,2,0,2,0.00%
190109,7,0,7,0.00%
190110,3,0,3,0.00%
190111,3,0,3,0.00%
190112,2,0,2,0.00%
190113,5,0,5,0.00%
190201,19,0,19,0.00%
190202,5,0,5,0.00%
190203,1,0,1,0.00%
190204,3,0,3,0.00%
190205,1,0,1,0.00%
190206,14,0,14,0.00%
190207,3,0,3,0.00%
190208,4,0,4,0.00%
190301,4,0,4,0.00%
190302,2,0,2,0.00%
190303,5,0,5,0.00%
190304,9,0,9,0.00%
190305,8,0,8,0.00%
190306,10,0,10,0.00%
190307,7,0,7,0.00%
190308,11,0,11,0.00%
200104,4,0,4,0.00%
200105,5,0,5,0.00%
200107,2,0,2,0.00%
200108,1,0,1,0.00%
200109,5,0,5,0.00%
200110,2,0,2,0.00%
200111,13,0,13,0.00%
200114,9,0,9,0.00%
200201,25,0,25,0.00%
200202,3,0,3,0.00%
200203,3,0,3,0.00%
200204,5,0,5,0.00%
200205,4,0,4,0.00%
200206,7,0,7,0.00%
200207,3,0,3,0.00%
200208,3,0,3,0.00%
200209,2,0,2,0.00%
200210,8,0,8,0.00%
200301,6,0,6,0.00%
200302,3,0,3,0.00%
200303,4,0,4,0.00%
200304,13,0,13,0.00%
200305,2,0,2,0.00%
200306,7,0,7,0.00%
200308,4,0,4,0.00%
200401,4,0,4,0.00%
200402,4,0,4,0.00%
200403,3,0,3,0.00%
200405,5,0,5,0.00%
200406,4,0,4,0.00%
200408,2,0,2,0.00%
200409,1,0,1,0.00%
200410,3,0,3,0.00%
200501,2,0,2,0.00%
200505,1,0,1,0.00%
200506,1,0,1,0.00%
200507,2,0,2,0.00%
200601,8,0,8,0.00%
200603,3,0,3,0.00%
200604,10,0,10,0.00%
200605,8,0,8,0.00%
200606,2,0,2,0.00%
200608,1,0,1,0.00%
200702,1,0,1,0.00%
200705,1,0,1,0.00%
200801,3,0,3,0.00%
200802,2,0,2,0.00%
200804,2,0,2,0.00%
200805,2,0,2,0.00%
200806,1,0,1,0.00%
210101,5,3,2,60.00%
210102,13,4,9,30.77%
210103,1,0,1,0.00%
210104,1,1,0,100.00%
210105,5,3,2,60.00%
210106,2,1,1,50.00%
210107,2,1,1,50.00%
210108,1,1,0,100.00%
210109,2,2,0,100.00%
210111,3,2,1,66.67%
210112,5,3,2,60.00%
210113,1,1,0,100.00%
210114,2,2,0,100.00%
210115,2,2,0,100.00%
210201,2,0,2,0.00%
210202,1,1,0,100.00%
210203,2,1,1,50.00%
210204,3,3,0,100.00%
210206,4,1,3,25.00%
210207,1,1,0,100.00%
210208,2,1,1,50.00%
210209,2,0,2,0.00%
210210,2,1,1,50.00%
210211,3,1,2,33.33%
210212,2,1,1,50.00%
210213,1,1,0,100.00%
210214,4,1,3,25.00%
210215,1,1,0,100.00%
210301,2,0,2,0.00%
210302,1,0,1,0.00%
210303,5,0,5,0.00%
210304,4,1,3,25.00%
210305,5,0,5,0.00%
210306,2,0,2,0.00%
210307,3,0,3,0.00%
210308,2,0,2,0.00%
210309,2,0,2,0.00%
210310,2,0,2,0.00%
210401,5,0,5,0.00%
210402,1,0,1,0.00%
210403,2,2,0,100.00%
210404,4,0,4,0.00%
210405,1,1,0,100.00%
210406,8,2,6,25.00%
210407,7,1,6,14.29%
210501,20,0,20,0.00%
210502,3,3,0,100.00%
210503,8,0,8,0.00%
210504,2,1,1,50.00%
210505,1,0,1,0.00%
210601,7,0,7,0.00%
210602,2,0,2,0.00%
210603,1,1,0,100.00%
210604,1,1,0,100.00%
210605,1,1,0,100.00%
210606,4,1,3,25.00%
210607,4,1,3,25.00%
210608,7,0,7,0.00%
210701,3,0,3,0.00%
210702,3,1,2,33.33%
210705,1,1,0,100.00%
210706,1,1,0,100.00%
210707,2,2,0,100.00%
210708,4,3,1,75.00%
210709,3,1,2,33.33%
210710,1,1,0,100.00%
210801,2,2,0,100.00%
210802,2,1,1,50.00%
210803,1,1,0,100.00%
210805,5,4,1,80.00%
210806,2,1,1,50.00%
210807,3,3,0,100.00%
210808,3,2,1,66.67%
210809,2,2,0,100.00%
210901,6,0,6,0.00%
210902,1,1,0,100.00%
210903,1,0,1,0.00%
210904,1,1,0,100.00%
211001,2,1,1,50.00%
211002,3,0,3,0.00%
211004,2,1,1,50.00%
211005,1,1,0,100.00%
211101,1,0,1,0.00%
211102,2,1,1,50.00%
211103,2,1,1,50.00%
211201,3,0,3,0.00%
211202,2,0,2,0.00%
211203,2,0,2,0.00%
211204,3,0,3,0.00%
211205,2,0,2,0.00%
211206,1,0,1,0.00%
211207,2,0,2,0.00%
211208,1,0,1,0.00%
211209,4,0,4,0.00%
211210,4,0,4,0.00%
211301,6,0,6,0.00%
211302,1,1,0,100.00%
211304,1,0,1,0.00%
211306,1,1,0,100.00%
220101,10,0,10,0.00%
220104,2,0,2,0.00%
220201,2,0,2,0.00%
220202,2,0,2,0.00%
220203,4,0,4,0.00%
220204,1,0,1,0.00%
220205,3,0,3,0.00%
220206,1,0,1,0.00%
220301,3,0,3,0.00%
220302,1,0,1,0.00%
220303,2,0,2,0.00%
220304,2,0,2,0.00%
220305,2,0,2,0.00%
220402,1,0,1,0.00%
220403,1,0,1,0.00%
220404,1,0,1,0.00%
220405,1,0,1,0.00%
220501,3,0,3,0.00%
220502,2,0,2,0.00%
220503,2,0,2,0.00%
220504,3,0,3,0.00%
220505,3,0,3,0.00%
220506,1,0,1,0.00%
220508,2,0,2,0.00%
220511,6,0,6,0.00%
220601,2,0,2,0.00%
220602,2,0,2,0.00%
220603,1,0,1,0.00%
220604,2,0,2,0.00%
220605,1,0,1,0.00%
220703,1,0,1,0.00%
220704,2,0,2,0.00%
220706,1,0,1,0.00%
220707,2,0,2,0.00%
220708,3,0,3,0.00%
220709,3,0,3,0.00%
220710,1,0,1,0.00%
220802,2,0,2,0.00%
220803,1,0,1,0.00%
220804,8,0,8,0.00%
220805,6,0,6,0.00%
220807,2,0,2,0.00%
220902,1,0,1,0.00%
220904,3,0,3,0.00%
220905,3,0,3,0.00%
220906,1,0,1,0.00%
220907,5,0,5,0.00%
220911,4,0,4,0.00%
220913,2,0,2,0.00%
220914,1,0,1,0.00%
221001,1,0,1,0.00%
221002,4,0,4,0.00%
221003,5,0,5,0.00%
221004,1,0,1,0.00%
221005,7,0,7,0.00%
230105,1,1,0,100.00%
230106,1,1,0,100.00%
230107,1,1,0,100.00%
230109,2,2,0,100.00%
230111,5,5,0,100.00%
230203,2,2,0,100.00%
230206,1,1,0,100.00%
230302,2,1,1,50.00%
230303,1,1,0,100.00%
230402,1,1,0,100.00%
230403,1,0,1,0.00%
230404,1,0,1,0.00%
230405,1,1,0,100.00%
230406,2,2,0,100.00%
230407,1,0,1,0.00%
230408,1,0,1,0.00%
240102,1,0,1,0.00%
240104,3,0,3,0.00%
240105,3,0,3,0.00%
240106,2,0,2,0.00%
240201,3,0,3,0.00%
240202,3,0,3,0.00%
240302,3,0,3,0.00%
240303,1,0,1,0.00%
240304,5,0,5,0.00%
