UBIGEO,total_localidades_pronatel,localidades_operativas,localidades_en_ejecucion,localidades_proyectadas,pct_operativo,pob_cubierta_operativo,iiee_cubiertos,eess_cubiertos,dp_cubiertos
010101,3,0,3,0,0.0,0,0,0,0
010102,1,0,1,0,0.0,0,0,0,0
010103,2,0,2,0,0.0,0,0,0,0
010104,1,0,1,0,0.0,0,0,0,0
010105,3,0,3,0,0.0,0,0,0,0
010106,1,0,1,0,0.0,0,0,0,0
010107,2,0,2,0,0.0,0,0,0,0
010108,1,0,1,0,0.0,0,0,0,0
010109,5,0,5,0,0.0,0,0,0,0
010110,3,0,3,0,0.0,0,0,0,0
010111,1,0,1,0,0.0,0,0,0,0
010112,1,0,1,0,0.0,0,0,0,0
010113,2,0,2,0,0.0,0,0,0,0
010114,1,0,1,0,0.0,0,0,0,0
010115,1,0,1,0,0.0,0,0,0,0
010116,2,0,2,0,0.0,0,0,0,0
010117,2,0,2,0,0.0,0,0,0,0
010118,1,0,1,0,0.0,0,0,0,0
010119,1,0,1,0,0.0,0,0,0,0
010120,2,0,2,0,0.0,0,0,0,0
010121,1,0,1,0,0.0,0,0,0,0
010201,5,0,5,0,0.0,0,0,0,0
010202,7,0,7,0,0.0,0,0,0,0
010203,6,0,6,0,0.0,0,0,0,0
010204,2,0,2,0,0.0,0,0,0,0
010205,6,0,6,0,0.0,0,0,0,0
010206,6,0,6,0,0.0,0,0,0,0
010302,1,0,1,0,0.0,0,0,0,0
010303,1,0,1,0,0.0,0,0,0,0
010305,2,0,2,0,0.0,0,0,0,0
010306,2,0,2,0,0.0,0,0,0,0
010307,1,0,1,0,0.0,0,0,0,0
010308,1,0,1,0,0.0,0,0,0,0
010309,1,0,1,0,0.0,0,0,0,0
010310,1,0,1,0,0.0,0,0,0,0
010311,4,0,4,0,0.0,0,0,0,0
010312,2,0,2,0,0.0,0,0,0,0
010401,26,0,26,0,0.0,0,0,0,0
010502,4,0,4,0,0.0,0,0,0,0
010503,1,0,1,0,0.0,0,0,0,0
010504,4,0,4,0,0.0,0,0,0,0
010505,2,0,2,0,0.0,0,0,0,0
010506,1,0,1,0,0.0,0,0,0,0
010507,2,0,2,0,0.0,0,0,0,0
010508,2,0,2,0,0.0,0,0,0,0
010509,4,0,4,0,0.0,0,0,0,0
010510,1,0,1,0,0.0,0,0,0,0
010511,1,0,1,0,0.0,0,0,0,0
010512,4,0,4,0,0.0,0,0,0,0
010513,5,0,5,0,0.0,0,0,0,0
010514,1,0,1,0,0.0,0,0,0,0
010515,2,0,2,0,0.0,0,0,0,0
010516,1,0,1,0,0.0,0,0,0,0
010517,1,0,1,0,0.0,0,0,0,0
010519,1,0,1,0,0.0,0,0,0,0
010520,2,0,2,0,0.0,0,0,0,0
010521,3,0,3,0,0.0,0,0,0,0
010522,3,0,3,0,0.0,0,0,0,0
010523,2,0,2,0,0.0,0,0,0,0
010601,1,0,1,0,0.0,0,0,0,0
010602,1,0,1,0,0.0,0,0,0,0
010603,2,0,2,0,0.0,0,0,0,0
010604,3,0,3,0,0.0,0,0,0,0
010605,1,0,1,0,0.0,0,0,0,0
010606,1,0,1,0,0.0,0,0,0,0
010607,1,0,1,0,0.0,0,0,0,0
010608,1,0,1,0,0.0,0,0,0,0
010609,3,0,3,0,0.0,0,0,0,0
010610,1,0,1,0,0.0,0,0,0,0
010611,1,0,1,0,0.0,0,0,0,0
010701,21,0,21,0,0.0,0,0,0,0
010702,30,0,30,0,0.0,0,0,0,0
010703,6,0,6,0,0.0,0,0,0,0
010704,7,0,7,0,0.0,0,0,0,0
010705,12,0,12,0,0.0,0,0,0,0
010706,14,0,14,0,0.0,0,0,0,0
010707,4,0,4,0,0.0,0,0,0,0
020101,2,0,2,0,0.0,0,0,0,0
020102,4,0,4,0,0.0,0,0,0,0
020103,1,0,1,0,0.0,0,0,0,0
020104,3,0,3,0,0.0,0,0,0,0
020105,10,0,10,0,0.0,0,0,0,0
020106,3,0,3,0,0.0,0,0,0,0
020107,2,0,2,0,0.0,0,0,0,0
020108,2,0,2,0,0.0,0,0,0,0
020109,2,0,2,0,0.0,0,0,0,0
020110,7,0,7,0,0.0,0,0,0,0
020111,5,0,5,0,0.0,0,0,0,0
020112,4,0,4,0,0.0,0,0,0,0
020202,2,0,2,0,0.0,0,0,0,0
020203,1,0,1,0,0.0,0,0,0,0
020204,2,0,2,0,0.0,0,0,0,0
020205,1,0,1,0,0.0,0,0,0,0
020301,1,0,1,0,0.0,0,0,0,0
020302,3,0,3,0,0.0,0,0,0,0
020303,1,0,1,0,0.0,0,0,0,0
020304,3,0,3,0,0.0,0,0,0,0
020305,5,0,5,0,0.0,0,0,0,0
020306,2,0,2,0,0.0,0,0,0,0
020401,2,0,2,0,0.0,0,0,0,0
020402,4,0,4,0,0.0,0,0,0,0
020501,1,0,1,0,0.0,0,0,0,0
020502,1,0,1,0,0.0,0,0,0,0
020503,1,0,1,0,0.0,0,0,0,0
020504,1,0,1,0,0.0,0,0,0,0
020505,3,0,3,0,0.0,0,0,0,0
020506,1,0,1,0,0.0,0,0,0,0
020507,1,0,1,0,0.0,0,0,0,0
020508,1,0,1,0,0.0,0,0,0,0
020509,2,0,2,0,0.0,0,0,0,0
020510,1,0,1,0,0.0,0,0,0,0
020511,1,0,1,0,0.0,0,0,0,0
020512,1,0,1,0,0.0,0,0,0,0
020513,1,0,1,0,0.0,0,0,0,0
020514,1,0,1,0,0.0,0,0,0,0
020515,2,0,2,0,0.0,0,0,0,0
020601,9,0,9,0,0.0,0,0,0,0
020602,1,0,1,0,0.0,0,0,0,0
020604,2,0,2,0,0.0,0,0,0,0
020605,1,0,1,0,0.0,0,0,0,0
020606,6,0,6,0,0.0,0,0,0,0
020608,3,0,3,0,0.0,0,0,0,0
020610,1,0,1,0,0.0,0,0,0,0
020611,4,0,4,0,0.0,0,0,0,0
020701,12,0,12,0,0.0,0,0,0,0
020702,4,0,4,0,0.0,0,0,0,0
020703,8,0,8,0,0.0,0,0,0,0
020801,1,0,1,0,0.0,0,0,0,0
020802,4,0,4,0,0.0,0,0,0,0
020803,3,0,3,0,0.0,0,0,0,0
020804,5,0,5,0,0.0,0,0,0,0
020902,1,0,1,0,0.0,0,0,0,0
020903,1,0,1,0,0.0,0,0,0,0
020904,4,0,4,0,0.0,0,0,0,0
020905,1,0,1,0,0.0,0,0,0,0
020906,1,0,1,0,0.0,0,0,0,0
020907,1,0,1,0,0.0,0,0,0,0
021001,7,0,7,0,0.0,0,0,0,0
021002,2,0,2,0,0.0,0,0,0,0
021003,3,0,3,0,0.0,0,0,0,0
021004,12,0,12,0,0.0,0,0,0,0
021005,5,0,5,0,0.0,0,0,0,0
021006,3,0,3,0,0.0,0,0,0,0
021007,3,0,3,0,0.0,0,0,0,0
021008,3,0,3,0,0.0,0,0,0,0
021009,3,0,3,0,0.0,0,0,0,0
021010,2,0,2,0,0.0,0,0,0,0
021011,6,0,6,0,0.0,0,0,0,0
021012,1,0,1,0,0.0,0,0,0,0
021013,3,0,3,0,0.0,0,0,0,0
021014,10,0,10,0,0.0,0,0,0,0
021015,2,0,2,0,0.0,0,0,0,0
021016,3,0,3,0,0.0,0,0,0,0
021101,3,0,3,0,0.0,0,0,0,0
021102,1,0,1,0,0.0,0,0,0,0
021103,3,0,3,0,0.0,0,0,0,0
021104,2,0,2,0,0.0,0,0,0,0
021105,1,0,1,0,0.0,0,0,0,0
021201,10,0,10,0,0.0,0,0,0,0
021202,1,0,1,0,0.0,0,0,0,0
021203,1,0,1,0,0.0,0,0,0,0
021204,2,0,2,0,0.0,0,0,0,0
021206,10,0,10,0,0.0,0,0,0,0
021207,8,0,8,0,0.0,0,0,0,0
021208,7,0,7,0,0.0,0,0,0,0
021209,2,0,2,0,0.0,0,0,0,0
021210,1,0,1,0,0.0,0,0,0,0
021301,1,0,1,0,0.0,0,0,0,0
021302,5,0,5,0,0.0,0,0,0,0
021303,2,0,2,0,0.0,0,0,0,0
021304,2,0,2,0,0.0,0,0,0,0
021305,1,0,1,0,0.0,0,0,0,0
021306,10,0,10,0,0.0,0,0,0,0
021307,5,0,5,0,0.0,0,0,0,0
021308,2,0,2,0,0.0,0,0,0,0
021402,1,0,1,0,0.0,0,0,0,0
021403,1,0,1,0,0.0,0,0,0,0
021404,1,0,1,0,0.0,0,0,0,0
021405,1,0,1,0,0.0,0,0,0,0
021406,1,0,1,0,0.0,0,0,0,0
021407,1,0,1,0,0.0,0,0,0,0
021408,1,0,1,0,0.0,0,0,0,0
021409,1,0,1,0,0.0,0,0,0,0
021410,1,0,1,0,0.0,0,0,0,0
021501,2,0,2,0,0.0,0,0,0,0
021502,1,0,1,0,0.0,0,0,0,0
021503,2,0,2,0,0.0,0,0,0,0
021504,1,0,1,0,0.0,0,0,0,0
021505,1,0,1,0,0.0,0,0,0,0
021506,1,0,1,0,0.0,0,0,0,0
021507,1,0,1,0,0.0,0,0,0,0
021508,2,0,2,0,0.0,0,0,0,0
021509,4,0,4,0,0.0,0,0,0,0
021510,2,0,2,0,0.0,0,0,0,0
021511,5,0,5,0,0.0,0,0,0,0
021601,3,0,3,0,0.0,0,0,0,0
021602,5,0,5,0,0.0,0,0,0,0
021603,9,0,9,0,0.0,0,0,0,0
021604,3,0,3,0,0.0,0,0,0,0
021701,1,0,1,0,0.0,0,0,0,0
021703,1,0,1,0,0.0,0,0,0,0
021704,1,0,1,0,0.0,0,0,0,0
021705,1,0,1,0,0.0,0,0,0,0
021706,1,0,1,0,0.0,0,0,0,0
021707,3,0,3,0,0.0,0,0,0,0
021708,1,0,1,0,0.0,0,0,0,0
021709,1,0,1,0,0.0,0,0,0,0
021801,16,0,16,0,0.0,0,0,0,0
021802,3,0,3,0,0.0,0,0,0,0
021804,1,0,1,0,0.0,0,0,0,0
021805,4,0,4,0,0.0,0,0,0,0
021806,3,0,3,0,0.0,0,0,0,0
021807,4,0,4,0,0.0,0,0,0,0
021808,1,0,1,0,0.0,0,0,0,0
021809,1,0,1,0,0.0,0,0,0,0
021901,3,0,3,0,0.0,0,0,0,0
021902,4,0,4,0,0.0,0,0,0,0
021903,1,0,1,0,0.0,0,0,0,0
021904,2,0,2,0,0.0,0,0,0,0
021905,1,0,1,0,0.0,0,0,0,0
021906,7,0,7,0,0.0,0,0,0,0
021907,4,0,4,0,0.0,0,0,0,0
021908,1,0,1,0,0.0,0,0,0,0
021909,5,0,5,0,0.0,0,0,0,0
021910,3,0,3,0,0.0,0,0,0,0
022001,16,0,16,0,0.0,0,0,0,0
022002,2,0,2,0,0.0,0,0,0,0
022003,5,0,5,0,0.0,0,0,0,0
022004,1,0,1,0,0.0,0,0,0,0
022005,10,0,10,0,0.0,0,0,0,0
022006,1,0,1,0,0.0,0,0,0,0
022008,9,0,9,0,0.0,0,0,0,0
030101,4,4,0,0,100.0,888,5,2,0
030102,2,2,0,0,100.0,424,1,2,0
030103,1,1,0,0,100.0,329,2,1,0
030104,7,7,0,0,100.0,1759,7,4,0
030105,1,1,0,0,100.0,357,2,1,0
030107,4,4,0,0,100.0,657,2,4,0
030108,3,3,0,0,100.0,1168,4,1,1
030109,1,1,0,0,100.0,253,1,1,0
030201,6,6,0,0,100.0,3060,9,4,0
030202,8,8,0,0,100.0,2832,11,5,0
030203,1,1,0,0,100.0,581,2,1,0
030204,7,7,0,0,100.0,1666,3,7,0
030205,6,6,0,0,100.0,1774,7,4,1
030206,1,1,0,0,100.0,525,2,1,0
030207,1,1,0,0,100.0,315,1,0,0
030208,6,6,0,0,100.0,1275,7,6,0
030209,5,5,0,0,100.0,1813,6,3,0
030210,1,1,0,0,100.0,697,1,1,1
030212,4,4,0,0,100.0,1002,6,2,1
030213,6,6,0,0,100.0,14971,10,5,0
030214,1,1,0,0,100.0,693,2,1,0
030215,8,8,0,0,100.0,3072,14,4,0
030216,7,7,0,0,100.0,2138,7,4,0
030218,4,4,0,0,100.0,655,3,4,0
030219,2,2,0,0,100.0,1265,2,2,0
030220,3,3,0,0,100.0,1218,4,1,0
030302,1,1,0,0,100.0,483,2,1,0
030303,1,1,0,0,100.0,134,0,1,0
030304,2,2,0,0,100.0,1076,3,2,0
030401,1,1,0,0,100.0,125,0,1,0
030402,3,3,0,0,100.0,531,2,3,0
030403,1,1,0,0,100.0,522,1,1,0
030404,4,4,0,0,100.0,1224,8,4,0
030405,1,1,0,0,100.0,521,1,1,0
030407,1,1,0,0,100.0,177,0,1,0
030408,2,2,0,0,100.0,273,2,2,0
030409,2,2,0,0,100.0,199,1,2,0
030410,3,3,0,0,100.0,576,1,3,0
030412,1,1,0,0,100.0,582,2,1,0
030413,2,2,0,0,100.0,298,1,2,0
030414,3,3,0,0,100.0,740,6,3,1
030415,3,3,0,0,100.0,1013,5,3,1
030417,2,2,0,0,100.0,729,2,2,0
030501,2,2,0,0,100.0,433,4,1,0
030502,2,2,0,0,100.0,570,1,1,0
030503,5,5,0,0,100.0,2867,8,3,1
030504,5,5,0,0,100.0,589,5,4,0
030505,2,2,0,0,100.0,615,2,2,0
030506,1,1,0,0,100.0,172,1,1,0
030601,4,4,0,0,100.0,1342,6,3,0
030602,1,1,0,0,100.0,61,1,1,0
030603,1,1,0,0,100.0,511,2,1,1
030604,4,4,0,0,100.0,2433,5,2,0
030605,6,6,0,0,100.0,2204,11,4,0
030606,3,3,0,0,100.0,820,4,2,0
030607,4,4,0,0,100.0,1594,7,2,1
030608,4,4,0,0,100.0,2174,8,4,0
030609,2,2,0,0,100.0,588,3,2,0
030610,2,2,0,0,100.0,1296,4,2,0
030701,2,2,0,0,100.0,256,1,2,0
030702,3,3,0,0,100.0,786,4,3,0
030703,3,3,0,0,100.0,485,1,3,0
030704,3,3,0,0,100.0,828,4,3,0
030705,1,1,0,0,100.0,574,2,1,1
030707,1,1,0,0,100.0,217,2,1,0
030709,1,1,0,0,100.0,254,2,1,0
030710,1,1,0,0,100.0,50,0,1,0
030711,1,1,0,0,100.0,622,2,1,0
030714,2,2,0,0,100.0,796,4,2,0
040106,4,0,4,0,0.0,0,0,0,0
040108,15,0,15,0,0.0,0,0,0,0
040111,2,0,2,0,0.0,0,0,0,0
040113,3,0,3,0,0.0,0,0,0,0
040114,5,0,5,0,0.0,0,0,0,0
040116,1,0,1,0,0.0,0,0,0,0
040118,1,0,1,0,0.0,0,0,0,0
040119,1,0,1,0,0.0,0,0,0,0
040120,3,0,3,0,0.0,0,0,0,0
040123,1,0,1,0,0.0,0,0,0,0
040124,1,0,1,0,0.0,0,0,0,0
040125,6,0,6,0,0.0,0,0,0,0
040127,2,0,2,0,0.0,0,0,0,0
040128,4,0,4,0,0.0,0,0,0,0
040202,3,0,3,0,0.0,0,0,0,0
040203,2,0,2,0,0.0,0,0,0,0
040204,2,0,2,0,0.0,0,0,0,0
040205,2,0,2,0,0.0,0,0,0,0
040206,5,0,5,0,0.0,0,0,0,0
040207,1,0,1,0,0.0,0,0,0,0
040208,3,0,3,0,0.0,0,0,0,0
040302,5,0,5,0,0.0,0,0,0,0
040303,1,0,1,0,0.0,0,0,0,0
040304,3,0,3,0,0.0,0,0,0,0
040305,1,0,1,0,0.0,0,0,0,0
040306,2,0,2,0,0.0,0,0,0,0
040308,4,0,4,0,0.0,0,0,0,0
040309,3,0,3,0,0.0,0,0,0,0
040310,3,0,3,0,0.0,0,0,0,0
040311,1,0,1,0,0.0,0,0,0,0
040312,3,0,3,0,0.0,0,0,0,0
040313,1,0,1,0,0.0,0,0,0,0
040401,10,0,10,0,0.0,0,0,0,0
040402,2,0,2,0,0.0,0,0,0,0
040403,1,0,1,0,0.0,0,0,0,0
040404,2,0,2,0,0.0,0,0,0,0
040405,3,0,3,0,0.0,0,0,0,0
040406,2,0,2,0,0.0,0,0,0,0
040407,1,0,1,0,0.0,0,0,0,0
040408,5,0,5,0,0.0,0,0,0,0
040409,6,0,6,0,0.0,0,0,0,0
040410,3,0,3,0,0.0,0,0,0,0
040411,3,0,3,0,0.0,0,0,0,0
040412,2,0,2,0,0.0,0,0,0,0
040413,9,0,9,0,0.0,0,0,0,0
040414,7,0,7,0,0.0,0,0,0,0
040501,1,0,1,0,0.0,0,0,0,0
040502,1,0,1,0,0.0,0,0,0,0
040503,2,0,2,0,0.0,0,0,0,0
040504,1,0,1,0,0.0,0,0,0,0
040505,1,0,1,0,0.0,0,0,0,0
040506,1,0,1,0,0.0,0,0,0,0
040507,1,0,1,0,0.0,0,0,0,0
040508,4,0,4,0,0.0,0,0,0,0
040509,1,0,1,0,0.0,0,0,0,0
040510,1,0,1,0,0.0,0,0,0,0
040511,3,0,3,0,0.0,0,0,0,0
040512,1,0,1,0,0.0,0,0,0,0
040513,1,0,1,0,0.0,0,0,0,0
040514,1,0,1,0,0.0,0,0,0,0
040515,1,0,1,0,0.0,0,0,0,0
040516,4,0,4,0,0.0,0,0,0,0
040517,1,0,1,0,0.0,0,0,0,0
040518,1,0,1,0,0.0,0,0,0,0
040519,1,0,1,0,0.0,0,0,0,0
040520,21,0,21,0,0.0,0,0,0,0
040601,5,0,5,0,0.0,0,0,0,0
040602,3,0,3,0,0.0,0,0,0,0
040603,4,0,4,0,0.0,0,0,0,0
040604,4,0,4,0,0.0,0,0,0,0
040605,3,0,3,0,0.0,0,0,0,0
040606,4,0,4,0,0.0,0,0,0,0
040607,1,0,1,0,0.0,0,0,0,0
040608,2,0,2,0,0.0,0,0,0,0
040701,2,0,2,0,0.0,0,0,0,0
040702,8,0,8,0,0.0,0,0,0,0
040703,2,0,2,0,0.0,0,0,0,0
040706,1,0,1,0,0.0,0,0,0,0
040802,1,0,1,0,0.0,0,0,0,0
040803,1,0,1,0,0.0,0,0,0,0
040804,1,0,1,0,0.0,0,0,0,0
040805,1,0,1,0,0.0,0,0,0,0
040806,5,0,5,0,0.0,0,0,0,0
040807,1,0,1,0,0.0,0,0,0,0
040808,1,0,1,0,0.0,0,0,0,0
040809,1,0,1,0,0.0,0,0,0,0
040810,1,0,1,0,0.0,0,0,0,0
040811,1,0,1,0,0.0,0,0,0,0
050101,2,2,0,0,100.0,470,2,1,0
050102,11,11,0,0,100.0,3212,10,4,0
050103,3,3,0,0,100.0,834,6,1,0
050105,7,7,0,0,100.0,2953,9,4,0
050106,5,5,0,0,100.0,1420,7,4,0
050108,4,4,0,0,100.0,985,4,2,0
050109,1,1,0,0,100.0,144,2,1,0
050111,2,2,0,0,100.0,744,2,2,0
050112,8,8,0,0,100.0,2227,11,3,0
050113,8,8,0,0,100.0,2340,5,4,0
050114,10,10,0,0,100.0,1338,15,4,0
050201,6,6,0,0,100.0,1202,6,4,0
050202,6,6,0,0,100.0,4356,9,3,0
050203,5,5,0,0,100.0,1675,7,2,0
050206,4,4,0,0,100.0,1130,7,2,1
050302,2,2,0,0,100.0,1008,4,2,0
050303,1,1,0,0,100.0,293,2,1,0
050304,2,2,0,0,100.0,709,3,2,0
050401,5,5,0,0,100.0,1217,5,2,0
050402,3,3,0,0,100.0,485,2,2,0
050403,3,3,0,0,100.0,486,2,2,0
050404,3,3,0,0,100.0,1079,3,0,0
050405,2,2,0,0,100.0,519,1,1,0
050406,3,3,0,0,100.0,1154,5,1,0
050407,7,7,0,0,100.0,5026,10,4,0
050408,11,11,0,0,100.0,7036,11,9,0
050409,1,1,0,0,100.0,1533,1,1,0
050411,2,2,0,0,100.0,518,2,0,0
050501,5,5,0,0,100.0,1705,6,2,0
050502,6,6,0,0,100.0,1662,8,3,0
050503,3,3,0,0,100.0,1547,5,1,0
050504,2,2,0,0,100.0,538,2,1,0
050505,2,2,0,0,100.0,429,2,1,0
050506,2,2,0,0,100.0,425,2,1,0
050507,5,5,0,0,100.0,2051,5,3,0
050508,7,7,0,0,100.0,6235,11,3,1
050509,8,8,0,0,100.0,3975,12,2,0
050510,4,4,0,0,100.0,1818,6,1,0
050601,2,2,0,0,100.0,541,3,1,0
050602,1,1,0,0,100.0,236,1,0,0
050603,1,1,0,0,100.0,278,0,1,0
050605,1,1,0,0,100.0,1459,4,1,0
050606,1,1,0,0,100.0,523,1,1,0
050607,1,1,0,0,100.0,587,2,1,0
050608,2,2,0,0,100.0,944,4,2,0
050609,1,1,0,0,100.0,282,0,1,0
050610,3,3,0,0,100.0,515,1,3,0
050611,2,2,0,0,100.0,1753,3,2,0
050612,1,1,0,0,100.0,697,2,1,1
050613,2,2,0,0,100.0,736,5,2,1
050614,1,1,0,0,100.0,487,1,1,0
050616,1,1,0,0,100.0,530,1,0,0
050617,4,4,0,0,100.0,1073,6,1,0
050618,1,1,0,0,100.0,208,0,1,0
050619,1,1,0,0,100.0,461,2,1,0
050620,1,1,0,0,100.0,856,2,1,0
050621,1,1,0,0,100.0,420,0,1,0
050701,3,3,0,0,100.0,317,2,2,0
050702,4,4,0,0,100.0,961,4,3,0
050703,1,1,0,0,100.0,503,1,1,0
050704,1,1,0,0,100.0,349,1,1,1
050705,3,3,0,0,100.0,847,5,2,0
050706,2,2,0,0,100.0,323,0,2,0
050708,1,1,0,0,100.0,189,0,1,0
050802,1,1,0,0,100.0,337,1,1,1
050803,1,1,0,0,100.0,326,1,1,0
050804,2,2,0,0,100.0,1489,5,2,0
050806,1,1,0,0,100.0,649,2,1,1
050807,1,1,0,0,100.0,277,0,1,0
050808,1,1,0,0,100.0,109,0,1,0
050809,1,1,0,0,100.0,162,1,1,0
050810,1,1,0,0,100.0,508,2,1,0
050901,1,1,0,0,100.0,42,0,1,0
050902,1,1,0,0,100.0,297,2,1,0
050903,1,1,0,0,100.0,252,2,1,0
050904,1,1,0,0,100.0,310,1,1,0
050905,1,1,0,0,100.0,308,2,1,0
050906,2,2,0,0,100.0,996,4,2,0
050907,2,2,0,0,100.0,545,5,2,0
050909,1,1,0,0,100.0,276,2,1,0
050910,1,1,0,0,100.0,324,1,1,0
051002,3,3,0,0,100.0,1417,5,3,0
051003,1,1,0,0,100.0,504,2,1,0
051004,3,3,0,0,100.0,507,0,3,0
051005,2,2,0,0,100.0,2878,5,2,0
051007,2,2,0,0,100.0,949,2,2,0
051008,1,1,0,0,100.0,542,2,1,0
051009,3,3,0,0,100.0,1392,5,3,0
051011,2,2,0,0,100.0,1721,5,2,0
051012,2,2,0,0,100.0,856,4,2,1
051101,4,4,0,0,100.0,1058,4,4,0
051102,2,2,0,0,100.0,308,1,2,0
051104,3,3,0,0,100.0,361,4,1,1
051105,1,1,0,0,100.0,348,2,1,0
051107,1,1,0,0,100.0,187,1,0,0
051108,3,3,0,0,100.0,381,2,3,0
060101,22,0,0,22,0.0,0,0,0,0
060102,7,0,0,7,0.0,0,0,0,0
060103,3,0,0,3,0.0,0,0,0,0
060105,28,0,0,28,0.0,0,0,0,0
060106,14,0,0,14,0.0,0,0,0,0
060107,3,0,0,3,0.0,0,0,0,0
060108,12,0,0,12,0.0,0,0,0,0
060109,4,0,0,4,0.0,0,0,0,0
060111,4,0,0,4,0.0,0,0,0,0
060112,1,0,0,1,0.0,0,0,0,0
060201,11,0,0,11,0.0,0,0,0,0
060202,17,0,0,17,0.0,0,0,0,0
060203,8,0,0,8,0.0,0,0,0,0
060204,4,0,0,4,0.0,0,0,0,0
060301,13,0,0,13,0.0,0,0,0,0
060303,6,0,0,6,0.0,0,0,0,0
060304,24,0,0,24,0.0,0,0,0,0
060306,2,0,0,2,0.0,0,0,0,0
060307,9,0,0,9,0.0,0,0,0,0
060308,2,0,0,2,0.0,0,0,0,0
060309,13,0,0,13,0.0,0,0,0,0
060310,9,0,0,9,0.0,0,0,0,0
060312,11,0,0,11,0.0,0,0,0,0
060401,28,0,0,28,0.0,0,0,0,0
060402,7,0,0,7,0.0,0,0,0,0
060403,5,0,0,5,0.0,0,0,0,0
060404,4,0,0,4,0.0,0,0,0,0
060405,1,0,0,1,0.0,0,0,0,0
060406,2,0,0,2,0.0,0,0,0,0
060407,6,0,0,6,0.0,0,0,0,0
060408,9,0,0,9,0.0,0,0,0,0
060409,13,0,0,13,0.0,0,0,0,0
060410,14,0,0,14,0.0,0,0,0,0
060411,14,0,0,14,0.0,0,0,0,0
060412,1,0,0,1,0.0,0,0,0,0
060413,7,0,0,7,0.0,0,0,0,0
060414,2,0,0,2,0.0,0,0,0,0
060415,14,0,0,14,0.0,0,0,0,0
060416,2,0,0,2,0.0,0,0,0,0
060417,30,0,0,30,0.0,0,0,0,0
060419,15,0,0,15,0.0,0,0,0,0
060501,4,0,0,4,0.0,0,0,0,0
060502,1,0,0,1,0.0,0,0,0,0
060503,2,0,0,2,0.0,0,0,0,0
060504,4,0,0,4,0.0,0,0,0,0
060505,1,0,0,1,0.0,0,0,0,0
060506,1,0,0,1,0.0,0,0,0,0
060507,2,0,0,2,0.0,0,0,0,0
060601,61,0,0,61,0.0,0,0,0,0
060602,22,0,0,22,0.0,0,0,0,0
060603,5,0,0,5,0.0,0,0,0,0
060604,2,0,0,2,0.0,0,0,0,0
060605,6,0,0,6,0.0,0,0,0,0
060606,9,0,0,9,0.0,0,0,0,0
060607,34,0,0,34,0.0,0,0,0,0
060608,3,0,0,3,0.0,0,0,0,0
060609,3,0,0,3,0.0,0,0,0,0
060610,5,0,0,5,0.0,0,0,0,0
060611,3,0,0,3,0.0,0,0,0,0
060612,10,0,0,10,0.0,0,0,0,0
060613,12,0,0,12,0.0,0,0,0,0
060614,19,0,0,19,0.0,0,0,0,0
060615,2,0,0,2,0.0,0,0,0,0
060701,52,0,0,52,0.0,0,0,0,0
060702,8,0,0,8,0.0,0,0,0,0
060703,13,0,0,13,0.0,0,0,0,0
060801,15,0,0,15,0.0,0,0,0,0
060802,17,0,0,17,0.0,0,0,0,0
060803,1,0,0,1,0.0,0,0,0,0
060804,4,0,0,4,0.0,0,0,0,0
060805,10,0,0,10,0.0,0,0,0,0
060806,4,0,0,4,0.0,0,0,0,0
060808,4,0,0,4,0.0,0,0,0,0
060809,2,0,0,2,0.0,0,0,0,0
060811,6,0,0,6,0.0,0,0,0,0
060812,6,0,0,6,0.0,0,0,0,0
060901,49,0,0,49,0.0,0,0,0,0
060902,25,0,0,25,0.0,0,0,0,0
060903,25,0,0,25,0.0,0,0,0,0
060904,29,0,0,29,0.0,0,0,0,0
060905,19,0,0,19,0.0,0,0,0,0
060906,30,0,0,30,0.0,0,0,0,0
060907,5,0,0,5,0.0,0,0,0,0
061001,12,0,0,12,0.0,0,0,0,0
061002,8,0,0,8,0.0,0,0,0,0
061003,6,0,0,6,0.0,0,0,0,0
061004,6,0,0,6,0.0,0,0,0,0
061006,1,0,0,1,0.0,0,0,0,0
061007,2,0,0,2,0.0,0,0,0,0
061101,11,0,0,11,0.0,0,0,0,0
061102,2,0,0,2,0.0,0,0,0,0
061103,4,0,0,4,0.0,0,0,0,0
061104,1,0,0,1,0.0,0,0,0,0
061105,1,0,0,1,0.0,0,0,0,0
061106,2,0,0,2,0.0,0,0,0,0
061107,9,0,0,9,0.0,0,0,0,0
061109,1,0,0,1,0.0,0,0,0,0
061110,2,0,0,2,0.0,0,0,0,0
061111,7,0,0,7,0.0,0,0,0,0
061112,6,0,0,6,0.0,0,0,0,0
061113,2,0,0,2,0.0,0,0,0,0
061201,11,0,0,11,0.0,0,0,0,0
061202,9,0,0,9,0.0,0,0,0,0
061203,1,0,0,1,0.0,0,0,0,0
061204,3,0,0,3,0.0,0,0,0,0
061301,4,0,0,4,0.0,0,0,0,0
061302,1,0,0,1,0.0,0,0,0,0
061303,9,0,0,9,0.0,0,0,0,0
061304,8,0,0,8,0.0,0,0,0,0
061305,4,0,0,4,0.0,0,0,0,0
061306,5,0,0,5,0.0,0,0,0,0
061307,9,0,0,9,0.0,0,0,0,0
061308,2,0,0,2,0.0,0,0,0,0
061310,3,0,0,3,0.0,0,0,0,0
061311,6,0,0,6,0.0,0,0,0,0
080102,2,2,0,0,100.0,862,2,1,0
080104,1,1,0,0,100.0,129,1,1,0
080201,1,1,0,0,100.0,421,1,0,0
080203,3,3,0,0,100.0,1463,5,1,0
080204,2,2,0,0,100.0,863,1,0,1
080205,5,5,0,0,100.0,1670,5,2,0
080206,7,7,0,0,100.0,1552,8,1,0
080207,1,1,0,0,100.0,1455,0,1,1
080301,2,2,0,0,100.0,839,2,0,0
080302,4,4,0,0,100.0,987,4,0,0
080304,3,3,0,0,100.0,1626,2,0,1
080305,2,2,0,0,100.0,258,2,1,0
080306,6,6,0,0,100.0,3165,5,2,1
080307,1,1,0,0,100.0,1729,1,1,1
080401,8,8,0,0,100.0,2361,7,2,0
080402,2,2,0,0,100.0,1009,2,1,0
080403,4,4,0,0,100.0,1366,3,2,0
080404,1,1,0,0,100.0,893,2,1,0
080405,5,5,0,0,100.0,2338,5,2,0
080406,3,3,0,0,100.0,1725,3,1,1
080407,2,2,0,0,100.0,1099,0,2,0
080408,1,1,0,0,100.0,249,1,0,0
080501,4,4,0,0,100.0,1588,5,1,0
080502,8,8,0,0,100.0,915,9,1,0
080503,3,3,0,0,100.0,329,4,0,0
080504,1,1,0,0,100.0,377,2,1,1
080505,5,5,0,0,100.0,1051,6,0,0
080507,6,6,0,0,100.0,779,7,2,0
080508,2,2,0,0,100.0,670,2,1,0
080601,3,3,0,0,100.0,1656,3,1,0
080603,1,1,0,0,100.0,290,0,1,0
080604,3,3,0,0,100.0,470,3,1,0
080605,1,1,0,0,100.0,4036,0,1,1
080701,14,14,0,0,100.0,2790,15,7,0
080702,2,2,0,0,100.0,1488,4,2,0
080703,6,6,0,0,100.0,1730,8,3,0
080704,9,9,0,0,100.0,2685,12,4,0
080705,3,3,0,0,100.0,610,4,1,0
080706,5,5,0,0,100.0,1768,6,2,0
080707,2,2,0,0,100.0,1140,3,1,0
080708,3,3,0,0,100.0,392,4,0,0
080803,3,3,0,0,100.0,426,4,1,0
080804,1,1,0,0,100.0,184,2,1,0
080805,1,1,0,0,100.0,2772,3,1,0
080806,3,3,0,0,100.0,631,4,2,0
080807,2,2,0,0,100.0,454,3,0,0
080808,1,1,0,0,100.0,407,2,1,0
080901,4,4,0,0,100.0,312,4,3,1
080902,10,10,0,0,100.0,4450,13,5,3
080903,3,3,0,0,100.0,2601,4,2,1
080904,3,3,0,0,100.0,1386,5,2,2
080905,2,2,0,0,100.0,630,2,2,0
080906,6,6,0,0,100.0,1376,9,3,0
080907,11,11,0,0,100.0,10735,13,6,0
080908,2,2,0,0,100.0,1902,3,1,1
080909,4,4,0,0,100.0,1444,4,1,0
080910,12,12,0,0,100.0,15830,13,5,1
080913,3,3,0,0,100.0,500,3,1,0
081001,3,3,0,0,100.0,503,3,0,0
081002,2,2,0,0,100.0,240,2,0,0
081003,2,2,0,0,100.0,1477,4,2,0
081004,2,2,0,0,100.0,387,1,1,0
081005,4,4,0,0,100.0,2628,5,1,1
081006,6,6,0,0,100.0,1996,8,3,0
081008,1,1,0,0,100.0,593,2,1,0
081009,2,2,0,0,100.0,727,3,1,1
081102,3,3,0,0,100.0,904,4,1,0
081103,6,6,0,0,100.0,2617,8,1,0
081104,10,10,0,0,100.0,3278,10,2,1
081105,11,11,0,0,100.0,4831,10,1,1
081106,2,2,0,0,100.0,3571,2,2,1
081201,2,2,0,0,100.0,281,4,0,0
081203,1,1,0,0,100.0,1913,0,1,1
081204,1,1,0,0,100.0,876,2,1,0
081205,12,12,0,0,100.0,3676,15,1,1
081209,1,1,0,0,100.0,740,0,1,1
081210,16,16,0,0,100.0,3264,17,0,0
081212,2,2,0,0,100.0,2840,1,2,1
081301,2,2,0,0,100.0,752,1,1,0
081302,3,3,0,0,100.0,787,2,1,0
081303,2,2,0,0,100.0,1718,1,1,1
081305,1,1,0,0,100.0,114,2,0,0
081306,1,1,0,0,100.0,391,1,0,0
090101,4,4,0,0,100.0,2741,5,3,0
090102,2,2,0,0,100.0,567,4,2,1
090103,29,29,0,0,100.0,8294,38,14,1
090105,2,2,0,0,100.0,38,1,2,0
090106,1,1,0,0,100.0,1111,2,1,1
090107,1,1,0,0,100.0,485,2,1,0
090108,2,2,0,0,100.0,718,2,1,1
090109,1,1,0,0,100.0,257,2,1,0
090110,4,4,0,0,100.0,491,3,3,0
090111,1,1,0,0,100.0,474,2,1,0
090112,1,1,0,0,100.0,392,1,1,1
090113,2,2,0,0,100.0,451,2,1,0
090114,4,4,0,0,100.0,552,2,3,0
090115,1,1,0,0,100.0,365,2,1,0
090116,3,3,0,0,100.0,410,2,3,0
090117,26,26,0,0,100.0,14344,37,18,1
090119,5,5,0,0,100.0,1562,8,2,0
090201,1,1,0,0,100.0,142,2,1,0
090202,2,2,0,0,100.0,1016,3,1,0
090203,9,9,0,0,100.0,2569,11,7,0
090204,1,1,0,0,100.0,190,2,1,0
090205,1,1,0,0,100.0,21,0,1,0
090206,6,6,0,0,100.0,1481,8,4,0
090207,1,1,0,0,100.0,204,0,1,0
090301,16,16,0,0,100.0,4335,15,8,0
090302,11,11,0,0,100.0,3588,13,6,0
090303,1,1,0,0,100.0,534,2,1,0
090304,1,1,0,0,100.0,440,2,1,0
090306,4,4,0,0,100.0,1120,6,4,0
090310,3,3,0,0,100.0,1055,3,0,0
090311,2,2,0,0,100.0,545,1,2,0
090312,3,3,0,0,100.0,1240,5,1,0
090402,2,2,0,0,100.0,397,2,2,1
090404,1,1,0,0,100.0,188,1,1,0
090406,1,1,0,0,100.0,157,1,1,0
090407,3,3,0,0,100.0,491,3,3,1
090408,1,1,0,0,100.0,158,0,1,0
090409,1,1,0,0,100.0,116,2,0,0
090410,1,1,0,0,100.0,241,1,1,0
090411,1,1,0,0,100.0,206,0,1,0
090412,1,1,0,0,100.0,367,2,1,1
090502,5,5,0,0,100.0,1044,6,3,0
090503,2,2,0,0,100.0,519,4,1,0
090504,3,3,0,0,100.0,668,4,2,0
090506,3,3,0,0,100.0,1582,5,2,0
090507,6,6,0,0,100.0,1814,7,4,1
090509,3,3,0,0,100.0,2227,4,1,1
090510,4,4,0,0,100.0,642,6,2,0
090511,3,3,0,0,100.0,753,3,2,0
090602,1,1,0,0,100.0,294,1,1,0
090603,2,2,0,0,100.0,509,3,1,1
090604,1,1,0,0,100.0,290,1,1,0
090605,1,1,0,0,100.0,690,2,1,0
090606,4,4,0,0,100.0,346,3,3,0
090607,1,1,0,0,100.0,784,2,1,1
090608,1,1,0,0,100.0,716,2,1,0
090609,1,1,0,0,100.0,146,1,1,0
090610,1,1,0,0,100.0,155,1,1,0
090611,1,1,0,0,100.0,313,2,1,0
090612,1,1,0,0,100.0,377,1,1,0
090613,4,4,0,0,100.0,606,3,4,1
090614,1,1,0,0,100.0,241,1,1,0
090615,2,2,0,0,100.0,436,1,2,0
090616,1,1,0,0,100.0,310,2,1,0
090701,5,5,0,0,100.0,1273,5,3,0
090702,2,2,0,0,100.0,338,2,2,0
090703,3,3,0,0,100.0,498,4,1,0
090704,5,5,0,0,100.0,1572,5,3,0
090705,3,3,0,0,100.0,894,2,2,0
090706,3,3,0,0,100.0,1128,3,1,0
090707,2,2,0,0,100.0,1509,3,2,1
090709,5,5,0,0,100.0,1904,8,5,0
090710,1,1,0,0,100.0,474,0,1,0
090711,3,3,0,0,100.0,710,4,1,0
090713,1,1,0,0,100.0,686,2,1,0
090714,5,5,0,0,100.0,1163,8,4,0
090715,5,5,0,0,100.0,1045,8,4,0
090716,3,3,0,0,100.0,724,3,2,0
090717,4,4,0,0,100.0,1418,6,3,1
090718,2,2,0,0,100.0,817,4,2,0
090719,7,7,0,0,100.0,2274,9,4,0
090720,3,3,0,0,100.0,1007,4,1,0
090722,1,1,0,0,100.0,291,1,1,0
090723,1,1,0,0,100.0,629,2,1,0
100101,4,0,4,0,0.0,0,0,0,0
100102,8,0,8,0,0.0,0,0,0,0
100103,6,0,6,0,0.0,0,0,0,0
100104,14,0,14,0,0.0,0,0,0,0
100105,5,0,5,0,0.0,0,0,0,0
100106,4,0,4,0,0.0,0,0,0,0
100107,2,0,2,0,0.0,0,0,0,0
100108,3,0,3,0,0.0,0,0,0,0
100109,13,0,13,0,0.0,0,0,0,0
100110,1,0,1,0,0.0,0,0,0,0
100111,1,0,1,0,0.0,0,0,0,0
100112,4,0,4,0,0.0,0,0,0,0
100113,11,0,11,0,0.0,0,0,0,0
100201,7,0,7,0,0.0,0,0,0,0
100202,1,0,1,0,0.0,0,0,0,0
100203,5,0,5,0,0.0,0,0,0,0
100204,1,0,1,0,0.0,0,0,0,0
100205,5,0,5,0,0.0,0,0,0,0
100206,2,0,2,0,0.0,0,0,0,0
100207,5,0,5,0,0.0,0,0,0,0
100208,1,0,1,0,0.0,0,0,0,0
100307,5,0,5,0,0.0,0,0,0,0
100311,4,0,4,0,0.0,0,0,0,0
100313,3,0,3,0,0.0,0,0,0,0
100316,2,0,2,0,0.0,0,0,0,0
100317,6,0,6,0,0.0,0,0,0,0
100321,2,0,2,0,0.0,0,0,0,0
100322,3,0,3,0,0.0,0,0,0,0
100323,1,0,1,0,0.0,0,0,0,0
100401,1,0,1,0,0.0,0,0,0,0
100402,6,0,6,0,0.0,0,0,0,0
100403,2,0,2,0,0.0,0,0,0,0
100404,7,0,7,0,0.0,0,0,0,0
100501,5,0,5,0,0.0,0,0,0,0
100502,1,0,1,0,0.0,0,0,0,0
100503,5,0,5,0,0.0,0,0,0,0
100504,12,0,12,0,0.0,0,0,0,0
100505,3,0,3,0,0.0,0,0,0,0
100506,4,0,4,0,0.0,0,0,0,0
100507,11,0,11,0,0.0,0,0,0,0
100508,1,0,1,0,0.0,0,0,0,0
100509,6,0,6,0,0.0,0,0,0,0
100510,6,0,6,0,0.0,0,0,0,0
100511,4,0,4,0,0.0,0,0,0,0
100601,3,0,3,0,0.0,0,0,0,0
100602,3,0,3,0,0.0,0,0,0,0
100603,3,0,3,0,0.0,0,0,0,0
100604,8,0,8,0,0.0,0,0,0,0
100605,5,0,5,0,0.0,0,0,0,0
100606,2,0,2,0,0.0,0,0,0,0
100607,1,0,1,0,0.0,0,0,0,0
100701,12,0,12,0,0.0,0,0,0,0
100702,1,0,1,0,0.0,0,0,0,0
100703,3,0,3,0,0.0,0,0,0,0
100704,5,0,5,0,0.0,0,0,0,0
100705,1,0,1,0,0.0,0,0,0,0
100801,7,0,7,0,0.0,0,0,0,0
100802,4,0,4,0,0.0,0,0,0,0
100803,11,0,11,0,0.0,0,0,0,0
100804,10,0,10,0,0.0,0,0,0,0
100901,4,0,4,0,0.0,0,0,0,0
100902,7,0,7,0,0.0,0,0,0,0
100903,8,0,8,0,0.0,0,0,0,0
100904,2,0,2,0,0.0,0,0,0,0
100905,2,0,2,0,0.0,0,0,0,0
101001,3,0,3,0,0.0,0,0,0,0
101002,2,0,2,0,0.0,0,0,0,0
101003,1,0,1,0,0.0,0,0,0,0
101004,1,0,1,0,0.0,0,0,0,0
101005,5,0,5,0,0.0,0,0,0,0
101006,4,0,4,0,0.0,0,0,0,0
101007,2,0,2,0,0.0,0,0,0,0
101101,3,0,3,0,0.0,0,0,0,0
101103,2,0,2,0,0.0,0,0,0,0
101104,8,0,8,0,0.0,0,0,0,0
101106,8,0,8,0,0.0,0,0,0,0
101107,3,0,3,0,0.0,0,0,0,0
101108,1,0,1,0,0.0,0,0,0,0
110102,1,1,0,0,100.0,543,0,1,0
110103,4,4,0,0,100.0,12856,0,4,1
110104,2,2,0,0,100.0,286,0,2,0
110105,1,1,0,0,100.0,6679,0,1,1
110107,4,4,0,0,100.0,3731,0,4,1
110109,4,4,0,0,100.0,3715,3,2,1
110111,7,7,0,0,100.0,8230,4,4,0
110113,3,3,0,0,100.0,4968,0,3,0
110114,3,3,0,0,100.0,252,1,3,0
110202,1,1,0,0,100.0,295,1,0,0
110203,2,2,0,0,100.0,174,2,1,0
110204,4,4,0,0,100.0,1921,4,1,0
110205,5,5,0,0,100.0,3045,4,2,0
110208,1,1,0,0,100.0,349,1,1,0
110209,2,2,0,0,100.0,625,2,2,0
110301,2,2,0,0,100.0,540,1,1,0
110302,5,5,0,0,100.0,1426,6,3,0
110303,3,3,0,0,100.0,2188,1,3,1
110305,3,3,0,0,100.0,467,1,3,0
110401,1,1,0,0,100.0,59,0,1,0
110402,3,3,0,0,100.0,1420,4,1,0
110403,2,2,0,0,100.0,457,2,1,0
110404,3,3,0,0,100.0,649,3,3,0
110405,1,1,0,0,100.0,263,0,1,0
110502,1,1,0,0,100.0,508,1,1,0
110503,5,5,0,0,100.0,3984,4,4,2
110504,5,5,0,0,100.0,6658,2,4,1
110505,2,2,0,0,100.0,4579,2,1,0
110507,1,1,0,0,100.0,88,1,0,0
120101,1,0,1,0,0.0,0,0,0,0
120104,1,0,1,0,0.0,0,0,0,0
120105,3,0,3,0,0.0,0,0,0,0
120106,2,0,2,0,0.0,0,0,0,0
120107,1,0,1,0,0.0,0,0,0,0
120108,2,0,2,0,0.0,0,0,0,0
120111,3,0,3,0,0.0,0,0,0,0
120112,1,0,1,0,0.0,0,0,0,0
120113,1,0,1,0,0.0,0,0,0,0
120114,8,0,8,0,0.0,0,0,0,0
120119,1,0,1,0,0.0,0,0,0,0
120120,1,0,1,0,0.0,0,0,0,0
120122,2,0,2,0,0.0,0,0,0,0
120124,6,0,6,0,0.0,0,0,0,0
120126,4,0,4,0,0.0,0,0,0,0
120127,3,0,3,0,0.0,0,0,0,0
120128,3,0,3,0,0.0,0,0,0,0
120129,1,0,1,0,0.0,0,0,0,0
120132,2,0,2,0,0.0,0,0,0,0
120133,5,0,5,0,0.0,0,0,0,0
120134,1,0,1,0,0.0,0,0,0,0
120135,1,0,1,0,0.0,0,0,0,0
120136,1,0,1,0,0.0,0,0,0,0
120201,2,0,2,0,0.0,0,0,0,0
120202,2,0,2,0,0.0,0,0,0,0
120203,7,0,7,0,0.0,0,0,0,0
120204,1,0,1,0,0.0,0,0,0,0
120205,4,0,4,0,0.0,0,0,0,0
120206,7,0,7,0,0.0,0,0,0,0
120207,1,0,1,0,0.0,0,0,0,0
120208,1,0,1,0,0.0,0,0,0,0
120209,1,0,1,0,0.0,0,0,0,0
120210,2,0,2,0,0.0,0,0,0,0
120211,3,0,3,0,0.0,0,0,0,0
120212,1,0,1,0,0.0,0,0,0,0
120213,3,0,3,0,0.0,0,0,0,0
120214,7,0,7,0,0.0,0,0,0,0
120215,3,0,3,0,0.0,0,0,0,0
120302,17,0,17,0,0.0,0,0,0,0
120303,18,0,18,0,0.0,0,0,0,0
120304,4,0,4,0,0.0,0,0,0,0
120305,5,0,5,0,0.0,0,0,0,0
120306,2,0,2,0,0.0,0,0,0,0
120402,6,0,6,0,0.0,0,0,0,0
120403,5,0,5,0,0.0,0,0,0,0
120404,1,0,1,0,0.0,0,0,0,0
120405,1,0,1,0,0.0,0,0,0,0
120406,1,0,1,0,0.0,0,0,0,0
120407,1,0,1,0,0.0,0,0,0,0
120408,1,0,1,0,0.0,0,0,0,0
120409,1,0,1,0,0.0,0,0,0,0
120410,2,0,2,0,0.0,0,0,0,0
120411,1,0,1,0,0.0,0,0,0,0
120412,1,0,1,0,0.0,0,0,0,0
120414,1,0,1,0,0.0,0,0,0,0
120416,1,0,1,0,0.0,0,0,0,0
120417,1,0,1,0,0.0,0,0,0,0
120418,2,0,2,0,0.0,0,0,0,0
120419,1,0,1,0,0.0,0,0,0,0
120420,1,0,1,0,0.0,0,0,0,0
120422,1,0,1,0,0.0,0,0,0,0
120423,3,0,3,0,0.0,0,0,0,0
120424,1,0,1,0,0.0,0,0,0,0
120425,2,0,2,0,0.0,0,0,0,0
120426,3,0,3,0,0.0,0,0,0,0
120427,1,0,1,0,0.0,0,0,0,0
120428,1,0,1,0,0.0,0,0,0,0
120429,1,0,1,0,0.0,0,0,0,0
120431,7,0,7,0,0.0,0,0,0,0
120432,1,0,1,0,0.0,0,0,0,0
120433,2,0,2,0,0.0,0,0,0,0
120501,3,0,3,0,0.0,0,0,0,0
120503,1,0,1,0,0.0,0,0,0,0
120504,3,0,3,0,0.0,0,0,0,0
120601,3,0,3,0,0.0,0,0,0,0
120602,2,0,2,0,0.0,0,0,0,0
120603,6,0,6,0,0.0,0,0,0,0
120604,18,0,18,0,0.0,0,0,0,0
120606,27,0,27,0,0.0,0,0,0,0
120607,6,0,6,0,0.0,0,0,0,0
120608,18,0,18,0,0.0,0,0,0,0
120609,2,0,2,0,0.0,0,0,0,0
120701,9,0,9,0,0.0,0,0,0,0
120702,9,0,9,0,0.0,0,0,0,0
120703,2,0,2,0,0.0,0,0,0,0
120704,7,0,7,0,0.0,0,0,0,0
120706,3,0,3,0,0.0,0,0,0,0
120707,2,0,2,0,0.0,0,0,0,0
120708,1,0,1,0,0.0,0,0,0,0
120709,5,0,5,0,0.0,0,0,0,0
120801,2,0,2,0,0.0,0,0,0,0
120803,1,0,1,0,0.0,0,0,0,0
120804,1,0,1,0,0.0,0,0,0,0
120805,1,0,1,0,0.0,0,0,0,0
120806,1,0,1,0,0.0,0,0,0,0
120807,1,0,1,0,0.0,0,0,0,0
120809,1,0,1,0,0.0,0,0,0,0
120901,2,0,2,0,0.0,0,0,0,0
120902,1,0,1,0,0.0,0,0,0,0
120903,2,0,2,0,0.0,0,0,0,0
120904,3,0,3,0,0.0,0,0,0,0
120905,1,0,1,0,0.0,0,0,0,0
120906,4,0,4,0,0.0,0,0,0,0
120907,4,0,4,0,0.0,0,0,0,0
120908,1,0,1,0,0.0,0,0,0,0
120909,3,0,3,0,0.0,0,0,0,0
130106,5,0,5,0,0.0,0,0,0,0
130107,1,0,1,0,0.0,0,0,0,0
130108,1,0,1,0,0.0,0,0,0,0
130110,2,0,2,0,0.0,0,0,0,0
130203,1,0,1,0,0.0,0,0,0,0
130204,1,0,1,0,0.0,0,0,0,0
130205,2,0,2,0,0.0,0,0,0,0
130208,4,0,4,0,0.0,0,0,0,0
130302,3,0,3,0,0.0,0,0,0,0
130303,2,0,2,0,0.0,0,0,0,0
130304,4,0,4,0,0.0,0,0,0,0
130305,6,0,6,0,0.0,0,0,0,0
130306,1,0,1,0,0.0,0,0,0,0
130401,4,0,4,0,0.0,0,0,0,0
130402,3,0,3,0,0.0,0,0,0,0
130403,4,0,4,0,0.0,0,0,0,0
130501,29,0,29,0,0.0,0,0,0,0
130502,17,0,17,0,0.0,0,0,0,0
130503,22,0,22,0,0.0,0,0,0,0
130504,20,0,20,0,0.0,0,0,0,0
130601,36,0,36,0,0.0,0,0,0,0
130602,24,0,24,0,0.0,0,0,0,0
130604,8,0,8,0,0.0,0,0,0,0
130605,11,0,11,0,0.0,0,0,0,0
130606,2,0,2,0,0.0,0,0,0,0
130608,6,0,6,0,0.0,0,0,0,0
130610,2,0,2,0,0.0,0,0,0,0
130611,10,0,10,0,0.0,0,0,0,0
130613,5,0,5,0,0.0,0,0,0,0
130614,50,0,50,0,0.0,0,0,0,0
130701,2,0,2,0,0.0,0,0,0,0
130702,2,0,2,0,0.0,0,0,0,0
130705,3,0,3,0,0.0,0,0,0,0
130801,23,0,23,0,0.0,0,0,0,0
130802,10,0,10,0,0.0,0,0,0,0
130803,25,0,25,0,0.0,0,0,0,0
130804,17,0,17,0,0.0,0,0,0,0
130805,3,0,3,0,0.0,0,0,0,0
130806,12,0,12,0,0.0,0,0,0,0
130808,21,0,21,0,0.0,0,0,0,0
130809,5,0,5,0,0.0,0,0,0,0
130810,7,0,7,0,0.0,0,0,0,0
130811,4,0,4,0,0.0,0,0,0,0
130812,5,0,5,0,0.0,0,0,0,0
130813,5,0,5,0,0.0,0,0,0,0
130901,24,0,24,0,0.0,0,0,0,0
130902,34,0,34,0,0.0,0,0,0,0
130903,21,0,21,0,0.0,0,0,0,0
130904,10,0,10,0,0.0,0,0,0,0
130905,19,0,19,0,0.0,0,0,0,0
130906,25,0,25,0,0.0,0,0,0,0
130907,23,0,23,0,0.0,0,0,0,0
130908,17,0,17,0,0.0,0,0,0,0
131001,16,0,16,0,0.0,0,0,0,0
131002,6,0,6,0,0.0,0,0,0,0
131003,5,0,5,0,0.0,0,0,0,0
131004,3,0,3,0,0.0,0,0,0,0
131005,4,0,4,0,0.0,0,0,0,0
131006,25,0,25,0,0.0,0,0,0,0
131007,8,0,8,0,0.0,0,0,0,0
131008,13,0,13,0,0.0,0,0,0,0
131101,6,0,6,0,0.0,0,0,0,0
131102,12,0,12,0,0.0,0,0,0,0
131103,2,0,2,0,0.0,0,0,0,0
131104,12,0,12,0,0.0,0,0,0,0
131201,10,0,10,0,0.0,0,0,0,0
131202,4,0,4,0,0.0,0,0,0,0
131203,1,0,1,0,0.0,0,0,0,0
140101,1,1,0,0,100.0,316,0,1,0
140102,9,9,0,0,100.0,5304,9,1,0
140103,2,2,0,0,100.0,1505,2,0,0
140105,1,1,0,0,100.0,418,1,0,0
140106,3,3,0,0,100.0,1132,3,1,0
140107,5,5,0,0,100.0,7193,6,4,1
140108,11,11,0,0,100.0,5089,8,2,0
140109,3,3,0,0,100.0,2603,5,2,1
140110,8,8,0,0,100.0,1757,5,2,0
140111,3,3,0,0,100.0,2474,3,1,0
140112,2,2,0,0,100.0,19059,1,1,0
140113,5,5,0,0,100.0,5643,4,1,0
140115,5,5,0,0,100.0,2767,4,3,0
140116,4,4,0,0,100.0,1732,4,1,0
140117,5,5,0,0,100.0,5089,7,1,0
140118,2,2,0,0,100.0,1048,2,0,0
140119,4,4,0,0,100.0,1987,6,0,0
140120,2,2,0,0,100.0,1037,2,0,0
140201,1,1,0,0,100.0,474,1,0,0
140202,3,3,0,0,100.0,914,3,1,1
140203,32,32,0,0,100.0,8989,32,10,2
140204,2,2,0,0,100.0,85,1,1,0
140205,19,19,0,0,100.0,9417,23,5,0
140206,2,2,0,0,100.0,15084,1,1,0
140301,16,16,0,0,100.0,5762,17,2,0
140302,1,1,0,0,100.0,477,1,1,0
140303,8,8,0,0,100.0,2820,8,2,0
140304,13,13,0,0,100.0,7036,14,1,0
140305,16,16,0,0,100.0,6731,15,3,0
140306,45,45,0,0,100.0,42333,50,20,3
140307,16,16,0,0,100.0,8204,16,4,0
140308,49,49,0,0,100.0,18047,47,11,0
140309,9,9,0,0,100.0,6474,11,1,1
140310,19,19,0,0,100.0,4754,20,6,1
140311,2,2,0,0,100.0,15584,3,2,1
140312,18,18,0,0,100.0,8681,20,5,0
150201,6,6,0,0,100.0,2794,3,6,0
150202,4,4,0,0,100.0,1356,4,4,0
150203,7,7,0,0,100.0,3724,6,5,0
150204,7,7,0,0,100.0,3665,6,3,0
150301,2,2,0,0,100.0,535,2,1,0
150302,2,2,0,0,100.0,538,2,2,0
150303,3,3,0,0,100.0,642,4,1,1
150304,5,5,0,0,100.0,1051,5,1,0
150305,1,1,0,0,100.0,227,2,1,0
150401,2,2,0,0,100.0,355,2,2,0
150402,2,2,0,0,100.0,443,1,2,0
150403,3,3,0,0,100.0,666,2,3,0
150404,2,2,0,0,100.0,667,4,2,0
150406,2,2,0,0,100.0,343,0,2,0
150407,8,8,0,0,100.0,4298,8,2,1
150501,9,9,0,0,100.0,9096,7,2,1
150502,3,3,0,0,100.0,5302,2,1,0
150503,2,2,0,0,100.0,1218,2,1,1
150505,1,1,0,0,100.0,1392,0,1,0
150506,1,1,0,0,100.0,591,1,1,0
150507,2,2,0,0,100.0,3471,1,1,0
150508,2,2,0,0,100.0,1500,2,0,0
150509,3,3,0,0,100.0,4229,2,1,1
150510,8,8,0,0,100.0,17146,3,5,1
150511,1,1,0,0,100.0,327,1,0,0
150512,1,1,0,0,100.0,1202,1,1,0
150514,4,4,0,0,100.0,4584,3,3,0
150515,1,1,0,0,100.0,407,1,0,0
150516,1,1,0,0,100.0,978,2,1,1
150601,13,13,0,0,100.0,11676,7,9,0
150602,3,3,0,0,100.0,482,2,3,0
150603,4,4,0,0,100.0,880,4,4,0
150604,5,5,0,0,100.0,4938,2,3,0
150605,7,7,0,0,100.0,17334,2,4,1
150606,5,5,0,0,100.0,1228,4,4,0
150607,2,2,0,0,100.0,353,1,2,0
150608,3,3,0,0,100.0,677,1,3,0
150609,2,2,0,0,100.0,683,1,2,0
150610,3,3,0,0,100.0,642,1,3,0
150611,4,4,0,0,100.0,553,2,4,0
150612,2,2,0,0,100.0,449,1,2,0
150702,1,1,0,0,100.0,409,2,1,0
150703,1,1,0,0,100.0,711,1,1,0
150704,1,1,0,0,100.0,353,1,1,0
150705,1,1,0,0,100.0,536,1,1,0
150706,3,3,0,0,100.0,347,1,3,0
150707,2,2,0,0,100.0,657,1,2,0
150708,1,1,0,0,100.0,633,2,1,0
150709,1,1,0,0,100.0,100,1,1,0
150710,2,2,0,0,100.0,349,1,2,0
150711,2,2,0,0,100.0,737,2,2,0
150712,1,1,0,0,100.0,705,1,1,0
150713,1,1,0,0,100.0,258,1,1,0
150714,1,1,0,0,100.0,437,1,0,0
150715,2,2,0,0,100.0,985,2,1,0
150716,2,2,0,0,100.0,288,1,1,0
150717,1,1,0,0,100.0,219,0,1,0
150718,1,1,0,0,100.0,887,2,1,1
150719,1,1,0,0,100.0,769,0,1,0
150720,1,1,0,0,100.0,251,1,1,0
150721,2,2,0,0,100.0,1135,3,2,1
150723,3,3,0,0,100.0,585,2,3,0
150724,1,1,0,0,100.0,765,1,1,0
150725,1,1,0,0,100.0,217,0,1,0
150726,3,3,0,0,100.0,360,0,3,0
150727,1,1,0,0,100.0,1552,1,1,1
150728,1,1,0,0,100.0,2231,1,1,0
150729,1,1,0,0,100.0,351,1,1,0
150730,1,1,0,0,100.0,358,1,1,0
150731,1,1,0,0,100.0,98,1,1,0
150732,1,1,0,0,100.0,1096,0,1,1
150801,1,1,0,0,100.0,1381,1,0,0
150802,1,1,0,0,100.0,522,1,1,1
150804,2,2,0,0,100.0,354,2,1,0
150806,3,3,0,0,100.0,2763,2,1,0
150807,5,5,0,0,100.0,898,5,2,0
150808,2,2,0,0,100.0,498,2,1,0
150809,2,2,0,0,100.0,408,3,1,0
150810,2,2,0,0,100.0,869,3,0,0
150811,9,9,0,0,100.0,10444,9,4,1
150812,5,5,0,0,100.0,17667,1,4,0
150901,4,4,0,0,100.0,1212,4,1,0
150902,1,1,0,0,100.0,359,1,1,0
150903,2,2,0,0,100.0,420,2,1,0
150904,1,1,0,0,100.0,421,1,1,0
150905,1,1,0,0,100.0,317,1,1,0
150906,3,3,0,0,100.0,482,3,1,0
151001,2,2,0,0,100.0,205,2,1,0
151002,1,1,0,0,100.0,278,2,1,0
151003,3,3,0,0,100.0,544,3,1,0
151004,1,1,0,0,100.0,604,2,1,0
151005,1,1,0,0,100.0,172,1,1,0
151006,2,2,0,0,100.0,333,2,1,0
151007,1,1,0,0,100.0,144,0,1,0
151008,2,2,0,0,100.0,829,3,1,1
151009,1,1,0,0,100.0,315,2,1,0
151010,1,1,0,0,100.0,228,1,0,0
151011,3,3,0,0,100.0,437,3,1,0
151012,1,1,0,0,100.0,338,2,1,0
151013,1,1,0,0,100.0,158,1,1,0
151014,1,1,0,0,100.0,586,1,1,0
151015,1,1,0,0,100.0,436,2,1,1
151016,1,1,0,0,100.0,463,2,1,0
151017,1,1,0,0,100.0,451,2,1,0
151018,1,1,0,0,100.0,442,2,1,0
151019,1,1,0,0,100.0,155,2,1,0
151020,2,2,0,0,100.0,360,3,1,0
151021,1,1,0,0,100.0,210,2,1,0
151022,1,1,0,0,100.0,315,2,1,0
151023,1,1,0,0,100.0,507,1,1,0
151024,2,2,0,0,100.0,618,3,1,0
151025,1,1,0,0,100.0,167,1,1,0
151026,1,1,0,0,100.0,159,1,0,0
151027,1,1,0,0,100.0,245,1,1,0
151028,1,1,0,0,100.0,548,2,1,0
151029,1,1,0,0,100.0,422,2,1,0
151030,1,1,0,0,100.0,275,2,1,0
151031,1,1,0,0,100.0,357,1,1,0
151032,4,4,0,0,100.0,835,5,2,0
151033,1,1,0,0,100.0,335,2,1,0
160104,21,21,0,0,100.0,8018,12,5,1
160105,9,9,0,0,100.0,4447,6,4,1
160106,10,10,0,0,100.0,6735,9,3,1
160107,1,0,1,0,0.0,0,0,0,0
160108,5,5,0,0,100.0,1267,4,2,0
160110,1,0,1,0,0.0,0,0,0,0
160112,2,2,0,0,100.0,108,1,1,0
160401,10,10,0,0,100.0,15465,10,4,2
160402,15,15,0,0,100.0,8776,12,6,1
160403,6,6,0,0,100.0,2145,4,1,0
160404,16,16,0,0,100.0,8156,15,3,1
160703,1,0,1,0,0.0,0,0,0,0
180101,3,3,0,0,100.0,2363,1,2,1
180102,8,8,0,0,100.0,2101,8,3,1
180103,5,5,0,0,100.0,812,5,3,0
180104,2,2,0,0,100.0,253,1,1,0
180105,2,2,0,0,100.0,1307,3,2,1
180106,2,2,0,0,100.0,909,1,1,0
180201,5,5,0,0,100.0,1607,5,1,0
180202,3,3,0,0,100.0,659,4,2,1
180203,4,4,0,0,100.0,641,5,1,0
180204,2,2,0,0,100.0,1191,2,2,1
180205,3,3,0,0,100.0,257,3,0,0
180206,1,1,0,0,100.0,330,1,1,0
180207,2,2,0,0,100.0,260,1,2,0
180208,10,10,0,0,100.0,2217,13,3,1
180209,1,1,0,0,100.0,363,2,1,1
180210,11,11,0,0,100.0,1506,12,2,1
180211,1,1,0,0,100.0,598,1,1,0
180302,1,1,0,0,100.0,4042,1,1,1
190102,7,0,7,0,0.0,0,0,0,0
190103,4,0,4,0,0.0,0,0,0,0
190104,7,0,7,0,0.0,0,0,0,0
190105,4,0,4,0,0.0,0,0,0,0
190106,8,0,8,0,0.0,0,0,0,0
190107,23,0,23,0,0.0,0,0,0,0
190108,4,0,4,0,0.0,0,0,0,0
190109,7,0,7,0,0.0,0,0,0,0
190110,5,0,5,0,0.0,0,0,0,0
190111,2,0,2,0,0.0,0,0,0,0
190112,2,0,2,0,0.0,0,0,0,0
190113,6,0,6,0,0.0,0,0,0,0
190201,24,0,24,0,0.0,0,0,0,0
190202,7,0,7,0,0.0,0,0,0,0
190203,1,0,1,0,0.0,0,0,0,0
190204,5,0,5,0,0.0,0,0,0,0
190205,1,0,1,0,0.0,0,0,0,0
190206,26,0,26,0,0.0,0,0,0,0
190207,4,0,4,0,0.0,0,0,0,0
190208,5,0,5,0,0.0,0,0,0,0
190301,6,0,6,0,0.0,0,0,0,0
190302,4,0,4,0,0.0,0,0,0,0
190303,10,0,10,0,0.0,0,0,0,0
190304,19,0,19,0,0.0,0,0,0,0
190305,17,0,17,0,0.0,0,0,0,0
190306,22,0,22,0,0.0,0,0,0,0
190307,11,0,11,0,0.0,0,0,0,0
190308,23,0,23,0,0.0,0,0,0,0
200101,2,0,0,2,0.0,0,0,0,0
200104,4,0,0,4,0.0,0,0,0,0
200105,4,0,0,4,0.0,0,0,0,0
200107,2,0,0,2,0.0,0,0,0,0
200109,7,0,0,7,0.0,0,0,0,0
200110,1,0,0,1,0.0,0,0,0,0
200111,15,0,0,15,0.0,0,0,0,0
200114,19,0,0,19,0.0,0,0,0,0
200201,58,0,0,58,0.0,0,0,0,0
200202,25,0,0,25,0.0,0,0,0,0
200203,5,0,0,5,0.0,0,0,0,0
200204,12,0,0,12,0.0,0,0,0,0
200205,10,0,0,10,0.0,0,0,0,0
200206,49,0,0,49,0.0,0,0,0,0
200207,15,0,0,15,0.0,0,0,0,0
200208,13,0,0,13,0.0,0,0,0,0
200209,2,0,0,2,0.0,0,0,0,0
200210,18,0,0,18,0.0,0,0,0,0
200301,21,0,0,21,0.0,0,0,0,0
200302,8,0,0,8,0.0,0,0,0,0
200303,12,0,0,12,0.0,0,0,0,0
200304,37,0,0,37,0.0,0,0,0,0
200305,9,0,0,9,0.0,0,0,0,0
200306,13,0,0,13,0.0,0,0,0,0
200307,8,0,0,8,0.0,0,0,0,0
200308,6,0,0,6,0.0,0,0,0,0
200401,4,0,0,4,0.0,0,0,0,0
200402,7,0,0,7,0.0,0,0,0,0
200403,8,0,0,8,0.0,0,0,0,0
200405,6,0,0,6,0.0,0,0,0,0
200406,6,0,0,6,0.0,0,0,0,0
200407,1,0,0,1,0.0,0,0,0,0
200408,3,0,0,3,0.0,0,0,0,0
200409,6,0,0,6,0.0,0,0,0,0
200410,11,0,0,11,0.0,0,0,0,0
200503,1,0,0,1,0.0,0,0,0,0
200504,1,0,0,1,0.0,0,0,0,0
200601,7,0,0,7,0.0,0,0,0,0
200604,14,0,0,14,0.0,0,0,0,0
200605,5,0,0,5,0.0,0,0,0,0
200606,1,0,0,1,0.0,0,0,0,0
200701,1,0,0,1,0.0,0,0,0,0
200702,1,0,0,1,0.0,0,0,0,0
200801,1,0,0,1,0.0,0,0,0,0
200802,1,0,0,1,0.0,0,0,0,0
200804,1,0,0,1,0.0,0,0,0,0
200805,2,0,0,2,0.0,0,0,0,0
210101,7,0,7,0,0.0,0,0,0,0
210102,24,0,24,0,0.0,0,0,0,0
210103,2,0,2,0,0.0,0,0,0,0
210104,3,0,3,0,0.0,0,0,0,0
210105,7,0,7,0,0.0,0,0,0,0
210106,10,0,10,0,0.0,0,0,0,0
210107,5,0,5,0,0.0,0,0,0,0
210108,3,0,3,0,0.0,0,0,0,0
210109,2,0,2,0,0.0,0,0,0,0
210110,1,0,1,0,0.0,0,0,0,0
210111,3,0,3,0,0.0,0,0,0,0
210112,8,0,8,0,0.0,0,0,0,0
210113,1,0,1,0,0.0,0,0,0,0
210114,2,0,2,0,0.0,0,0,0,0
210115,2,0,2,0,0.0,0,0,0,0
210201,3,0,3,0,0.0,0,0,0,0
210202,2,0,2,0,0.0,0,0,0,0
210203,4,0,4,0,0.0,0,0,0,0
210204,10,0,10,0,0.0,0,0,0,0
210205,1,0,1,0,0.0,0,0,0,0
210206,8,0,8,0,0.0,0,0,0,0
210207,1,0,1,0,0.0,0,0,0,0
210208,3,0,3,0,0.0,0,0,0,0
210209,2,0,2,0,0.0,0,0,0,0
210210,7,0,7,0,0.0,0,0,0,0
210211,4,0,4,0,0.0,0,0,0,0
210212,2,0,2,0,0.0,0,0,0,0
210213,3,0,3,0,0.0,0,0,0,0
210214,5,0,5,0,0.0,0,0,0,0
210215,1,0,1,0,0.0,0,0,0,0
210301,2,0,2,0,0.0,0,0,0,0
210302,1,0,1,0,0.0,0,0,0,0
210303,9,0,9,0,0.0,0,0,0,0
210304,5,0,5,0,0.0,0,0,0,0
210305,5,0,5,0,0.0,0,0,0,0
210306,3,0,3,0,0.0,0,0,0,0
210307,4,0,4,0,0.0,0,0,0,0
210308,2,0,2,0,0.0,0,0,0,0
210309,2,0,2,0,0.0,0,0,0,0
210310,3,0,3,0,0.0,0,0,0,0
210401,12,0,12,0,0.0,0,0,0,0
210402,3,0,3,0,0.0,0,0,0,0
210403,6,0,6,0,0.0,0,0,0,0
210404,5,0,5,0,0.0,0,0,0,0
210405,1,0,1,0,0.0,0,0,0,0
210406,19,0,19,0,0.0,0,0,0,0
210407,16,0,16,0,0.0,0,0,0,0
210501,35,0,35,0,0.0,0,0,0,0
210502,3,0,3,0,0.0,0,0,0,0
210503,8,0,8,0,0.0,0,0,0,0
210504,2,0,2,0,0.0,0,0,0,0
210505,2,0,2,0,0.0,0,0,0,0
210601,10,0,10,0,0.0,0,0,0,0
210602,2,0,2,0,0.0,0,0,0,0
210603,1,0,1,0,0.0,0,0,0,0
210604,1,0,1,0,0.0,0,0,0,0
210605,3,0,3,0,0.0,0,0,0,0
210606,6,0,6,0,0.0,0,0,0,0
210607,7,0,7,0,0.0,0,0,0,0
210608,6,0,6,0,0.0,0,0,0,0
210701,4,0,4,0,0.0,0,0,0,0
210702,4,0,4,0,0.0,0,0,0,0
210703,1,0,1,0,0.0,0,0,0,0
210704,1,0,1,0,0.0,0,0,0,0
210705,1,0,1,0,0.0,0,0,0,0
210706,1,0,1,0,0.0,0,0,0,0
210707,2,0,2,0,0.0,0,0,0,0
210708,5,0,5,0,0.0,0,0,0,0
210709,3,0,3,0,0.0,0,0,0,0
210710,1,0,1,0,0.0,0,0,0,0
210801,2,0,2,0,0.0,0,0,0,0
210802,2,0,2,0,0.0,0,0,0,0
210803,2,0,2,0,0.0,0,0,0,0
210805,6,0,6,0,0.0,0,0,0,0
210806,3,0,3,0,0.0,0,0,0,0
210807,5,0,5,0,0.0,0,0,0,0
210808,4,0,4,0,0.0,0,0,0,0
210809,3,0,3,0,0.0,0,0,0,0
210901,10,0,10,0,0.0,0,0,0,0
210902,2,0,2,0,0.0,0,0,0,0
210903,2,0,2,0,0.0,0,0,0,0
210904,1,0,1,0,0.0,0,0,0,0
211001,4,0,4,0,0.0,0,0,0,0
211002,4,0,4,0,0.0,0,0,0,0
211003,2,0,2,0,0.0,0,0,0,0
211004,2,0,2,0,0.0,0,0,0,0
211005,2,0,2,0,0.0,0,0,0,0
211101,4,0,4,0,0.0,0,0,0,0
211102,3,0,3,0,0.0,0,0,0,0
211103,3,0,3,0,0.0,0,0,0,0
211201,7,0,7,0,0.0,0,0,0,0
211202,4,0,4,0,0.0,0,0,0,0
211203,2,0,2,0,0.0,0,0,0,0
211204,4,0,4,0,0.0,0,0,0,0
211205,4,0,4,0,0.0,0,0,0,0
211206,2,0,2,0,0.0,0,0,0,0
211207,2,0,2,0,0.0,0,0,0,0
211208,1,0,1,0,0.0,0,0,0,0
211209,5,0,5,0,0.0,0,0,0,0
211210,4,0,4,0,0.0,0,0,0,0
211301,19,0,19,0,0.0,0,0,0,0
211302,1,0,1,0,0.0,0,0,0,0
211303,2,0,2,0,0.0,0,0,0,0
211304,2,0,2,0,0.0,0,0,0,0
211305,1,0,1,0,0.0,0,0,0,0
211306,1,0,1,0,0.0,0,0,0,0
211307,1,0,1,0,0.0,0,0,0,0
220101,26,0,26,0,0.0,0,0,0,0
220104,7,0,7,0,0.0,0,0,0,0
220105,3,0,3,0,0.0,0,0,0,0
220201,2,0,2,0,0.0,0,0,0,0
220202,2,0,2,0,0.0,0,0,0,0
220203,5,0,5,0,0.0,0,0,0,0
220204,1,0,1,0,0.0,0,0,0,0
220205,3,0,3,0,0.0,0,0,0,0
220206,2,0,2,0,0.0,0,0,0,0
220301,9,0,9,0,0.0,0,0,0,0
220302,1,0,1,0,0.0,0,0,0,0
220303,8,0,8,0,0.0,0,0,0,0
220304,4,0,4,0,0.0,0,0,0,0
220305,3,0,3,0,0.0,0,0,0,0
220402,1,0,1,0,0.0,0,0,0,0
220403,2,0,2,0,0.0,0,0,0,0
220404,1,0,1,0,0.0,0,0,0,0
220405,1,0,1,0,0.0,0,0,0,0
220501,5,0,5,0,0.0,0,0,0,0
220502,3,0,3,0,0.0,0,0,0,0
220503,3,0,3,0,0.0,0,0,0,0
220504,5,0,5,0,0.0,0,0,0,0
220505,4,0,4,0,0.0,0,0,0,0
220506,1,0,1,0,0.0,0,0,0,0
220508,2,0,2,0,0.0,0,0,0,0
220511,7,0,7,0,0.0,0,0,0,0
220601,2,0,2,0,0.0,0,0,0,0
220602,2,0,2,0,0.0,0,0,0,0
220603,1,0,1,0,0.0,0,0,0,0
220604,2,0,2,0,0.0,0,0,0,0
220605,3,0,3,0,0.0,0,0,0,0
220703,1,0,1,0,0.0,0,0,0,0
220704,2,0,2,0,0.0,0,0,0,0
220706,1,0,1,0,0.0,0,0,0,0
220707,2,0,2,0,0.0,0,0,0,0
220708,3,0,3,0,0.0,0,0,0,0
220709,3,0,3,0,0.0,0,0,0,0
220710,1,0,1,0,0.0,0,0,0,0
220802,4,0,4,0,0.0,0,0,0,0
220803,1,0,1,0,0.0,0,0,0,0
220804,12,0,12,0,0.0,0,0,0,0
220805,11,0,11,0,0.0,0,0,0,0
220807,2,0,2,0,0.0,0,0,0,0
220902,1,0,1,0,0.0,0,0,0,0
220904,5,0,5,0,0.0,0,0,0,0
220905,3,0,3,0,0.0,0,0,0,0
220906,2,0,2,0,0.0,0,0,0,0
220907,5,0,5,0,0.0,0,0,0,0
220911,4,0,4,0,0.0,0,0,0,0
220913,2,0,2,0,0.0,0,0,0,0
220914,1,0,1,0,0.0,0,0,0,0
221001,6,0,6,0,0.0,0,0,0,0
221002,5,0,5,0,0.0,0,0,0,0
221003,10,0,10,0,0.0,0,0,0,0
221004,1,0,1,0,0.0,0,0,0,0
221005,11,0,11,0,0.0,0,0,0,0
230101,1,1,0,0,100.0,386,1,0,0
230103,3,3,0,0,100.0,1330,3,0,0
230105,3,3,0,0,100.0,1863,4,1,1
230106,3,3,0,0,100.0,1405,4,1,1
230107,2,2,0,0,100.0,582,2,1,0
230109,4,4,0,0,100.0,2418,5,2,1
230111,11,11,0,0,100.0,2920,16,5,0
230201,2,2,0,0,100.0,129,2,0,0
230203,4,4,0,0,100.0,1053,6,2,0
230206,1,1,0,0,100.0,440,2,1,0
230301,3,3,0,0,100.0,848,3,0,2
230302,2,2,0,0,100.0,674,4,2,1
230303,3,3,0,0,100.0,1176,6,1,1
230401,1,1,0,0,100.0,19,1,0,0
230402,1,1,0,0,100.0,152,1,1,0
230403,2,2,0,0,100.0,255,2,1,0
230404,1,1,0,0,100.0,185,1,1,1
230405,1,1,0,0,100.0,306,1,1,1
230406,2,2,0,0,100.0,519,2,2,1
230407,1,1,0,0,100.0,322,1,1,0
230408,1,1,0,0,100.0,622,1,1,1
240102,1,0,0,1,0.0,0,0,0,0
240103,1,0,0,1,0.0,0,0,0,0
240104,2,0,0,2,0.0,0,0,0,0
240105,4,0,0,4,0.0,0,0,0,0
240106,1,0,0,1,0.0,0,0,0,0
240201,4,0,0,4,0.0,0,0,0,0
240202,1,0,0,1,0.0,0,0,0,0
240302,2,0,0,2,0.0,0,0,0,0
240303,1,0,0,1,0.0,0,0,0,0
240304,3,0,0,3,0.0,0,0,0,0
