UBIGEO,total_escuelas_pronatel,escuelas_operativas,escuelas_no_operativas,pct_escuelas_operativas
010103,2,0,2,0.00%
010104,1,0,1,0.00%
010106,2,0,2,0.00%
010107,1,0,1,0.00%
010109,5,0,5,0.00%
010110,5,0,5,0.00%
010111,1,0,1,0.00%
010112,2,0,2,0.00%
010113,1,0,1,0.00%
010114,2,0,2,0.00%
010115,2,0,2,0.00%
010119,1,0,1,0.00%
010120,3,0,3,0.00%
010201,4,0,4,0.00%
010202,8,0,8,0.00%
010203,6,0,6,0.00%
010204,2,0,2,0.00%
010205,7,0,7,0.00%
010206,4,0,4,0.00%
010305,1,0,1,0.00%
010306,1,0,1,0.00%
010310,1,0,1,0.00%
010312,1,0,1,0.00%
010401,31,0,31,0.00%
010502,7,0,7,0.00%
010503,1,0,1,0.00%
010504,3,0,3,0.00%
010505,3,0,3,0.00%
010507,2,0,2,0.00%
010508,2,0,2,0.00%
010509,2,0,2,0.00%
010510,1,0,1,0.00%
010511,2,0,2,0.00%
010512,5,0,5,0.00%
010513,5,0,5,0.00%
010514,1,0,1,0.00%
010515,2,0,2,0.00%
010516,1,0,1,0.00%
010517,1,0,1,0.00%
010520,1,0,1,0.00%
010521,3,0,3,0.00%
010522,2,0,2,0.00%
010523,1,0,1,0.00%
010601,1,0,1,0.00%
010603,3,0,3,0.00%
010604,2,0,2,0.00%
010605,2,0,2,0.00%
010606,2,0,2,0.00%
010607,2,0,2,0.00%
010609,4,0,4,0.00%
010701,19,0,19,0.00%
010702,35,0,35,0.00%
010703,6,0,6,0.00%
010704,7,0,7,0.00%
010705,12,0,12,0.00%
010706,18,0,18,0.00%
010707,3,0,3,0.00%
020101,2,0,2,0.00%
020102,4,0,4,0.00%
020103,1,0,1,0.00%
020104,3,0,3,0.00%
020105,8,0,8,0.00%
020106,3,0,3,0.00%
020107,2,0,2,0.00%
020108,1,0,1,0.00%
020109,3,0,3,0.00%
020110,8,0,8,0.00%
020111,5,0,5,0.00%
020112,2,0,2,0.00%
020202,3,0,3,0.00%
020203,1,0,1,0.00%
020204,3,0,3,0.00%
020205,2,0,2,0.00%
020301,1,0,1,0.00%
020302,5,0,5,0.00%
020303,2,0,2,0.00%
020304,4,0,4,0.00%
020305,7,0,7,0.00%
020306,3,0,3,0.00%
020401,2,0,2,0.00%
020402,5,0,5,0.00%
020501,1,0,1,0.00%
020502,1,0,1,0.00%
020503,1,0,1,0.00%
020504,1,0,1,0.00%
020509,2,0,2,0.00%
020510,1,0,1,0.00%
020512,1,0,1,0.00%
020513,1,0,1,0.00%
020515,2,0,2,0.00%
020601,8,0,8,0.00%
020602,1,0,1,0.00%
020604,1,0,1,0.00%
020605,1,0,1,0.00%
020606,7,0,7,0.00%
020608,3,0,3,0.00%
020611,3,0,3,0.00%
020701,13,0,13,0.00%
020702,5,0,5,0.00%
020703,9,0,9,0.00%
020801,1,0,1,0.00%
020802,2,0,2,0.00%
020803,1,0,1,0.00%
020804,4,0,4,0.00%
020902,1,0,1,0.00%
020903,1,0,1,0.00%
020904,4,0,4,0.00%
020905,1,0,1,0.00%
020906,1,0,1,0.00%
020907,1,0,1,0.00%
021001,9,0,9,0.00%
021002,3,0,3,0.00%
021003,4,0,4,0.00%
021004,11,0,11,0.00%
021005,6,0,6,0.00%
021006,5,0,5,0.00%
021007,5,0,5,0.00%
021008,4,0,4,0.00%
021009,5,0,5,0.00%
021010,4,0,4,0.00%
021011,7,0,7,0.00%
021012,2,0,2,0.00%
021013,4,0,4,0.00%
021014,12,0,12,0.00%
021015,4,0,4,0.00%
021016,4,0,4,0.00%
021101,2,0,2,0.00%
021102,1,0,1,0.00%
021103,1,0,1,0.00%
021104,2,0,2,0.00%
021105,1,0,1,0.00%
021201,10,0,10,0.00%
021202,1,0,1,0.00%
021203,1,0,1,0.00%
021204,1,0,1,0.00%
021206,9,0,9,0.00%
021207,6,0,6,0.00%
021208,7,0,7,0.00%
021209,2,0,2,0.00%
021210,1,0,1,0.00%
021301,2,0,2,0.00%
021302,5,0,5,0.00%
021303,4,0,4,0.00%
021304,4,0,4,0.00%
021305,2,0,2,0.00%
021306,14,0,14,0.00%
021307,7,0,7,0.00%
021308,3,0,3,0.00%
021405,1,0,1,0.00%
021406,1,0,1,0.00%
021407,1,0,1,0.00%
021408,1,0,1,0.00%
021409,1,0,1,0.00%
021410,1,0,1,0.00%
021501,2,0,2,0.00%
021502,1,0,1,0.00%
021503,3,0,3,0.00%
021504,1,0,1,0.00%
021505,1,0,1,0.00%
021506,1,0,1,0.00%
021507,2,0,2,0.00%
021508,3,0,3,0.00%
021509,6,0,6,0.00%
021510,2,0,2,0.00%
021511,4,0,4,0.00%
021601,3,0,3,0.00%
021602,5,0,5,0.00%
021603,9,0,9,0.00%
021604,4,0,4,0.00%
021701,1,0,1,0.00%
021703,1,0,1,0.00%
021704,1,0,1,0.00%
021705,1,0,1,0.00%
021706,1,0,1,0.00%
021707,2,0,2,0.00%
021708,1,0,1,0.00%
021709,1,0,1,0.00%
021801,11,0,11,0.00%
021802,2,0,2,0.00%
021804,1,0,1,0.00%
021805,4,0,4,0.00%
021806,3,0,3,0.00%
021807,3,0,3,0.00%
021809,1,0,1,0.00%
021901,3,0,3,0.00%
021902,4,0,4,0.00%
021903,2,0,2,0.00%
021904,3,0,3,0.00%
021905,2,0,2,0.00%
021906,7,0,7,0.00%
021907,6,0,6,0.00%
021908,1,0,1,0.00%
021909,7,0,7,0.00%
021910,6,0,6,0.00%
022001,15,0,15,0.00%
022002,2,0,2,0.00%
022003,4,0,4,0.00%
022005,10,0,10,0.00%
022006,1,0,1,0.00%
022008,9,0,9,0.00%
030101,7,7,0,100.00%
030102,1,1,0,100.00%
030103,2,2,0,100.00%
030104,17,17,0,100.00%
030105,4,4,0,100.00%
030106,2,2,0,100.00%
030107,5,5,0,100.00%
030108,5,5,0,100.00%
030109,1,1,0,100.00%
030201,9,9,0,100.00%
030202,14,14,0,100.00%
030203,2,2,0,100.00%
030204,10,10,0,100.00%
030205,7,7,0,100.00%
030206,2,2,0,100.00%
030207,5,5,0,100.00%
030208,10,10,0,100.00%
030209,14,14,0,100.00%
030210,2,2,0,100.00%
030211,2,2,0,100.00%
030212,7,7,0,100.00%
030213,14,14,0,100.00%
030214,2,2,0,100.00%
030215,20,20,0,100.00%
030216,7,7,0,100.00%
030217,2,2,0,100.00%
030218,4,4,0,100.00%
030219,2,2,0,100.00%
030220,6,6,0,100.00%
030302,2,2,0,100.00%
030303,4,4,0,100.00%
030304,4,4,0,100.00%
030305,4,4,0,100.00%
030306,3,3,0,100.00%
030307,3,3,0,100.00%
030402,2,2,0,100.00%
030403,1,1,0,100.00%
030404,8,8,0,100.00%
030405,1,1,0,100.00%
030406,4,4,0,100.00%
030408,2,2,0,100.00%
030409,1,1,0,100.00%
030410,3,3,0,100.00%
030411,2,2,0,100.00%
030412,2,2,0,100.00%
030413,1,1,0,100.00%
030414,6,6,0,100.00%
030415,7,7,0,100.00%
030416,3,3,0,100.00%
030417,2,2,0,100.00%
030501,4,4,0,100.00%
030502,5,5,0,100.00%
030503,8,8,0,100.00%
030504,14,14,0,100.00%
030505,5,5,0,100.00%
030506,5,5,0,100.00%
030601,6,6,0,100.00%
030602,11,11,0,100.00%
030603,2,2,0,100.00%
030604,9,9,0,100.00%
030605,16,16,0,100.00%
030606,8,8,0,100.00%
030607,8,8,0,100.00%
030608,9,9,0,100.00%
030609,6,6,0,100.00%
030610,4,4,0,100.00%
030701,1,1,0,100.00%
030702,6,6,0,100.00%
030703,3,3,0,100.00%
030704,4,4,0,100.00%
030705,2,2,0,100.00%
030706,2,2,0,100.00%
030707,2,2,0,100.00%
030708,2,2,0,100.00%
030709,2,2,0,100.00%
030710,2,2,0,100.00%
030711,2,2,0,100.00%
030712,2,2,0,100.00%
030713,2,2,0,100.00%
030714,4,4,0,100.00%
040106,4,0,4,0.00%
040108,14,0,14,0.00%
040113,3,0,3,0.00%
040114,5,0,5,0.00%
040116,1,0,1,0.00%
040118,1,0,1,0.00%
040119,1,0,1,0.00%
040120,3,0,3,0.00%
040123,1,0,1,0.00%
040124,1,0,1,0.00%
040125,5,0,5,0.00%
040127,1,0,1,0.00%
040128,2,0,2,0.00%
040202,1,0,1,0.00%
040203,2,0,2,0.00%
040204,1,0,1,0.00%
040206,5,0,5,0.00%
040207,1,0,1,0.00%
040208,4,0,4,0.00%
040302,6,0,6,0.00%
040303,1,0,1,0.00%
040304,3,0,3,0.00%
040305,1,0,1,0.00%
040306,3,0,3,0.00%
040308,6,0,6,0.00%
040309,3,0,3,0.00%
040310,4,0,4,0.00%
040311,2,0,2,0.00%
040312,4,0,4,0.00%
040401,10,0,10,0.00%
040402,2,0,2,0.00%
040403,1,0,1,0.00%
040404,3,0,3,0.00%
040405,3,0,3,0.00%
040406,3,0,3,0.00%
040408,5,0,5,0.00%
040409,7,0,7,0.00%
040410,4,0,4,0.00%
040411,5,0,5,0.00%
040412,2,0,2,0.00%
040413,7,0,7,0.00%
040414,6,0,6,0.00%
040501,1,0,1,0.00%
040502,2,0,2,0.00%
040503,5,0,5,0.00%
040504,3,0,3,0.00%
040505,2,0,2,0.00%
040506,1,0,1,0.00%
040507,2,0,2,0.00%
040508,6,0,6,0.00%
040509,1,0,1,0.00%
040510,1,0,1,0.00%
040511,4,0,4,0.00%
040512,1,0,1,0.00%
040513,2,0,2,0.00%
040515,2,0,2,0.00%
040516,6,0,6,0.00%
040517,1,0,1,0.00%
040518,2,0,2,0.00%
040519,3,0,3,0.00%
040520,21,0,21,0.00%
040601,5,0,5,0.00%
040602,3,0,3,0.00%
040603,4,0,4,0.00%
040604,4,0,4,0.00%
040605,3,0,3,0.00%
040606,5,0,5,0.00%
040607,2,0,2,0.00%
040608,3,0,3,0.00%
040701,1,0,1,0.00%
040702,8,0,8,0.00%
040703,2,0,2,0.00%
040706,1,0,1,0.00%
040802,1,0,1,0.00%
040803,1,0,1,0.00%
040804,1,0,1,0.00%
040805,1,0,1,0.00%
040806,1,0,1,0.00%
040808,1,0,1,0.00%
040809,1,0,1,0.00%
040810,1,0,1,0.00%
040811,1,0,1,0.00%
050101,2,2,0,100.00%
050102,12,12,0,100.00%
050103,6,6,0,100.00%
050105,9,9,0,100.00%
050106,10,10,0,100.00%
050107,2,2,0,100.00%
050108,4,4,0,100.00%
050109,2,2,0,100.00%
050111,2,2,0,100.00%
050112,15,15,0,100.00%
050113,5,5,0,100.00%
050114,18,18,0,100.00%
050201,9,9,0,100.00%
050202,17,17,0,100.00%
050203,10,10,0,100.00%
050204,3,3,0,100.00%
050205,2,2,0,100.00%
050206,9,9,0,100.00%
050302,4,4,0,100.00%
050303,4,4,0,100.00%
050304,6,6,0,100.00%
050401,6,6,0,100.00%
050402,5,5,0,100.00%
050403,6,6,0,100.00%
050404,5,5,0,100.00%
050405,2,2,0,100.00%
050406,10,10,0,100.00%
050407,11,11,0,100.00%
050408,11,11,0,100.00%
050409,1,1,0,100.00%
050411,2,2,0,100.00%
050501,6,6,0,100.00%
050502,8,8,0,100.00%
050503,9,9,0,100.00%
050504,4,4,0,100.00%
050505,4,4,0,100.00%
050506,2,2,0,100.00%
050507,11,11,0,100.00%
050508,15,15,0,100.00%
050509,16,16,0,100.00%
050510,9,9,0,100.00%
050601,3,3,0,100.00%
050602,5,5,0,100.00%
050603,2,2,0,100.00%
050604,3,3,0,100.00%
050605,4,4,0,100.00%
050606,5,5,0,100.00%
050607,2,2,0,100.00%
050608,4,4,0,100.00%
050610,1,1,0,100.00%
050611,3,3,0,100.00%
050612,2,2,0,100.00%
050613,5,5,0,100.00%
050614,1,1,0,100.00%
050615,1,1,0,100.00%
050616,1,1,0,100.00%
050617,8,8,0,100.00%
050619,2,2,0,100.00%
050620,2,2,0,100.00%
050701,3,3,0,100.00%
050702,7,7,0,100.00%
050703,1,1,0,100.00%
050704,1,1,0,100.00%
050705,5,5,0,100.00%
050706,3,3,0,100.00%
050801,1,1,0,100.00%
050802,1,1,0,100.00%
050803,1,1,0,100.00%
050804,5,5,0,100.00%
050805,2,2,0,100.00%
050806,2,2,0,100.00%
050809,1,1,0,100.00%
050810,2,2,0,100.00%
050902,2,2,0,100.00%
050903,2,2,0,100.00%
050904,1,1,0,100.00%
050905,2,2,0,100.00%
050906,4,4,0,100.00%
050907,5,5,0,100.00%
050908,2,2,0,100.00%
050909,2,2,0,100.00%
050910,2,2,0,100.00%
050911,3,3,0,100.00%
051002,5,5,0,100.00%
051003,2,2,0,100.00%
051005,5,5,0,100.00%
051006,2,2,0,100.00%
051007,2,2,0,100.00%
051008,2,2,0,100.00%
051009,4,4,0,100.00%
051010,6,6,0,100.00%
051011,6,6,0,100.00%
051012,5,5,0,100.00%
051101,6,6,0,100.00%
051102,3,3,0,100.00%
051104,4,4,0,100.00%
051105,4,4,0,100.00%
051106,2,2,0,100.00%
051107,1,1,0,100.00%
051108,9,9,0,100.00%
060101,22,0,22,0.00%
060102,12,0,12,0.00%
060103,5,0,5,0.00%
060105,32,0,32,0.00%
060106,18,0,18,0.00%
060107,2,0,2,0.00%
060108,14,0,14,0.00%
060109,6,0,6,0.00%
060111,6,0,6,0.00%
060112,1,0,1,0.00%
060201,12,0,12,0.00%
060202,24,0,24,0.00%
060203,9,0,9,0.00%
060204,8,0,8,0.00%
060301,16,0,16,0.00%
060302,2,0,2,0.00%
060303,12,0,12,0.00%
060304,33,0,33,0.00%
060305,1,0,1,0.00%
060306,3,0,3,0.00%
060307,13,0,13,0.00%
060308,4,0,4,0.00%
060309,23,0,23,0.00%
060310,11,0,11,0.00%
060311,1,0,1,0.00%
060312,16,0,16,0.00%
060401,33,0,33,0.00%
060402,12,0,12,0.00%
060403,6,0,6,0.00%
060404,7,0,7,0.00%
060405,5,0,5,0.00%
060406,5,0,5,0.00%
060407,8,0,8,0.00%
060408,13,0,13,0.00%
060409,16,0,16,0.00%
060410,16,0,16,0.00%
060411,17,0,17,0.00%
060412,3,0,3,0.00%
060413,10,0,10,0.00%
060414,5,0,5,0.00%
060415,20,0,20,0.00%
060416,5,0,5,0.00%
060417,40,0,40,0.00%
060419,20,0,20,0.00%
060501,4,0,4,0.00%
060503,3,0,3,0.00%
060504,7,0,7,0.00%
060505,4,0,4,0.00%
060506,2,0,2,0.00%
060507,3,0,3,0.00%
060601,77,0,77,0.00%
060602,30,0,30,0.00%
060603,9,0,9,0.00%
060604,6,0,6,0.00%
060605,9,0,9,0.00%
060606,14,0,14,0.00%
060607,51,0,51,0.00%
060608,4,0,4,0.00%
060609,7,0,7,0.00%
060610,6,0,6,0.00%
060611,6,0,6,0.00%
060612,12,0,12,0.00%
060613,15,0,15,0.00%
060614,24,0,24,0.00%
060615,5,0,5,0.00%
060701,68,0,68,0.00%
060702,12,0,12,0.00%
060703,16,0,16,0.00%
060801,14,0,14,0.00%
060802,19,0,19,0.00%
060803,5,0,5,0.00%
060804,5,0,5,0.00%
060805,11,0,11,0.00%
060806,5,0,5,0.00%
060807,1,0,1,0.00%
060808,4,0,4,0.00%
060809,4,0,4,0.00%
060810,2,0,2,0.00%
060811,9,0,9,0.00%
060812,7,0,7,0.00%
060901,49,0,49,0.00%
060902,26,0,26,0.00%
060903,27,0,27,0.00%
060904,28,0,28,0.00%
060905,19,0,19,0.00%
060906,30,0,30,0.00%
060907,6,0,6,0.00%
061001,14,0,14,0.00%
061002,8,0,8,0.00%
061003,8,0,8,0.00%
061004,12,0,12,0.00%
061006,1,0,1,0.00%
061007,4,0,4,0.00%
061101,14,0,14,0.00%
061102,2,0,2,0.00%
061103,8,0,8,0.00%
061104,4,0,4,0.00%
061105,4,0,4,0.00%
061106,6,0,6,0.00%
061107,12,0,12,0.00%
061108,2,0,2,0.00%
061109,5,0,5,0.00%
061110,5,0,5,0.00%
061111,12,0,12,0.00%
061112,9,0,9,0.00%
061113,5,0,5,0.00%
061201,19,0,19,0.00%
061202,12,0,12,0.00%
061203,4,0,4,0.00%
061204,5,0,5,0.00%
061301,5,0,5,0.00%
061302,2,0,2,0.00%
061303,13,0,13,0.00%
061304,12,0,12,0.00%
061305,6,0,6,0.00%
061306,8,0,8,0.00%
061307,14,0,14,0.00%
061308,5,0,5,0.00%
061310,5,0,5,0.00%
061311,11,0,11,0.00%
080102,2,2,0,100.00%
080104,1,1,0,100.00%
080201,1,1,0,100.00%
080203,6,6,0,100.00%
080204,1,1,0,100.00%
080205,9,9,0,100.00%
080206,8,8,0,100.00%
080301,3,3,0,100.00%
080302,4,4,0,100.00%
080304,2,2,0,100.00%
080305,2,2,0,100.00%
080306,5,5,0,100.00%
080307,1,1,0,100.00%
080309,1,1,0,100.00%
080401,7,7,0,100.00%
080402,2,2,0,100.00%
080403,3,3,0,100.00%
080404,2,2,0,100.00%
080405,7,7,0,100.00%
080406,3,3,0,100.00%
080407,2,2,0,100.00%
080408,4,4,0,100.00%
080501,5,5,0,100.00%
080502,9,9,0,100.00%
080503,5,5,0,100.00%
080504,2,2,0,100.00%
080505,8,8,0,100.00%
080507,7,7,0,100.00%
080508,2,2,0,100.00%
080601,3,3,0,100.00%
080602,1,1,0,100.00%
080604,3,3,0,100.00%
080701,14,14,0,100.00%
080702,4,4,0,100.00%
080703,10,10,0,100.00%
080704,11,11,0,100.00%
080705,6,6,0,100.00%
080706,6,6,0,100.00%
080707,3,3,0,100.00%
080708,5,5,0,100.00%
080801,1,1,0,100.00%
080802,2,2,0,100.00%
080803,4,4,0,100.00%
080804,2,2,0,100.00%
080805,3,3,0,100.00%
080806,4,4,0,100.00%
080807,3,3,0,100.00%
080808,2,2,0,100.00%
080901,4,4,0,100.00%
080902,13,13,0,100.00%
080903,4,4,0,100.00%
080904,6,6,0,100.00%
080905,2,2,0,100.00%
080906,11,11,0,100.00%
080907,15,15,0,100.00%
080908,3,3,0,100.00%
080909,4,4,0,100.00%
080910,18,18,0,100.00%
080912,2,2,0,100.00%
080913,3,3,0,100.00%
081001,3,3,0,100.00%
081002,4,4,0,100.00%
081003,4,4,0,100.00%
081004,1,1,0,100.00%
081005,5,5,0,100.00%
081006,8,8,0,100.00%
081007,2,2,0,100.00%
081008,3,3,0,100.00%
081009,3,3,0,100.00%
081102,4,4,0,100.00%
081103,9,9,0,100.00%
081104,12,12,0,100.00%
081105,10,10,0,100.00%
081106,2,2,0,100.00%
081201,4,4,0,100.00%
081202,2,2,0,100.00%
081204,2,2,0,100.00%
081205,16,16,0,100.00%
081206,1,1,0,100.00%
081208,3,3,0,100.00%
081210,19,19,0,100.00%
081212,1,1,0,100.00%
081301,1,1,0,100.00%
081302,2,2,0,100.00%
081303,5,5,0,100.00%
081305,5,5,0,100.00%
081306,1,1,0,100.00%
090101,10,10,0,100.00%
090102,4,4,0,100.00%
090103,45,45,0,100.00%
090105,3,3,0,100.00%
090106,2,2,0,100.00%
090107,2,2,0,100.00%
090108,2,2,0,100.00%
090109,2,2,0,100.00%
090110,3,3,0,100.00%
090111,2,2,0,100.00%
090112,1,1,0,100.00%
090113,4,4,0,100.00%
090114,4,4,0,100.00%
090115,2,2,0,100.00%
090116,2,2,0,100.00%
090117,37,37,0,100.00%
090119,9,9,0,100.00%
090201,4,4,0,100.00%
090202,9,9,0,100.00%
090203,11,11,0,100.00%
090204,6,6,0,100.00%
090205,2,2,0,100.00%
090206,19,19,0,100.00%
090207,6,6,0,100.00%
090208,8,8,0,100.00%
090301,19,19,0,100.00%
090302,15,15,0,100.00%
090303,2,2,0,100.00%
090304,4,4,0,100.00%
090306,6,6,0,100.00%
090307,2,2,0,100.00%
090308,2,2,0,100.00%
090309,2,2,0,100.00%
090310,3,3,0,100.00%
090311,3,3,0,100.00%
090312,5,5,0,100.00%
090402,2,2,0,100.00%
090403,2,2,0,100.00%
090404,1,1,0,100.00%
090405,1,1,0,100.00%
090406,1,1,0,100.00%
090407,3,3,0,100.00%
090409,4,4,0,100.00%
090410,1,1,0,100.00%
090412,2,2,0,100.00%
090413,2,2,0,100.00%
090502,8,8,0,100.00%
090503,4,4,0,100.00%
090504,4,4,0,100.00%
090506,5,5,0,100.00%
090507,8,8,0,100.00%
090509,4,4,0,100.00%
090510,7,7,0,100.00%
090511,3,3,0,100.00%
090602,1,1,0,100.00%
090603,3,3,0,100.00%
090604,1,1,0,100.00%
090605,2,2,0,100.00%
090606,3,3,0,100.00%
090607,2,2,0,100.00%
090608,2,2,0,100.00%
090609,1,1,0,100.00%
090610,1,1,0,100.00%
090611,2,2,0,100.00%
090612,1,1,0,100.00%
090613,3,3,0,100.00%
090614,1,1,0,100.00%
090615,1,1,0,100.00%
090616,2,2,0,100.00%
090701,5,5,0,100.00%
090702,2,2,0,100.00%
090703,9,9,0,100.00%
090704,5,5,0,100.00%
090705,3,3,0,100.00%
090706,3,3,0,100.00%
090707,3,3,0,100.00%
090709,11,11,0,100.00%
090711,6,6,0,100.00%
090713,2,2,0,100.00%
090714,8,8,0,100.00%
090715,8,8,0,100.00%
090716,3,3,0,100.00%
090717,6,6,0,100.00%
090718,4,4,0,100.00%
090719,9,9,0,100.00%
090720,4,4,0,100.00%
090723,2,2,0,100.00%
100101,2,0,2,0.00%
100102,8,0,8,0.00%
100103,5,0,5,0.00%
100104,12,0,12,0.00%
100105,3,0,3,0.00%
100106,4,0,4,0.00%
100107,1,0,1,0.00%
100108,3,0,3,0.00%
100109,12,0,12,0.00%
100110,1,0,1,0.00%
100111,1,0,1,0.00%
100112,2,0,2,0.00%
100113,11,0,11,0.00%
100201,6,0,6,0.00%
100202,1,0,1,0.00%
100203,4,0,4,0.00%
100204,1,0,1,0.00%
100205,5,0,5,0.00%
100206,2,0,2,0.00%
100207,4,0,4,0.00%
100301,1,0,1,0.00%
100307,5,0,5,0.00%
100311,5,0,5,0.00%
100313,2,0,2,0.00%
100316,3,0,3,0.00%
100317,5,0,5,0.00%
100321,2,0,2,0.00%
100322,3,0,3,0.00%
100323,1,0,1,0.00%
100401,1,0,1,0.00%
100402,5,0,5,0.00%
100403,2,0,2,0.00%
100404,8,0,8,0.00%
100501,6,0,6,0.00%
100502,2,0,2,0.00%
100503,6,0,6,0.00%
100504,14,0,14,0.00%
100505,3,0,3,0.00%
100506,5,0,5,0.00%
100507,10,0,10,0.00%
100508,2,0,2,0.00%
100509,7,0,7,0.00%
100510,6,0,6,0.00%
100511,5,0,5,0.00%
100601,2,0,2,0.00%
100602,3,0,3,0.00%
100603,1,0,1,0.00%
100604,3,0,3,0.00%
100605,3,0,3,0.00%
100606,2,0,2,0.00%
100607,1,0,1,0.00%
100609,3,0,3,0.00%
100610,1,0,1,0.00%
100701,14,0,14,0.00%
100702,2,0,2,0.00%
100703,6,0,6,0.00%
100704,5,0,5,0.00%
100705,1,0,1,0.00%
100801,7,0,7,0.00%
100802,5,0,5,0.00%
100803,13,0,13,0.00%
100804,11,0,11,0.00%
100901,5,0,5,0.00%
100902,4,0,4,0.00%
100903,6,0,6,0.00%
100904,2,0,2,0.00%
100905,2,0,2,0.00%
101001,3,0,3,0.00%
101002,2,0,2,0.00%
101003,1,0,1,0.00%
101004,1,0,1,0.00%
101005,5,0,5,0.00%
101006,4,0,4,0.00%
101007,4,0,4,0.00%
101101,3,0,3,0.00%
101103,2,0,2,0.00%
101104,7,0,7,0.00%
101106,6,0,6,0.00%
101107,2,0,2,0.00%
101108,1,0,1,0.00%
110109,3,2,1,66.67%
110111,4,4,0,100.00%
110114,1,1,0,100.00%
110202,1,0,1,0.00%
110203,2,2,0,100.00%
110204,4,0,4,0.00%
110205,4,0,4,0.00%
110208,1,0,1,0.00%
110209,2,0,2,0.00%
110301,1,1,0,100.00%
110302,6,3,3,50.00%
110303,1,1,0,100.00%
110305,1,0,1,0.00%
110402,3,3,0,100.00%
110403,2,0,2,0.00%
110404,3,0,3,0.00%
110502,1,0,1,0.00%
110503,3,0,3,0.00%
110504,2,0,2,0.00%
110505,2,0,2,0.00%
110507,1,0,1,0.00%
120104,1,0,1,0.00%
120105,1,0,1,0.00%
120108,3,0,3,0.00%
120111,1,1,0,100.00%
120112,1,1,0,100.00%
120113,1,0,1,0.00%
120114,1,0,1,0.00%
120119,1,0,1,0.00%
120120,2,0,2,0.00%
120122,2,0,2,0.00%
120124,8,0,8,0.00%
120126,2,0,2,0.00%
120127,3,0,3,0.00%
120128,3,0,3,0.00%
120129,1,0,1,0.00%
120132,1,0,1,0.00%
120133,5,0,5,0.00%
120134,1,0,1,0.00%
120135,2,2,0,100.00%
120201,2,0,2,0.00%
120202,3,0,3,0.00%
120203,9,9,0,100.00%
120204,1,0,1,0.00%
120205,5,0,5,0.00%
120206,8,0,8,0.00%
120207,1,0,1,0.00%
120209,2,2,0,100.00%
120210,2,2,0,100.00%
120212,1,0,1,0.00%
120213,2,0,2,0.00%
120214,8,0,8,0.00%
120215,2,2,0,100.00%
120302,15,11,4,73.33%
120303,17,11,6,64.71%
120304,4,3,1,75.00%
120305,4,4,0,100.00%
120306,2,0,2,0.00%
120402,5,5,0,100.00%
120403,5,4,1,80.00%
120405,1,1,0,100.00%
120406,1,1,0,100.00%
120410,2,2,0,100.00%
120412,1,1,0,100.00%
120417,1,0,1,0.00%
120418,1,0,1,0.00%
120419,1,1,0,100.00%
120423,1,1,0,100.00%
120425,2,1,1,50.00%
120426,2,2,0,100.00%
120428,1,0,1,0.00%
120431,6,1,5,16.67%
120432,1,1,0,100.00%
120433,2,2,0,100.00%
120501,2,2,0,100.00%
120503,1,1,0,100.00%
120504,3,3,0,100.00%
120601,3,2,1,66.67%
120602,2,2,0,100.00%
120603,7,5,2,71.43%
120604,17,4,13,23.53%
120606,35,34,1,97.14%
120607,4,4,0,100.00%
120608,19,11,8,57.89%
120701,8,6,2,75.00%
120702,9,3,6,33.33%
120703,3,3,0,100.00%
120704,11,10,1,90.91%
120706,1,0,1,0.00%
120707,2,2,0,100.00%
120708,1,1,0,100.00%
120709,7,4,3,57.14%
120801,1,1,0,100.00%
120803,1,1,0,100.00%
120804,1,1,0,100.00%
120807,2,2,0,100.00%
120809,1,1,0,100.00%
120810,1,0,1,0.00%
120901,4,0,4,0.00%
120903,2,0,2,0.00%
120904,2,0,2,0.00%
120906,2,0,2,0.00%
120907,5,0,5,0.00%
120908,1,0,1,0.00%
120909,3,0,3,0.00%
130106,2,0,2,0.00%
130110,2,0,2,0.00%
130205,1,0,1,0.00%
130206,1,0,1,0.00%
130208,4,0,4,0.00%
130302,3,0,3,0.00%
130303,1,0,1,0.00%
130304,6,0,6,0.00%
130305,8,0,8,0.00%
130306,1,0,1,0.00%
130401,3,0,3,0.00%
130402,3,0,3,0.00%
130403,3,0,3,0.00%
130501,28,0,28,0.00%
130502,19,0,19,0.00%
130503,23,0,23,0.00%
130504,20,0,20,0.00%
130601,34,0,34,0.00%
130602,24,0,24,0.00%
130604,10,0,10,0.00%
130605,10,0,10,0.00%
130606,2,0,2,0.00%
130608,5,0,5,0.00%
130610,2,0,2,0.00%
130611,9,0,9,0.00%
130613,4,0,4,0.00%
130614,48,0,48,0.00%
130705,2,0,2,0.00%
130801,23,0,23,0.00%
130802,14,0,14,0.00%
130803,26,0,26,0.00%
130804,20,0,20,0.00%
130805,4,0,4,0.00%
130806,12,0,12,0.00%
130807,1,0,1,0.00%
130808,21,0,21,0.00%
130809,7,0,7,0.00%
130810,7,0,7,0.00%
130811,5,0,5,0.00%
130812,7,0,7,0.00%
130813,5,0,5,0.00%
130901,24,0,24,0.00%
130902,35,0,35,0.00%
130903,23,0,23,0.00%
130904,8,0,8,0.00%
130905,17,0,17,0.00%
130906,26,0,26,0.00%
130907,23,0,23,0.00%
130908,17,0,17,0.00%
131001,17,0,17,0.00%
131002,8,0,8,0.00%
131003,5,0,5,0.00%
131004,4,0,4,0.00%
131005,3,0,3,0.00%
131006,21,0,21,0.00%
131007,6,0,6,0.00%
131008,14,0,14,0.00%
131101,7,0,7,0.00%
131102,12,0,12,0.00%
131103,2,0,2,0.00%
131104,12,0,12,0.00%
131201,5,0,5,0.00%
131202,1,0,1,0.00%
140102,11,11,0,100.00%
140103,2,2,0,100.00%
140105,1,1,0,100.00%
140106,3,3,0,100.00%
140107,6,6,0,100.00%
140108,8,8,0,100.00%
140109,5,5,0,100.00%
140110,8,8,0,100.00%
140111,3,3,0,100.00%
140112,1,1,0,100.00%
140113,4,4,0,100.00%
140115,7,7,0,100.00%
140116,4,4,0,100.00%
140117,7,7,0,100.00%
140118,2,2,0,100.00%
140119,9,9,0,100.00%
140120,2,2,0,100.00%
140201,1,1,0,100.00%
140202,3,3,0,100.00%
140203,32,32,0,100.00%
140204,3,3,0,100.00%
140205,27,27,0,100.00%
140206,2,2,0,100.00%
140301,16,16,0,100.00%
140302,1,1,0,100.00%
140303,11,11,0,100.00%
140304,15,15,0,100.00%
140305,14,14,0,100.00%
140306,47,47,0,100.00%
140307,16,16,0,100.00%
140308,47,47,0,100.00%
140309,11,11,0,100.00%
140310,22,22,0,100.00%
140311,3,3,0,100.00%
140312,18,18,0,100.00%
150201,3,3,0,100.00%
150202,4,4,0,100.00%
150203,6,6,0,100.00%
150204,6,6,0,100.00%
150301,2,2,0,100.00%
150302,2,2,0,100.00%
150303,4,4,0,100.00%
150304,5,5,0,100.00%
150305,2,2,0,100.00%
150401,2,2,0,100.00%
150402,1,1,0,100.00%
150403,2,2,0,100.00%
150404,4,4,0,100.00%
150405,1,1,0,100.00%
150407,9,9,0,100.00%
150501,7,7,0,100.00%
150502,2,2,0,100.00%
150503,2,2,0,100.00%
150506,1,1,0,100.00%
150507,2,2,0,100.00%
150508,2,2,0,100.00%
150509,2,2,0,100.00%
150510,3,3,0,100.00%
150511,3,3,0,100.00%
150512,2,2,0,100.00%
150514,2,2,0,100.00%
150515,2,2,0,100.00%
150516,2,2,0,100.00%
150601,7,7,0,100.00%
150602,2,2,0,100.00%
150603,2,2,0,100.00%
150604,4,4,0,100.00%
150605,2,2,0,100.00%
150606,4,4,0,100.00%
150607,1,1,0,100.00%
150608,1,1,0,100.00%
150609,1,1,0,100.00%
150610,2,2,0,100.00%
150611,2,2,0,100.00%
150612,1,1,0,100.00%
150702,1,1,0,100.00%
150703,1,1,0,100.00%
150704,1,1,0,100.00%
150705,1,1,0,100.00%
150706,1,1,0,100.00%
150707,1,1,0,100.00%
150708,1,1,0,100.00%
150709,3,3,0,100.00%
150710,1,1,0,100.00%
150711,2,2,0,100.00%
150712,1,1,0,100.00%
150713,1,1,0,100.00%
150714,1,1,0,100.00%
150715,2,2,0,100.00%
150716,1,1,0,100.00%
150718,2,2,0,100.00%
150720,1,1,0,100.00%
150721,2,2,0,100.00%
150723,2,2,0,100.00%
150724,1,1,0,100.00%
150727,1,1,0,100.00%
150728,1,1,0,100.00%
150729,1,1,0,100.00%
150730,1,1,0,100.00%
150731,1,1,0,100.00%
150801,1,1,0,100.00%
150802,1,1,0,100.00%
150804,2,2,0,100.00%
150806,2,2,0,100.00%
150807,5,5,0,100.00%
150808,2,2,0,100.00%
150809,2,2,0,100.00%
150810,3,3,0,100.00%
150811,9,9,0,100.00%
150812,1,1,0,100.00%
150901,4,4,0,100.00%
150902,1,1,0,100.00%
150903,2,2,0,100.00%
150904,1,1,0,100.00%
150905,1,1,0,100.00%
150906,3,3,0,100.00%
151001,2,2,0,100.00%
151002,2,2,0,100.00%
151003,3,3,0,100.00%
151004,2,2,0,100.00%
151005,1,1,0,100.00%
151006,2,2,0,100.00%
151008,3,3,0,100.00%
151009,1,1,0,100.00%
151010,1,1,0,100.00%
151011,2,2,0,100.00%
151012,2,2,0,100.00%
151013,1,1,0,100.00%
151014,1,1,0,100.00%
151015,2,2,0,100.00%
151016,2,2,0,100.00%
151017,2,2,0,100.00%
151018,2,2,0,100.00%
151019,2,2,0,100.00%
151020,3,3,0,100.00%
151021,1,1,0,100.00%
151022,2,2,0,100.00%
151023,1,1,0,100.00%
151024,3,3,0,100.00%
151025,1,1,0,100.00%
151026,1,1,0,100.00%
151027,1,1,0,100.00%
151028,2,2,0,100.00%
151029,2,2,0,100.00%
151030,2,2,0,100.00%
151031,1,1,0,100.00%
151032,5,5,0,100.00%
151033,2,2,0,100.00%
160101,1,0,1,0.00%
160103,6,0,6,0.00%
160104,13,12,1,92.31%
160105,7,6,1,85.71%
160106,62,9,53,14.52%
160107,74,0,74,0.00%
160108,12,4,8,33.33%
160110,20,0,20,0.00%
160112,14,1,13,7.14%
160206,9,0,9,0.00%
160210,9,0,9,0.00%
160301,2,0,2,0.00%
160302,9,0,9,0.00%
160305,10,0,10,0.00%
160401,10,10,0,100.00%
160402,12,12,0,100.00%
160403,4,4,0,100.00%
160404,15,15,0,100.00%
160703,52,0,52,0.00%
160801,18,0,18,0.00%
160802,7,0,7,0.00%
160803,24,0,24,0.00%
160804,11,0,11,0.00%
180101,1,1,0,100.00%
180102,8,7,1,87.50%
180103,5,3,2,60.00%
180104,1,1,0,100.00%
180105,2,1,1,50.00%
180106,1,1,0,100.00%
180201,5,5,0,100.00%
180202,4,4,0,100.00%
180203,5,5,0,100.00%
180204,2,2,0,100.00%
180205,3,3,0,100.00%
180206,1,1,0,100.00%
180207,1,1,0,100.00%
180208,11,11,0,100.00%
180209,2,2,0,100.00%
180210,12,12,0,100.00%
180211,1,1,0,100.00%
180302,1,1,0,100.00%
190102,10,0,10,0.00%
190103,5,0,5,0.00%
190104,8,0,8,0.00%
190105,8,0,8,0.00%
190106,9,0,9,0.00%
190107,37,0,37,0.00%
190108,5,0,5,0.00%
190109,10,0,10,0.00%
190110,6,0,6,0.00%
190111,3,0,3,0.00%
190112,2,0,2,0.00%
190113,5,0,5,0.00%
190201,32,0,32,0.00%
190202,11,0,11,0.00%
190203,1,0,1,0.00%
190204,4,0,4,0.00%
190205,3,0,3,0.00%
190206,35,0,35,0.00%
190207,7,0,7,0.00%
190208,8,0,8,0.00%
190301,6,0,6,0.00%
190302,6,0,6,0.00%
190303,11,0,11,0.00%
190304,22,0,22,0.00%
190305,22,0,22,0.00%
190306,34,0,34,0.00%
190307,11,0,11,0.00%
190308,35,0,35,0.00%
200101,2,0,2,0.00%
200104,4,0,4,0.00%
200105,2,0,2,0.00%
200108,1,0,1,0.00%
200109,6,0,6,0.00%
200111,18,0,18,0.00%
200114,33,0,33,0.00%
200201,67,0,67,0.00%
200202,29,0,29,0.00%
200203,6,0,6,0.00%
200204,16,0,16,0.00%
200205,11,0,11,0.00%
200206,53,0,53,0.00%
200207,17,0,17,0.00%
200208,13,0,13,0.00%
200209,4,0,4,0.00%
200210,27,0,27,0.00%
200301,22,0,22,0.00%
200302,10,0,10,0.00%
200303,16,0,16,0.00%
200304,37,0,37,0.00%
200305,8,0,8,0.00%
200306,13,0,13,0.00%
200307,8,0,8,0.00%
200308,9,0,9,0.00%
200401,8,0,8,0.00%
200402,4,0,4,0.00%
200403,9,0,9,0.00%
200405,4,0,4,0.00%
200406,11,0,11,0.00%
200407,1,0,1,0.00%
200408,5,0,5,0.00%
200409,6,0,6,0.00%
200410,13,0,13,0.00%
200501,2,0,2,0.00%
200503,1,0,1,0.00%
200504,2,0,2,0.00%
200507,3,0,3,0.00%
200601,9,0,9,0.00%
200603,1,0,1,0.00%
200604,15,0,15,0.00%
200605,1,0,1,0.00%
200606,3,0,3,0.00%
200701,1,0,1,0.00%
200702,1,0,1,0.00%
200705,1,0,1,0.00%
200801,4,0,4,0.00%
200804,1,0,1,0.00%
210101,3,2,1,66.67%
210102,34,11,23,32.35%
210103,3,0,3,0.00%
210104,4,4,0,100.00%
210105,10,8,2,80.00%
210106,12,7,5,58.33%
210107,8,6,2,75.00%
210108,2,1,1,50.00%
210109,4,4,0,100.00%
210111,5,5,0,100.00%
210112,12,5,7,41.67%
210113,2,2,0,100.00%
210114,2,2,0,100.00%
210115,2,2,0,100.00%
210201,6,0,6,0.00%
210202,4,2,2,50.00%
210203,9,3,6,33.33%
210204,15,13,2,86.67%
210206,9,2,7,22.22%
210208,5,5,0,100.00%
210209,4,0,4,0.00%
210210,8,5,3,62.50%
210211,3,1,2,33.33%
210212,4,2,2,50.00%
210213,5,2,3,40.00%
210214,6,2,4,33.33%
210215,1,1,0,100.00%
210301,4,0,4,0.00%
210302,2,0,2,0.00%
210303,15,0,15,0.00%
210304,8,3,5,37.50%
210305,10,0,10,0.00%
210306,7,0,7,0.00%
210307,7,0,7,0.00%
210308,5,0,5,0.00%
210309,4,0,4,0.00%
210310,7,0,7,0.00%
210401,15,0,15,0.00%
210402,3,0,3,0.00%
210403,6,6,0,100.00%
210404,6,0,6,0.00%
210405,1,1,0,100.00%
210406,21,7,14,33.33%
210407,19,1,18,5.26%
210501,42,0,42,0.00%
210502,2,2,0,100.00%
210503,18,0,18,0.00%
210504,2,0,2,0.00%
210505,2,2,0,100.00%
210601,12,0,12,0.00%
210602,3,0,3,0.00%
210603,3,3,0,100.00%
210604,2,2,0,100.00%
210605,3,2,1,66.67%
210606,10,4,6,40.00%
210607,9,2,7,22.22%
210608,12,0,12,0.00%
210701,5,0,5,0.00%
210702,4,4,0,100.00%
210705,2,2,0,100.00%
210706,2,2,0,100.00%
210707,4,4,0,100.00%
210708,4,2,2,50.00%
210709,4,2,2,50.00%
210710,1,1,0,100.00%
210802,5,3,2,60.00%
210803,2,2,0,100.00%
210805,9,8,1,88.89%
210806,2,2,0,100.00%
210807,10,8,2,80.00%
210808,3,2,1,66.67%
210901,12,0,12,0.00%
210902,3,2,1,66.67%
210903,4,0,4,0.00%
210904,2,2,0,100.00%
211001,4,2,2,50.00%
211002,5,0,5,0.00%
211003,4,4,0,100.00%
211004,4,2,2,50.00%
211005,3,3,0,100.00%
211101,1,0,1,0.00%
211102,3,2,1,66.67%
211103,4,2,2,50.00%
211201,12,0,12,0.00%
211202,6,0,6,0.00%
211203,4,0,4,0.00%
211204,6,0,6,0.00%
211205,8,0,8,0.00%
211206,3,0,3,0.00%
211207,3,0,3,0.00%
211208,2,0,2,0.00%
211209,9,0,9,0.00%
211210,5,0,5,0.00%
211301,20,0,20,0.00%
211302,2,2,0,100.00%
211304,3,0,3,0.00%
211305,1,1,0,100.00%
211307,2,2,0,100.00%
220101,26,0,26,0.00%
220104,7,0,7,0.00%
220105,3,0,3,0.00%
220201,1,0,1,0.00%
220202,3,0,3,0.00%
220203,3,0,3,0.00%
220205,2,0,2,0.00%
220206,1,0,1,0.00%
220301,12,0,12,0.00%
220302,3,0,3,0.00%
220303,10,0,10,0.00%
220304,4,0,4,0.00%
220305,4,0,4,0.00%
220402,2,0,2,0.00%
220403,4,0,4,0.00%
220405,2,0,2,0.00%
220501,3,0,3,0.00%
220502,3,0,3,0.00%
220503,5,0,5,0.00%
220504,3,0,3,0.00%
220505,5,0,5,0.00%
220506,1,0,1,0.00%
220508,2,0,2,0.00%
220511,6,0,6,0.00%
220602,1,0,1,0.00%
220603,3,0,3,0.00%
220604,3,0,3,0.00%
220605,2,0,2,0.00%
220704,2,0,2,0.00%
220707,2,0,2,0.00%
220708,4,0,4,0.00%
220709,2,0,2,0.00%
220710,1,0,1,0.00%
220802,3,0,3,0.00%
220803,1,0,1,0.00%
220804,6,0,6,0.00%
220805,7,0,7,0.00%
220807,1,0,1,0.00%
220902,1,0,1,0.00%
220904,8,0,8,0.00%
220905,4,0,4,0.00%
220906,3,0,3,0.00%
220907,5,0,5,0.00%
220911,2,0,2,0.00%
220914,2,0,2,0.00%
221001,7,0,7,0.00%
221002,4,0,4,0.00%
221003,9,0,9,0.00%
221004,1,0,1,0.00%
221005,6,0,6,0.00%
230101,1,1,0,100.00%
230103,3,3,0,100.00%
230105,4,4,0,100.00%
230106,4,4,0,100.00%
230107,2,2,0,100.00%
230109,5,5,0,100.00%
230111,16,16,0,100.00%
230201,2,2,0,100.00%
230203,6,6,0,100.00%
230206,1,1,0,100.00%
230301,3,3,0,100.00%
230302,4,2,2,50.00%
230303,6,6,0,100.00%
230401,1,0,1,0.00%
230402,1,1,0,100.00%
230403,2,1,1,50.00%
230404,1,0,1,0.00%
230405,1,1,0,100.00%
230406,2,2,0,100.00%
230407,1,0,1,0.00%
230408,1,0,1,0.00%
240103,1,0,1,0.00%
240104,8,0,8,0.00%
240105,8,0,8,0.00%
240106,3,0,3,0.00%
240201,3,0,3,0.00%
240202,11,0,11,0.00%
240203,1,0,1,0.00%
240301,1,0,1,0.00%
240302,3,0,3,0.00%
240303,5,0,5,0.00%
240304,8,0,8,0.00%
