UBIGEO,tiene_dependencia_policial,dependencias_operativas,dependencias_no_operativas,pct_operativas
010101,1,0,1,0.0
010103,1,0,1,0.0
010106,1,0,1,0.0
010107,1,0,1,0.0
010109,1,0,1,0.0
010110,1,0,1,0.0
010113,1,0,1,0.0
010114,1,0,1,0.0
010117,1,0,1,0.0
010118,1,0,1,0.0
010202,1,0,2,0.0
010203,1,0,1,0.0
010205,1,0,1,0.0
010206,1,0,1,0.0
010303,1,0,1,0.0
010306,1,0,2,0.0
010307,1,0,2,0.0
010311,1,0,1,0.0
010401,1,0,1,0.0
010502,1,0,1,0.0
010503,1,0,1,0.0
010504,1,0,1,0.0
010505,1,0,1,0.0
010506,1,0,1,0.0
010512,1,0,1,0.0
010513,1,0,1,0.0
010521,1,0,1,0.0
010522,1,0,1,0.0
010604,1,0,1,0.0
010605,1,0,1,0.0
010606,1,0,1,0.0
010609,1,0,1,0.0
010610,1,0,1,0.0
010702,1,0,1,0.0
010703,1,0,1,0.0
010704,1,0,1,0.0
010705,1,0,2,0.0
010706,1,0,1,0.0
020110,1,0,1,0.0
020111,1,0,1,0.0
020112,1,0,2,0.0
020505,1,0,2,0.0
020507,1,0,2,0.0
020508,1,0,1,0.0
020604,1,0,1,0.0
020804,1,0,1,0.0
021009,1,0,1,0.0
021016,1,0,1,0.0
021204,1,0,1,0.0
021206,1,0,1,0.0
021408,1,0,1,0.0
021503,1,0,1,0.0
021508,1,0,1,0.0
021509,1,0,1,0.0
021511,1,0,1,0.0
021703,1,0,1,0.0
021706,1,0,1,0.0
021801,1,0,2,0.0
021802,1,0,1,0.0
021804,1,0,1,0.0
022005,1,0,1,0.0
022008,1,0,1,0.0
030104,1,2,0,100.0
030105,1,1,0,100.0
030106,1,1,0,100.0
030108,1,1,0,100.0
030202,1,1,0,100.0
030204,1,1,0,100.0
030205,1,1,0,100.0
030207,1,1,0,100.0
030209,1,1,0,100.0
030210,1,1,0,100.0
030212,1,1,0,100.0
030215,1,1,0,100.0
030220,1,1,0,100.0
030305,1,1,0,100.0
030306,1,1,0,100.0
030406,1,1,0,100.0
030414,1,1,0,100.0
030415,1,1,0,100.0
030502,1,1,0,100.0
030503,1,1,0,100.0
030504,1,1,0,100.0
030505,1,1,0,100.0
030506,1,1,0,100.0
030602,1,1,0,100.0
030603,1,1,0,100.0
030604,1,1,0,100.0
030605,1,1,0,100.0
030606,1,1,0,100.0
030607,1,1,0,100.0
030703,1,1,0,100.0
030705,1,1,0,100.0
030708,1,1,0,100.0
030712,1,1,0,100.0
040106,1,0,1,0.0
040108,1,0,4,0.0
040111,1,0,1,0.0
040113,1,0,1,0.0
040114,1,0,1,0.0
040118,1,0,1,0.0
040119,1,0,1,0.0
040125,1,0,1,0.0
040127,1,0,1,0.0
040128,1,0,1,0.0
040202,1,0,2,0.0
040203,1,0,1,0.0
040204,1,0,2,0.0
040205,1,0,1,0.0
040206,1,0,1,0.0
040207,1,0,1,0.0
040208,1,0,2,0.0
040308,1,0,2,0.0
040309,1,0,1,0.0
040310,1,0,1,0.0
040311,1,0,1,0.0
040313,1,0,2,0.0
040402,1,0,1,0.0
040407,1,0,1,0.0
040408,1,0,1,0.0
040411,1,0,1,0.0
040503,1,0,1,0.0
040505,1,0,1,0.0
040507,1,0,1,0.0
040508,1,0,1,0.0
040511,1,0,1,0.0
040513,1,0,1,0.0
040514,1,0,1,0.0
040515,1,0,1,0.0
040520,1,0,3,0.0
040602,1,0,1,0.0
040603,1,0,1,0.0
040604,1,0,1,0.0
040606,1,0,1,0.0
040607,1,0,1,0.0
040802,1,0,1,0.0
040803,1,0,1,0.0
040806,1,0,1,0.0
050103,1,1,0,100.0
050114,1,1,0,100.0
050202,1,1,0,100.0
050205,1,1,0,100.0
050206,1,1,0,100.0
050403,1,1,0,100.0
050505,1,1,0,100.0
050508,1,1,0,100.0
050602,1,1,0,100.0
050603,1,1,0,100.0
050604,1,1,0,100.0
050606,1,1,0,100.0
050612,1,1,0,100.0
050613,1,1,0,100.0
050704,1,1,0,100.0
050802,1,1,0,100.0
050805,1,1,0,100.0
050806,1,1,0,100.0
050911,1,1,0,100.0
051012,1,1,0,100.0
051104,1,1,0,100.0
060101,1,0,1,0.0
060102,1,0,1,0.0
060105,1,0,2,0.0
060107,1,0,1,0.0
060202,1,0,3,0.0
060203,1,0,1,0.0
060204,1,0,1,0.0
060302,1,0,1,0.0
060304,1,0,1,0.0
060307,1,0,1,0.0
060308,1,0,1,0.0
060309,1,0,1,0.0
060312,1,0,1,0.0
060402,1,0,1,0.0
060404,1,0,1,0.0
060405,1,0,1,0.0
060408,1,0,1,0.0
060409,1,0,1,0.0
060411,1,0,1,0.0
060412,1,0,1,0.0
060413,1,0,1,0.0
060415,1,0,1,0.0
060416,1,0,1,0.0
060417,1,0,1,0.0
060503,1,0,1,0.0
060504,1,0,1,0.0
060505,1,0,1,0.0
060506,1,0,1,0.0
060507,1,0,2,0.0
060601,1,0,1,0.0
060602,1,0,1,0.0
060603,1,0,1,0.0
060605,1,0,1,0.0
060606,1,0,1,0.0
060607,1,0,1,0.0
060609,1,0,1,0.0
060612,1,0,1,0.0
060615,1,0,1,0.0
060701,1,0,1,0.0
060702,1,0,1,0.0
060801,1,0,1,0.0
060802,1,0,2,0.0
060803,1,0,1,0.0
060804,1,0,1,0.0
060805,1,0,1,0.0
060806,1,0,1,0.0
060807,1,0,1,0.0
060808,1,0,1,0.0
060810,1,0,1,0.0
060812,1,0,1,0.0
060903,1,0,1,0.0
060905,1,0,1,0.0
060906,1,0,1,0.0
060907,1,0,1,0.0
061002,1,0,1,0.0
061003,1,0,1,0.0
061004,1,0,1,0.0
061007,1,0,1,0.0
061103,1,0,1,0.0
061105,1,0,1,0.0
061106,1,0,1,0.0
061109,1,0,1,0.0
061110,1,0,1,0.0
061112,1,0,1,0.0
061113,1,0,2,0.0
061202,1,0,1,0.0
061302,1,0,1,0.0
061304,1,0,1,0.0
061306,1,0,1,0.0
061310,1,0,1,0.0
080202,1,1,0,100.0
080204,1,1,0,100.0
080205,1,1,0,100.0
080207,1,1,0,100.0
080302,1,1,0,100.0
080304,1,1,0,100.0
080305,1,1,0,100.0
080306,1,1,0,100.0
080307,1,1,0,100.0
080406,1,1,0,100.0
080408,1,1,0,100.0
080503,1,1,0,100.0
080504,1,1,0,100.0
080505,1,1,0,100.0
080603,1,1,0,100.0
080605,1,1,0,100.0
080705,1,1,0,100.0
080708,1,1,0,100.0
080901,1,2,0,100.0
080902,1,3,0,100.0
080903,1,1,0,100.0
080904,1,2,0,100.0
080906,1,1,0,100.0
080908,1,1,0,100.0
080910,1,1,0,100.0
081002,1,1,0,100.0
081005,1,1,0,100.0
081009,1,1,0,100.0
081104,1,1,0,100.0
081105,1,1,0,100.0
081106,1,1,0,100.0
081203,1,1,0,100.0
081205,1,1,0,100.0
081207,1,1,0,100.0
081208,1,1,0,100.0
081209,1,1,0,100.0
081210,1,1,0,100.0
081212,1,1,0,100.0
081303,1,1,0,100.0
081305,1,1,0,100.0
090102,1,1,0,100.0
090103,1,1,0,100.0
090106,1,1,0,100.0
090108,1,1,0,100.0
090112,1,1,0,100.0
090117,1,1,0,100.0
090206,1,1,0,100.0
090304,1,1,0,100.0
090309,1,1,0,100.0
090402,1,1,0,100.0
090403,1,1,0,100.0
090405,1,1,0,100.0
090407,1,1,0,100.0
090412,1,1,0,100.0
090413,1,1,0,100.0
090507,1,1,0,100.0
090509,1,1,0,100.0
090603,1,1,0,100.0
090607,1,1,0,100.0
090613,1,1,0,100.0
090707,1,1,0,100.0
090711,1,1,0,100.0
090717,1,1,0,100.0
100101,1,0,1,0.0
100103,1,0,1,0.0
100105,1,0,1,0.0
100108,1,0,1,0.0
100111,1,0,1,0.0
100202,1,0,1,0.0
100507,1,0,3,0.0
100601,1,0,1,0.0
100705,1,0,1,0.0
101002,1,0,1,0.0
101005,1,0,1,0.0
101007,1,0,1,0.0
110103,1,1,0,100.0
110105,1,1,0,100.0
110107,1,1,0,100.0
110109,1,1,0,100.0
110303,1,1,0,100.0
110503,1,0,2,0.0
110504,1,0,1,0.0
120108,1,0,1,0.0
120206,1,0,1,0.0
120213,1,1,0,100.0
120304,1,1,0,100.0
120403,1,1,0,100.0
120431,1,1,0,100.0
120504,1,1,0,100.0
120604,1,0,1,0.0
120606,1,1,0,100.0
120704,1,1,0,100.0
120706,1,0,2,0.0
130108,1,0,1,0.0
130204,1,0,1,0.0
130302,1,0,1,0.0
130305,1,0,1,0.0
130401,1,0,1,0.0
130503,1,0,1,0.0
130602,1,0,1,0.0
130604,1,0,2,0.0
130605,1,0,1,0.0
130608,1,0,1,0.0
130611,1,0,1,0.0
130613,1,0,1,0.0
130614,1,0,1,0.0
130803,1,0,1,0.0
130808,1,0,2,0.0
130809,1,0,1,0.0
130904,1,0,1,0.0
130907,1,0,1,0.0
131002,1,0,1,0.0
131003,1,0,1,0.0
131006,1,0,2,0.0
131102,1,0,1,0.0
131103,1,0,1,0.0
131104,1,0,1,0.0
131201,1,0,1,0.0
131202,1,0,1,0.0
131203,1,0,1,0.0
140107,1,1,0,100.0
140109,1,1,0,100.0
140110,1,1,0,100.0
140115,1,2,0,100.0
140119,1,1,0,100.0
140202,1,1,0,100.0
140203,1,2,0,100.0
140205,1,1,0,100.0
140303,1,1,0,100.0
140306,1,3,0,100.0
140309,1,1,0,100.0
140310,1,2,0,100.0
140311,1,1,0,100.0
150303,1,1,0,100.0
150407,1,2,0,100.0
150501,1,1,0,100.0
150503,1,1,0,100.0
150509,1,1,0,100.0
150510,1,1,0,100.0
150511,1,1,0,100.0
150516,1,1,0,100.0
150604,1,1,0,100.0
150605,1,1,0,100.0
150709,1,1,0,100.0
150718,1,1,0,100.0
150721,1,1,0,100.0
150727,1,1,0,100.0
150732,1,1,0,100.0
150802,1,1,0,100.0
150811,1,1,0,100.0
151008,1,1,0,100.0
151015,1,1,0,100.0
160104,1,1,0,100.0
160105,1,1,0,100.0
160106,1,1,0,100.0
160107,1,0,1,0.0
160110,1,0,1,0.0
160401,1,2,0,100.0
160402,1,1,0,100.0
160404,1,1,0,100.0
160801,1,0,3,0.0
160802,1,0,2,0.0
160803,1,0,1,0.0
160804,1,0,3,0.0
180101,1,1,0,100.0
180102,1,1,0,100.0
180105,1,1,0,100.0
180202,1,1,0,100.0
180204,1,1,0,100.0
180208,1,1,0,100.0
180209,1,1,0,100.0
180210,1,1,0,100.0
180302,1,1,0,100.0
190102,1,0,1,0.0
190104,1,0,1,0.0
190107,1,0,1,0.0
190110,1,0,1,0.0
190113,1,0,2,0.0
190202,1,0,1,0.0
190203,1,0,1,0.0
190204,1,0,1,0.0
190206,1,0,1,0.0
190303,1,0,1,0.0
190304,1,0,1,0.0
190305,1,0,1,0.0
190306,1,0,1,0.0
190308,1,0,1,0.0
200111,1,0,1,0.0
200201,1,0,1,0.0
200203,1,0,2,0.0
200204,1,0,2,0.0
200205,1,0,1,0.0
200206,1,0,1,0.0
200207,1,0,1,0.0
200209,1,0,1,0.0
200210,1,0,3,0.0
200303,1,0,1,0.0
200401,1,0,2,0.0
200408,1,0,2,0.0
200506,1,0,1,0.0
200604,1,0,6,0.0
200606,1,0,1,0.0
200804,1,0,1,0.0
210101,1,0,2,0.0
210102,1,1,0,100.0
210105,1,1,0,100.0
210106,1,1,0,100.0
210108,1,1,0,100.0
210109,1,1,0,100.0
210111,1,1,0,100.0
210114,1,1,0,100.0
210203,1,1,0,100.0
210204,1,1,0,100.0
210207,1,1,0,100.0
210211,1,1,0,100.0
210306,1,0,1,0.0
210403,1,1,0,100.0
210407,1,0,1,0.0
210503,1,0,1,0.0
210504,1,2,0,100.0
210605,1,1,0,100.0
210606,1,1,0,100.0
210607,1,1,0,100.0
210608,1,0,1,0.0
210708,1,1,0,100.0
210709,1,1,0,100.0
210802,1,1,0,100.0
210806,1,1,0,100.0
210807,1,1,0,100.0
210808,1,1,0,100.0
210902,1,1,0,100.0
211002,1,0,2,0.0
211103,1,1,0,100.0
211203,1,0,1,0.0
211206,1,0,1,0.0
211207,1,0,1,0.0
211301,1,0,2,0.0
220203,1,0,1,0.0
220205,1,0,1,0.0
220303,1,0,1,0.0
220405,1,0,2,0.0
220504,1,0,2,0.0
220602,1,0,1,0.0
220805,1,0,2,0.0
220904,1,0,1,0.0
220906,1,0,1,0.0
220913,1,0,1,0.0
220914,1,0,1,0.0
221002,1,0,1,0.0
221003,1,0,1,0.0
221005,1,0,1,0.0
230105,1,1,0,100.0
230106,1,1,0,100.0
230109,1,1,0,100.0
230301,1,2,0,100.0
230302,1,0,1,0.0
230303,1,1,0,100.0
230404,1,0,1,0.0
230405,1,1,0,100.0
230406,1,1,0,100.0
230408,1,0,1,0.0
240104,1,0,1,0.0
240106,1,0,1,0.0
240201,1,0,1,0.0
240202,1,0,1,0.0
240304,1,0,1,0.0
