UBIGEO,COD_DPTO,NOM_DPTO,COD_PROV,NOM_PROV,COD_DIST,NOM_DIST,establecimientos,operativos,no_operativos,centros_poblados,proyectos,porcentaje_operativo
060601,06,CAJAMARCA,0606,CUTERVO,060601,CUTERVO,43,0,43,43,1,0.0
060701,06,CAJAMARCA,0607,HUALGAYOC,060701,BAMBAMARCA,27,0,27,27,1,0.0
200201,20,PIURA,2002,AYABACA,200201,AYABACA,25,0,25,25,1,0.0
010702,01,AMAZONAS,0107,UTCUBAMBA,010702,CAJARURO,25,0,25,25,1,0.0
140306,14,LAMBAYEQUE,1403,LAMBAYEQUE,140306,MORROPE,21,21,0,21,1,100.0
210501,21,PUNO,2105,EL COLLAO,210501,ILAVE,20,0,20,20,1,0.0
060401,06,CAJAMARCA,0604,CHOTA,060401,CHOTA,19,0,19,19,1,0.0
190201,19,PASCO,1902,DANIEL ALCIDES CARRION,190201,YANAHUANCA,19,0,19,19,1,0.0
060607,06,CAJAMARCA,0606,CUTERVO,060607,QUEROCOTILLO,19,0,19,19,1,0.0
090117,09,HUANCAVELICA,0901,HUANCAVELICA,090117,YAULI,18,18,0,18,1,100.0
010701,01,AMAZONAS,0107,UTCUBAMBA,010701,BAGUA GRANDE,18,0,18,18,1,0.0
090103,09,HUANCAVELICA,0901,HUANCAVELICA,090103,ACORIA,16,16,0,16,1,100.0
120606,12,JUNIN,1206,SATIPO,120606,PANGOA,15,15,0,15,1,100.0
060417,06,CAJAMARCA,0604,CHOTA,060417,TACABAMBA,14,0,14,14,1,0.0
190206,19,PASCO,1902,DANIEL ALCIDES CARRION,190206,SANTA ANA DE TUSI,14,0,14,14,1,0.0
160703,16,LORETO,1607,DATEM DEL MARAÑON,160703,MANSERICHE,14,0,14,14,1,0.0
060614,06,CAJAMARCA,0606,CUTERVO,060614,SOCOTA,13,0,13,13,1,0.0
200304,20,PIURA,2003,HUANCABAMBA,200304,HUARMACA,13,0,13,13,1,0.0
210102,21,PUNO,2101,PUNO,210102,ACORA,13,4,9,13,1,30.7692
200111,20,PIURA,2001,PIURA,200111,LAS LOMAS,13,0,13,13,1,0.0
060901,06,CAJAMARCA,0609,SAN IGNACIO,060901,SAN IGNACIO,13,0,13,13,1,0.0
060602,06,CAJAMARCA,0606,CUTERVO,060602,CALLAYUC,13,0,13,13,1,0.0
060904,06,CAJAMARCA,0609,SAN IGNACIO,060904,LA COIPA,13,0,13,13,1,0.0
060906,06,CAJAMARCA,0609,SAN IGNACIO,060906,SAN JOSE DE LOURDES,12,0,12,12,1,0.0
060419,06,CAJAMARCA,0604,CHOTA,060419,CHALAMARCA,11,0,11,11,1,0.0
190308,19,PASCO,1903,OXAPAMPA,190308,CONSTITUCION,11,0,11,11,1,0.0
060410,06,CAJAMARCA,0604,CHOTA,060410,LAJAS,11,0,11,11,1,0.0
120608,12,JUNIN,1206,SATIPO,120608,RIO TAMBO,11,6,5,11,1,54.5455
140308,14,LAMBAYEQUE,1403,LAMBAYEQUE,140308,OLMOS,11,11,0,11,1,100.0
060101,06,CAJAMARCA,0601,CAJAMARCA,060101,CAJAMARCA,10,0,10,10,1,0.0
220101,22,SAN MARTIN,2201,MOYOBAMBA,220101,MOYOBAMBA,10,0,10,10,1,0.0
060903,06,CAJAMARCA,0609,SAN IGNACIO,060903,HUARANGO,10,0,10,10,1,0.0
010401,01,AMAZONAS,0104,CONDORCANQUI,010401,NIEVA,10,0,10,10,1,0.0
130614,13,LA LIBERTAD,1306,OTUZCO,130614,USQUIL,10,0,10,10,1,0.0
190306,19,PASCO,1903,OXAPAMPA,190306,PUERTO BERMUDEZ,10,0,10,10,1,0.0
140203,14,LAMBAYEQUE,1402,FERREÑAFE,140203,INCAHUASI,10,10,0,10,1,100.0
020105,02,ANCASH,0201,HUARAZ,020105,INDEPENDENCIA,10,0,10,10,1,0.0
200604,20,PIURA,2006,SULLANA,200604,LANCONES,10,0,10,10,1,0.0
010705,01,AMAZONAS,0107,UTCUBAMBA,010705,JAMALCA,10,0,10,10,1,0.0
060703,06,CAJAMARCA,0607,HUALGAYOC,060703,HUALGAYOC,9,0,9,9,1,0.0
200114,20,PIURA,2001,PIURA,200114,TAMBO GRANDE,9,0,9,9,1,0.0
120302,12,JUNIN,1203,CHANCHAMAYO,120302,PERENE,9,4,5,9,1,44.4444
050408,05,AYACUCHO,0504,HUANTA,050408,LLOCHEGUA,9,9,0,9,1,100.0
150601,15,LIMA,1506,HUARAL,150601,HUARAL,9,9,0,9,1,100.0
090301,09,HUANCAVELICA,0903,ANGARAES,090301,LIRCAY,9,9,0,9,1,100.0
190304,19,PASCO,1903,OXAPAMPA,190304,PALCAZU,9,0,9,9,1,0.0
130602,13,LA LIBERTAD,1306,OTUZCO,130602,AGALLPAMPA,9,0,9,9,1,0.0
021801,02,ANCASH,0218,SANTA,021801,CHIMBOTE,9,0,9,9,1,0.0
030204,03,APURIMAC,0302,ANDAHUAYLAS,030204,HUANCARAMA,9,9,0,9,1,100.0
200601,20,PIURA,2006,SULLANA,200601,SULLANA,8,0,8,8,1,0.0
200210,20,PIURA,2002,AYABACA,200210,SUYO,8,0,8,8,1,0.0
090208,09,HUANCAVELICA,0902,ACOBAMBA,090208,ROSARIO,8,8,0,8,1,100.0
010706,01,AMAZONAS,0107,UTCUBAMBA,010706,LONYA GRANDE,8,0,8,8,1,0.0
200605,20,PIURA,2006,SULLANA,200605,MARCAVELICA,8,0,8,8,1,0.0
120114,12,JUNIN,1201,HUANCAYO,120114,EL TAMBO,8,0,8,8,1,0.0
220804,22,SAN MARTIN,2208,RIOJA,220804,NUEVA CAJAMARCA,8,0,8,8,1,0.0
140205,14,LAMBAYEQUE,1402,FERREÑAFE,140205,PITIPO,8,8,0,8,1,100.0
160107,16,LORETO,1601,MAYNAS,160107,NAPO,8,0,8,8,1,0.0
190107,19,PASCO,1901,PASCO,190107,PAUCARTAMBO,8,0,8,8,1,0.0
060612,06,CAJAMARCA,0606,CUTERVO,060612,SANTO DOMINGO DE LA CAPILLA,8,0,8,8,1,0.0
060409,06,CAJAMARCA,0604,CHOTA,060409,HUAMBOS,8,0,8,8,1,0.0
060105,06,CAJAMARCA,0601,CAJAMARCA,060105,ENCAÑADA,8,0,8,8,1,0.0
080907,08,CUSCO,0809,LA CONVENCION,080907,KIMBIRI,8,8,0,8,1,100.0
190305,19,PASCO,1903,OXAPAMPA,190305,POZUZO,8,0,8,8,1,0.0
210503,21,PUNO,2105,EL COLLAO,210503,PILCUYO,8,0,8,8,1,0.0
060801,06,CAJAMARCA,0608,JAEN,060801,JAEN,8,0,8,8,1,0.0
060802,06,CAJAMARCA,0608,JAEN,060802,BELLAVISTA,8,0,8,8,1,0.0
021206,02,ANCASH,0212,HUAYLAS,021206,PAMPAROMAS,8,0,8,8,1,0.0
210406,21,PUNO,2104,CHUCUITO,210406,POMATA,8,2,6,8,1,25.0
221005,22,SAN MARTIN,2210,TOCACHE,221005,UCHIZA,7,0,7,7,1,0.0
060309,06,CAJAMARCA,0603,CELENDIN,060309,SOROCHUCO,7,0,7,7,1,0.0
060304,06,CAJAMARCA,0603,CELENDIN,060304,HUASMIN,7,0,7,7,1,0.0
060613,06,CAJAMARCA,0606,CUTERVO,060613,SANTO TOMAS,7,0,7,7,1,0.0
210608,21,PUNO,2106,HUANCANE,210608,VILQUE CHICO,7,0,7,7,1,0.0
010202,01,AMAZONAS,0102,BAGUA,010202,ARAMANGO,7,0,7,7,1,0.0
090203,09,HUANCAVELICA,0902,ACOBAMBA,090203,ANTA,7,7,0,7,1,100.0
080910,08,CUSCO,0809,LA CONVENCION,080910,PICHARI,7,7,0,7,1,100.0
200206,20,PIURA,2002,AYABACA,200206,PACAIPAMPA,7,0,7,7,1,0.0
210601,21,PUNO,2106,HUANCANE,210601,HUANCANE,7,0,7,7,1,0.0
090709,09,HUANCAVELICA,0907,TAYACAJA,090709,HUARIBAMBA,7,7,0,7,1,100.0
090302,09,HUANCAVELICA,0903,ANGARAES,090302,ANCHONGA,7,7,0,7,1,100.0
080701,08,CUSCO,0807,CHUMBIVILCAS,080701,SANTO TOMAS,7,7,0,7,1,100.0
210407,21,PUNO,2104,CHUCUITO,210407,ZEPITA,7,1,6,7,1,14.2857
010704,01,AMAZONAS,0107,UTCUBAMBA,010704,EL MILAGRO,7,0,7,7,1,0.0
040108,04,AREQUIPA,0401,AREQUIPA,040108,LA JOYA,7,0,7,7,1,0.0
100507,10,HUANUCO,1005,HUAMALIES,100507,MONZON,7,0,7,7,1,0.0
200306,20,PIURA,2003,HUANCABAMBA,200306,SAN MIGUEL DE EL FAIQUE,7,0,7,7,1,0.0
030104,03,APURIMAC,0301,ABANCAY,030104,CURAHUASI,7,7,0,7,1,100.0
160106,16,LORETO,1601,MAYNAS,160106,MAZAN,7,3,4,7,2,42.8571
030208,03,APURIMAC,0302,ANDAHUAYLAS,030208,PACOBAMBA,7,7,0,7,1,100.0
090206,09,HUANCAVELICA,0902,ACOBAMBA,090206,PAUCARA,7,7,0,7,1,100.0
030107,03,APURIMAC,0301,ABANCAY,030107,PICHIRHUA,7,7,0,7,1,100.0
190109,19,PASCO,1901,PASCO,190109,SIMON BOLIVAR,7,0,7,7,1,0.0
060415,06,CAJAMARCA,0604,CHOTA,060415,QUEROCOTO,7,0,7,7,1,0.0
140310,14,LAMBAYEQUE,1403,LAMBAYEQUE,140310,SALAS,7,7,0,7,1,100.0
130504,13,LA LIBERTAD,1305,JULCAN,130504,HUASO,7,0,7,7,1,0.0
030215,03,APURIMAC,0302,ANDAHUAYLAS,030215,SANTA MARIA DE CHICMO,7,7,0,7,1,100.0
030202,03,APURIMAC,0302,ANDAHUAYLAS,030202,ANDARAPA,7,7,0,7,1,100.0
030213,03,APURIMAC,0302,ANDAHUAYLAS,030213,SAN JERONIMO,7,7,0,7,1,100.0
190307,19,PASCO,1903,OXAPAMPA,190307,VILLA RICA,7,0,7,7,1,0.0
030504,03,APURIMAC,0305,COTABAMBAS,030504,HAQUIRA,7,7,0,7,1,100.0
210901,21,PUNO,2109,MOHO,210901,MOHO,6,0,6,6,1,0.0
050202,05,AYACUCHO,0502,CANGALLO,050202,CHUSCHI,6,6,0,6,1,100.0
100109,10,HUANUCO,1001,HUANUCO,100109,SANTA MARIA DEL VALLE,6,0,6,6,1,0.0
060812,06,CAJAMARCA,0608,JAEN,060812,SANTA ROSA,6,0,6,6,1,0.0
060805,06,CAJAMARCA,0608,JAEN,060805,HUABAL,6,0,6,6,1,0.0
060202,06,CAJAMARCA,0602,CAJABAMBA,060202,CACHACHI,6,0,6,6,1,0.0
061303,06,CAJAMARCA,0613,SANTA CRUZ,061303,CATACHE,6,0,6,6,1,0.0
200301,20,PIURA,2003,HUANCABAMBA,200301,HUANCABAMBA,6,0,6,6,1,0.0
220805,22,SAN MARTIN,2208,RIOJA,220805,PARDO MIGUEL,6,0,6,6,1,0.0
060413,06,CAJAMARCA,0604,CHOTA,060413,PACCHA,6,0,6,6,1,0.0
150201,15,LIMA,1502,BARRANCA,150201,BARRANCA,6,6,0,6,1,100.0
220511,22,SAN MARTIN,2205,LAMAS,220511,ZAPATERO,6,0,6,6,1,0.0
051108,05,AYACUCHO,0511,VILCAS HUAMAN,051108,VISCHONGO,6,6,0,6,1,100.0
211301,21,PUNO,2113,YUNGUYO,211301,YUNGUYO,6,0,6,6,1,0.0
050114,05,AYACUCHO,0501,HUAMANGA,050114,VINCHOS,6,6,0,6,1,100.0
010206,01,AMAZONAS,0102,BAGUA,010206,LA PECA,6,0,6,6,1,0.0
060408,06,CAJAMARCA,0604,CHOTA,060408,CONCHAN,6,0,6,6,1,0.0
130905,13,LA LIBERTAD,1309,SANCHEZ CARRION,130905,MARCABAL,6,0,6,6,1,0.0
131201,13,LA LIBERTAD,1312,VIRU,131201,VIRU,6,0,6,6,1,0.0
030608,03,APURIMAC,0306,CHINCHEROS,030608,RANRACANCHA,6,6,0,6,1,100.0
131006,13,LA LIBERTAD,1310,SANTIAGO DE CHUCO,131006,QUIRUVILCA,6,0,6,6,1,0.0
022008,02,ANCASH,0220,YUNGAY,022008,YANAMA,6,0,6,6,1,0.0
022001,02,ANCASH,0220,YUNGAY,022001,YUNGAY,6,0,6,6,1,0.0
160402,16,LORETO,1604,MARISCAL RAMON CASTILLA,160402,PEBAS,6,6,0,6,1,100.0
130501,13,LA LIBERTAD,1305,JULCAN,130501,JULCAN,6,0,6,6,1,0.0
100902,10,HUANUCO,1009,PUERTO INCA,100902,CODO DEL POZUZO,6,0,6,6,1,0.0
120402,12,JUNIN,1204,JAUJA,120402,ACOLLA,6,6,0,6,1,100.0
120303,12,JUNIN,1203,CHANCHAMAYO,120303,PICHANAQUI,5,5,0,5,1,100.0
210305,21,PUNO,2103,CARABAYA,210305,CORANI,5,0,5,5,1,0.0
100903,10,HUANUCO,1009,PUERTO INCA,100903,HONORIA,5,0,5,5,1,0.0
230111,23,TACNA,2301,TACNA,230111,LA YARADA LOS PALOS,5,5,0,5,1,100.0
100504,10,HUANUCO,1005,HUAMALIES,100504,JACAS GRANDE,5,0,5,5,1,0.0
220907,22,SAN MARTIN,2209,SAN MARTIN,220907,HUIMBAYOC,5,0,5,5,1,0.0
050507,05,AYACUCHO,0505,LA MAR,050507,SANTA ROSA,5,5,0,5,1,100.0
120133,12,JUNIN,1201,HUANCAYO,120133,SAPALLANGA,5,0,5,5,1,0.0
101106,10,HUANUCO,1011,YAROWILCA,101106,OBAS,5,0,5,5,1,0.0
050106,05,AYACUCHO,0501,HUAMANGA,050106,OCROS,5,5,0,5,1,100.0
040401,04,AREQUIPA,0404,CASTILLA,040401,APLAO,5,0,5,5,1,0.0
060811,06,CAJAMARCA,0608,JAEN,060811,SAN JOSE DEL ALTO,5,0,5,5,1,0.0
210105,21,PUNO,2101,PUNO,210105,CAPACHICA,5,3,2,5,1,60.0
200204,20,PIURA,2002,AYABACA,200204,LAGUNAS,5,0,5,5,1,0.0
020703,02,ANCASH,0207,CARLOS FERMIN FITZCARRALD,020703,YAUYA,5,0,5,5,1,0.0
061107,06,CAJAMARCA,0611,SAN MIGUEL,061107,LLAPA,5,0,5,5,1,0.0
061111,06,CAJAMARCA,0611,SAN MIGUEL,061111,SAN SILVESTRE DE COCHAN,5,0,5,5,1,0.0
060403,06,CAJAMARCA,0604,CHOTA,060403,CHADIN,5,0,5,5,1,0.0
210112,21,PUNO,2101,PUNO,210112,PLATERIA,5,3,2,5,1,60.0
060902,06,CAJAMARCA,0609,SAN IGNACIO,060902,CHIRINOS,5,0,5,5,1,0.0
210401,21,PUNO,2104,CHUCUITO,210401,JULI,5,0,5,5,1,0.0
210101,21,PUNO,2101,PUNO,210101,PUNO,5,3,2,5,1,60.0
210303,21,PUNO,2103,CARABAYA,210303,AYAPATA,5,0,5,5,1,0.0
100104,10,HUANUCO,1001,HUANUCO,100104,CHURUBAMBA,5,0,5,5,1,0.0
120704,12,JUNIN,1207,TARMA,120704,HUASAHUASI,5,4,1,5,1,80.0
120214,12,JUNIN,1202,CONCEPCION,120214,SAN JOSE DE QUERO,5,0,5,5,1,0.0
200405,20,PIURA,2004,MORROPON,200405,MORROPON,5,0,5,5,1,0.0
050102,05,AYACUCHO,0501,HUAMANGA,050102,ACOCRO,5,5,0,5,1,100.0
100605,10,HUANUCO,1006,LEONCIO PRADO,100605,LUYANDO,5,0,5,5,1,0.0
120701,12,JUNIN,1207,TARMA,120701,TARMA,5,3,2,5,1,60.0
090507,09,HUANCAVELICA,0905,CHURCAMPA,090507,PAUCARBAMBA,5,5,0,5,1,100.0
190303,19,PASCO,1903,OXAPAMPA,190303,HUANCABAMBA,5,0,5,5,1,0.0
021207,02,ANCASH,0212,HUAYLAS,021207,PUEBLO LIBRE,5,0,5,5,1,0.0
190202,19,PASCO,1902,DANIEL ALCIDES CARRION,190202,CHACAYAN,5,0,5,5,1,0.0
190104,19,PASCO,1901,PASCO,190104,HUAYLLAY,5,0,5,5,1,0.0
130106,13,LA LIBERTAD,1301,TRUJILLO,130106,LAREDO,5,0,5,4,1,0.0
190113,19,PASCO,1901,PASCO,190113,YANACANCHA,5,0,5,4,1,0.0
130601,13,LA LIBERTAD,1306,OTUZCO,130601,OTUZCO,5,0,5,5,1,0.0
030605,03,APURIMAC,0306,CHINCHEROS,030605,OCOBAMBA,5,5,0,5,1,100.0
160110,16,LORETO,1601,MAYNAS,160110,TORRES CAUSANA,5,0,5,5,1,0.0
160104,16,LORETO,1601,MAYNAS,160104,INDIANA,5,5,0,5,1,100.0
150204,15,LIMA,1502,BARRANCA,150204,SUPE,5,5,0,5,1,100.0
140312,14,LAMBAYEQUE,1403,LAMBAYEQUE,140312,TUCUME,5,5,0,5,1,100.0
140107,14,LAMBAYEQUE,1401,CHICLAYO,140107,LAGUNAS,5,5,0,5,1,100.0
131102,13,LA LIBERTAD,1311,GRAN CHIMU,131102,LUCMA,5,0,5,5,1,0.0
160803,16,LORETO,1608,PUTUMAYO,160803,TENIENTE MANUEL CLAVERO,5,0,5,5,1,0.0
150510,15,LIMA,1505,CAÑETE,150510,NUEVO IMPERIAL,5,5,0,5,1,100.0
120604,12,JUNIN,1206,SATIPO,120604,MAZAMARI,5,0,5,5,1,0.0
030209,03,APURIMAC,0302,ANDAHUAYLAS,030209,PACUCHA,5,5,0,5,1,100.0
150203,15,LIMA,1502,BARRANCA,150203,PATIVILCA,5,5,0,5,1,100.0
200105,20,PIURA,2001,PIURA,200105,CATACAOS,5,0,5,5,1,0.0
200109,20,PIURA,2001,PIURA,200109,LA ARENA,5,0,5,5,1,0.0
050112,05,AYACUCHO,0501,HUAMANGA,050112,SOCOS,5,5,0,5,1,100.0
050407,05,AYACUCHO,0504,HUANTA,050407,SIVIA,5,5,0,5,1,100.0
050201,05,AYACUCHO,0502,CANGALLO,050201,CANGALLO,5,5,0,5,1,100.0
210805,21,PUNO,2108,MELGAR,210805,MACARI,5,4,1,5,1,80.0
080902,08,CUSCO,0809,LA CONVENCION,080902,ECHARATE,5,5,0,5,1,100.0
090207,09,HUANCAVELICA,0902,ACOBAMBA,090207,POMACOCHA,5,5,0,5,1,100.0
130906,13,LA LIBERTAD,1309,SANCHEZ CARRION,130906,SANAGORAN,5,0,5,5,1,0.0
130903,13,LA LIBERTAD,1309,SANCHEZ CARRION,130903,COCHORCO,5,0,5,5,1,0.0
050401,05,AYACUCHO,0504,HUANTA,050401,HUANTA,5,5,0,5,1,100.0
130907,13,LA LIBERTAD,1309,SANCHEZ CARRION,130907,SARIN,5,0,5,5,1,0.0
020601,02,ANCASH,0206,CARHUAZ,020601,CARHUAZ,5,0,5,5,1,0.0
221003,22,SAN MARTIN,2210,TOCACHE,221003,POLVORA,5,0,5,5,1,0.0
060411,06,CAJAMARCA,0604,CHOTA,060411,LLAMA,5,0,5,5,1,0.0
060605,06,CAJAMARCA,0606,CUTERVO,060605,LA RAMADA,5,0,5,5,1,0.0
060606,06,CAJAMARCA,0606,CUTERVO,060606,PIMPINGOS,5,0,5,5,1,0.0
010201,01,AMAZONAS,0102,BAGUA,010201,BAGUA,5,0,5,5,1,0.0
010109,01,AMAZONAS,0101,CHACHAPOYAS,010109,LA JALCA,5,0,5,5,1,0.0
240304,24,TUMBES,2403,ZARUMILLA,240304,PAPAYAL,5,0,5,5,1,0.0
010203,01,AMAZONAS,0102,BAGUA,010203,COPALLIN,5,0,5,5,1,0.0
010502,01,AMAZONAS,0105,LUYA,010502,CAMPORREDONDO,4,0,4,4,1,0.0
010311,01,AMAZONAS,0103,BONGARA,010311,VALERA,4,0,4,4,1,0.0
010509,01,AMAZONAS,0105,LUYA,010509,LUYA,4,0,4,4,1,0.0
010504,01,AMAZONAS,0105,LUYA,010504,COLCAMAR,4,0,4,4,1,0.0
010513,01,AMAZONAS,0105,LUYA,010513,OCUMAL,4,0,4,4,1,0.0
010512,01,AMAZONAS,0105,LUYA,010512,OCALLI,4,0,4,4,1,0.0
010205,01,AMAZONAS,0102,BAGUA,010205,IMAZA,4,0,4,4,1,0.0
061004,06,CAJAMARCA,0610,SAN MARCOS,061004,GREGORIO PITA,4,0,4,4,1,0.0
060407,06,CAJAMARCA,0604,CHOTA,060407,COCHABAMBA,4,0,4,4,1,0.0
060402,06,CAJAMARCA,0604,CHOTA,060402,ANGUIA,4,0,4,4,1,0.0
060905,06,CAJAMARCA,0609,SAN IGNACIO,060905,NAMBALLE,4,0,4,4,1,0.0
060303,06,CAJAMARCA,0603,CELENDIN,060303,CORTEGANA,4,0,4,4,1,0.0
060611,06,CAJAMARCA,0606,CUTERVO,060611,SANTA CRUZ,4,0,4,4,1,0.0
021001,02,ANCASH,0210,HUARI,021001,HUARI,4,0,4,4,1,0.0
210606,21,PUNO,2106,HUANCANE,210606,ROSASPATA,4,1,3,4,1,25.0
210607,21,PUNO,2106,HUANCANE,210607,TARACO,4,1,3,4,1,25.0
210708,21,PUNO,2107,LAMPA,210708,PUCARA,4,3,1,4,1,75.0
020112,02,ANCASH,0201,HUARAZ,020112,TARICA,4,0,4,4,1,0.0
211209,21,PUNO,2112,SANDIA,211209,ALTO INAMBARI,4,0,4,4,1,0.0
211210,21,PUNO,2112,SANDIA,211210,SAN PEDRO DE PUTINA PUNCO,4,0,4,4,1,0.0
220203,22,SAN MARTIN,2202,BELLAVISTA,220203,BAJO BIAVO,4,0,4,4,1,0.0
150605,15,LIMA,1506,HUARAL,150605,CHANCAY,4,4,0,4,1,100.0
150606,15,LIMA,1506,HUARAL,150606,IHUARI,4,4,0,4,1,100.0
030404,03,APURIMAC,0304,AYMARAES,030404,CHAPIMARCA,4,4,0,4,1,100.0
030218,03,APURIMAC,0302,ANDAHUAYLAS,030218,TURPO,4,4,0,4,1,100.0
080906,08,CUSCO,0809,LA CONVENCION,080906,QUELLOUNO,4,4,0,4,1,100.0
080901,08,CUSCO,0809,LA CONVENCION,080901,SANTA ANA,4,4,0,4,1,100.0
050111,05,AYACUCHO,0501,HUAMANGA,050111,SANTIAGO DE PISCHA,4,4,0,4,1,100.0
050502,05,AYACUCHO,0505,LA MAR,050502,ANCO,4,4,0,4,1,100.0
090202,09,HUANCAVELICA,0902,ACOBAMBA,090202,ANDABAMBA,4,4,0,4,1,100.0
050402,05,AYACUCHO,0504,HUANTA,050402,AYAHUANCO,4,4,0,4,1,100.0
130902,13,LA LIBERTAD,1309,SANCHEZ CARRION,130902,CHUGAY,4,0,4,4,1,0.0
160105,16,LORETO,1601,MAYNAS,160105,LAS AMAZONAS,4,4,0,4,1,100.0
150811,15,LIMA,1508,HUAURA,150811,SAYAN,4,4,0,4,1,100.0
150812,15,LIMA,1508,HUAURA,150812,VEGUETA,4,4,0,4,1,100.0
021306,02,ANCASH,0213,MARISCAL LUZURIAGA,021306,LLUMPA,4,0,4,4,1,0.0
190102,19,PASCO,1901,PASCO,190102,HUACHON,4,0,4,4,1,0.0
160804,16,LORETO,1608,PUTUMAYO,160804,YAGUAS,4,0,4,4,1,0.0
030201,03,APURIMAC,0302,ANDAHUAYLAS,030201,ANDAHUAYLAS,4,4,0,4,1,100.0
131008,13,LA LIBERTAD,1310,SANTIAGO DE CHUCO,131008,SITABAMBA,4,0,4,4,1,0.0
140115,14,LAMBAYEQUE,1401,CHICLAYO,140115,SAÑA,4,4,0,4,1,100.0
140307,14,LAMBAYEQUE,1403,LAMBAYEQUE,140307,MOTUPE,4,4,0,4,1,100.0
150202,15,LIMA,1502,BARRANCA,150202,PARAMONGA,4,4,0,4,1,100.0
040208,04,AREQUIPA,0402,CAMANA,040208,SAMUEL PASTOR,4,0,4,3,1,0.0
130802,13,LA LIBERTAD,1308,PATAZ,130802,BULDIBUYO,4,0,4,4,1,0.0
130803,13,LA LIBERTAD,1308,PATAZ,130803,CHILLIA,4,0,4,4,1,0.0
130804,13,LA LIBERTAD,1308,PATAZ,130804,HUANCASPATA,4,0,4,4,1,0.0
130808,13,LA LIBERTAD,1308,PATAZ,130808,PARCOY,4,0,4,4,1,0.0
030216,03,APURIMAC,0302,ANDAHUAYLAS,030216,TALAVERA,4,4,0,4,1,100.0
030702,03,APURIMAC,0307,GRAU,030702,CURPAHUASI,4,4,0,4,1,100.0
030703,03,APURIMAC,0307,GRAU,030703,GAMARRA,4,4,0,4,1,100.0
030704,03,APURIMAC,0307,GRAU,030704,HUAYLLATI,4,4,0,4,1,100.0
030602,03,APURIMAC,0306,CHINCHEROS,030602,ANCO_HUALLO,4,4,0,4,1,100.0
030205,03,APURIMAC,0302,ANDAHUAYLAS,030205,HUANCARAY,4,4,0,4,1,100.0
130604,13,LA LIBERTAD,1306,OTUZCO,130604,CHARAT,4,0,4,4,1,0.0
130908,13,LA LIBERTAD,1309,SANCHEZ CARRION,130908,SARTIMBAMBA,4,0,4,4,1,0.0
130502,13,LA LIBERTAD,1305,JULCAN,130502,CALAMARCA,4,0,4,4,1,0.0
160401,16,LORETO,1604,MARISCAL RAMON CASTILLA,160401,RAMON CASTILLA,4,4,0,4,1,100.0
160801,16,LORETO,1608,PUTUMAYO,160801,PUTUMAYO,4,0,4,3,1,0.0
190301,19,PASCO,1903,OXAPAMPA,190301,OXAPAMPA,4,0,4,4,1,0.0
200104,20,PIURA,2001,PIURA,200104,CASTILLA,4,0,4,4,1,0.0
200406,20,PIURA,2004,MORROPON,200406,SALITRAL,4,0,4,4,1,0.0
190208,19,PASCO,1902,DANIEL ALCIDES CARRION,190208,VILCABAMBA,4,0,4,4,1,0.0
190105,19,PASCO,1901,PASCO,190105,NINACACA,4,0,4,4,1,0.0
190106,19,PASCO,1901,PASCO,190106,PALLANCHACRA,4,0,4,4,1,0.0
150602,15,LIMA,1506,HUARAL,150602,ATAVILLOS ALTO,4,4,0,4,1,100.0
150603,15,LIMA,1506,HUARAL,150603,ATAVILLOS BAJO,4,4,0,4,1,100.0
150604,15,LIMA,1506,HUARAL,150604,AUCALLAMA,4,4,0,4,1,100.0
150610,15,LIMA,1506,HUARAL,150610,SANTA CRUZ DE ANDAMARCA,4,4,0,4,1,100.0
150611,15,LIMA,1506,HUARAL,150611,SUMBILCA,4,4,0,4,1,100.0
030410,03,APURIMAC,0304,AYMARAES,030410,POCOHUANCA,4,4,0,4,1,100.0
030415,03,APURIMAC,0304,AYMARAES,030415,TINTAY,4,4,0,4,1,100.0
090114,09,HUANCAVELICA,0901,HUANCAVELICA,090114,PALCA,4,4,0,4,1,100.0
090101,09,HUANCAVELICA,0901,HUANCAVELICA,090101,HUANCAVELICA,4,4,0,4,1,100.0
050113,05,AYACUCHO,0501,HUAMANGA,050113,TAMBILLO,4,4,0,4,1,100.0
090306,09,HUANCAVELICA,0903,ANGARAES,090306,CONGALLA,4,4,0,4,1,100.0
090502,09,HUANCAVELICA,0905,CHURCAMPA,090502,ANCO,4,4,0,4,1,100.0
090510,09,HUANCAVELICA,0905,CHURCAMPA,090510,PACHAMARCA,4,4,0,4,1,100.0
090705,09,HUANCAVELICA,0907,TAYACAJA,090705,COLCABAMBA,4,4,0,4,1,100.0
090714,09,HUANCAVELICA,0907,TAYACAJA,090714,SALCABAMBA,4,4,0,4,1,100.0
090715,09,HUANCAVELICA,0907,TAYACAJA,090715,SALCAHUASI,4,4,0,4,1,100.0
090719,09,HUANCAVELICA,0907,TAYACAJA,090719,QUICHUAS,4,4,0,4,1,100.0
090613,09,HUANCAVELICA,0906,HUAYTARA,090613,SANTIAGO DE CHOCORVOS,4,4,0,4,1,100.0
110103,11,ICA,1101,ICA,110103,LOS AQUIJES,4,4,0,4,1,100.0
110107,11,ICA,1101,ICA,110107,PUEBLO NUEVO,4,3,1,4,1,75.0
050105,05,AYACUCHO,0501,HUAMANGA,050105,CHIARA,4,4,0,4,1,100.0
110504,11,ICA,1105,PISCO,110504,INDEPENDENCIA,4,0,4,4,1,0.0
120206,12,JUNIN,1202,CONCEPCION,120206,COMAS,4,0,4,4,1,0.0
200308,20,PIURA,2003,HUANCABAMBA,200308,SONDORILLO,4,0,4,4,1,0.0
200401,20,PIURA,2004,MORROPON,200401,CHULUCANAS,4,0,4,4,1,0.0
200402,20,PIURA,2004,MORROPON,200402,BUENOS AIRES,4,0,4,4,1,0.0
200205,20,PIURA,2002,AYABACA,200205,MONTERO,4,0,4,4,1,0.0
020611,02,ANCASH,0206,CARHUAZ,020611,YUNGAR,4,0,4,4,1,0.0
020701,02,ANCASH,0207,CARLOS FERMIN FITZCARRALD,020701,SAN LUIS,4,0,4,4,1,0.0
210206,21,PUNO,2102,AZANGARO,210206,CHUPA,4,1,3,4,1,25.0
060702,06,CAJAMARCA,0607,HUALGAYOC,060702,CHUGUR,4,0,4,4,1,0.0
080703,08,CUSCO,0807,CHUMBIVILCAS,080703,CHAMACA,4,4,0,4,1,100.0
080704,08,CUSCO,0807,CHUMBIVILCAS,080704,COLQUEMARCA,4,4,0,4,1,100.0
061304,06,CAJAMARCA,0613,SANTA CRUZ,061304,CHANCAYBAÑOS,4,0,4,4,1,0.0
051101,05,AYACUCHO,0511,VILCAS HUAMAN,051101,VILCAS HUAMAN,4,4,0,4,1,100.0
050702,05,AYACUCHO,0507,PARINACOCHAS,050702,CHUMPI,4,4,0,4,1,100.0
060404,06,CAJAMARCA,0604,CHOTA,060404,CHIGUIRIP,4,0,4,4,1,0.0
020305,02,ANCASH,0203,ANTONIO RAYMONDI,020305,MIRGAS,4,0,4,4,1,0.0
020606,02,ANCASH,0206,CARHUAZ,020606,MARCARA,4,0,4,4,1,0.0
210214,21,PUNO,2102,AZANGARO,210214,SANTIAGO DE PUPUJA,4,1,3,4,1,25.0
210304,21,PUNO,2103,CARABAYA,210304,COASA,4,1,3,4,1,25.0
210404,21,PUNO,2104,CHUCUITO,210404,KELLUYO,4,0,4,4,1,0.0
010703,01,AMAZONAS,0107,UTCUBAMBA,010703,CUMBA,4,0,4,4,1,0.0
021603,02,ANCASH,0216,POMABAMBA,021603,PAROBAMBA,4,0,4,4,1,0.0
200303,20,PIURA,2003,HUANCABAMBA,200303,EL CARMEN DE LA FRONTERA,4,0,4,4,1,0.0
120124,12,JUNIN,1201,HUANCAYO,120124,PARIAHUANCA,4,0,4,4,1,0.0
110503,11,ICA,1105,PISCO,110503,HUMAY,4,0,4,4,1,0.0
120702,12,JUNIN,1207,TARMA,120702,ACOBAMBA,4,2,2,4,1,50.0
100207,10,HUANUCO,1002,AMBO,100207,SAN RAFAEL,4,0,4,4,1,0.0
050508,05,AYACUCHO,0505,LA MAR,050508,TAMBO,4,4,0,4,1,100.0
040520,04,AREQUIPA,0405,CAYLLOMA,040520,MAJES,4,0,4,3,1,0.0
100112,10,HUANUCO,1001,HUANUCO,100112,YACUS,4,0,4,4,1,0.0
100510,10,HUANUCO,1005,HUAMALIES,100510,SINGA,4,0,4,4,1,0.0
110111,11,ICA,1101,ICA,110111,SANTIAGO,4,4,0,4,1,100.0
220911,22,SAN MARTIN,2209,SAN MARTIN,220911,PAPAPLAYA,4,0,4,4,1,0.0
221002,22,SAN MARTIN,2210,TOCACHE,221002,NUEVO PROGRESO,4,0,4,4,1,0.0
240105,24,TUMBES,2401,TUMBES,240105,SAN JACINTO,3,0,3,3,1,0.0
220205,22,SAN MARTIN,2202,BELLAVISTA,220205,SAN PABLO,3,0,3,3,1,0.0
220504,22,SAN MARTIN,2205,LAMAS,220504,CAYNARACHI,3,0,3,3,1,0.0
220505,22,SAN MARTIN,2205,LAMAS,220505,CUÑUMBUQUI,3,0,3,3,1,0.0
220501,22,SAN MARTIN,2205,LAMAS,220501,LAMAS,3,0,3,3,1,0.0
220708,22,SAN MARTIN,2207,PICOTA,220708,SHAMBOYACU,3,0,3,3,1,0.0
220709,22,SAN MARTIN,2207,PICOTA,220709,TINGO DE PONASA,3,0,3,3,1,0.0
210701,21,PUNO,2107,LAMPA,210701,LAMPA,3,0,3,3,1,0.0
220301,22,SAN MARTIN,2203,EL DORADO,220301,SAN JOSE DE SISA,3,0,3,3,1,0.0
210709,21,PUNO,2107,LAMPA,210709,SANTA LUCIA,3,1,2,3,1,33.3333
210807,21,PUNO,2108,MELGAR,210807,ORURILLO,3,3,0,3,1,100.0
210808,21,PUNO,2108,MELGAR,210808,SANTA ROSA,3,2,1,3,1,66.6667
210702,21,PUNO,2107,LAMPA,210702,CABANILLA,3,1,2,3,1,33.3333
060106,06,CAJAMARCA,0601,CAJAMARCA,060106,JESUS,3,0,3,3,1,0.0
060111,06,CAJAMARCA,0601,CAJAMARCA,060111,NAMORA,3,0,3,3,1,0.0
060203,06,CAJAMARCA,0602,CAJABAMBA,060203,CONDEBAMBA,3,0,3,3,1,0.0
060204,06,CAJAMARCA,0602,CAJABAMBA,060204,SITACOCHA,3,0,3,3,1,0.0
060307,06,CAJAMARCA,0603,CELENDIN,060307,MIGUEL IGLESIAS,3,0,3,3,1,0.0
060310,06,CAJAMARCA,0603,CELENDIN,060310,SUCRE,3,0,3,3,1,0.0
060312,06,CAJAMARCA,0603,CELENDIN,060312,LA LIBERTAD DE PALLAN,3,0,3,3,1,0.0
010604,01,AMAZONAS,0106,RODRIGUEZ DE MENDOZA,010604,HUAMBO,3,0,3,3,1,0.0
010521,01,AMAZONAS,0105,LUYA,010521,SANTO TOMAS,3,0,3,3,1,0.0
220904,22,SAN MARTIN,2209,SAN MARTIN,220904,CHAZUTA,3,0,3,3,1,0.0
220905,22,SAN MARTIN,2209,SAN MARTIN,220905,CHIPURANA,3,0,3,3,1,0.0
240104,24,TUMBES,2401,TUMBES,240104,PAMPAS DE HOSPITAL,3,0,3,3,1,0.0
040413,04,AREQUIPA,0404,CASTILLA,040413,URACA,3,0,3,3,1,0.0
110303,11,ICA,1103,NASCA,110303,EL INGENIO,3,3,0,3,1,100.0
110305,11,ICA,1103,NASCA,110305,VISTA ALEGRE,3,2,1,3,1,66.6667
110404,11,ICA,1104,PALPA,110404,SANTA CRUZ,3,0,3,3,1,0.0
110113,11,ICA,1101,ICA,110113,TATE,3,3,0,3,1,100.0
110302,11,ICA,1103,NASCA,110302,CHANGUILLO,3,1,2,3,1,33.3333
100503,10,HUANUCO,1005,HUAMALIES,100503,CHAVIN DE PARIARCA,3,0,3,3,1,0.0
100701,10,HUANUCO,1007,MARAÑON,100701,HUACRACHUCO,3,0,3,3,1,0.0
100703,10,HUANUCO,1007,MARAÑON,100703,SAN BUENAVENTURA,3,0,3,3,1,0.0
100511,10,HUANUCO,1005,HUAMALIES,100511,TANTAMAYO,3,0,3,3,1,0.0
100901,10,HUANUCO,1009,PUERTO INCA,100901,PUERTO INCA,3,0,3,3,1,0.0
100102,10,HUANUCO,1001,HUANUCO,100102,AMARILIS,3,0,3,3,1,0.0
100803,10,HUANUCO,1008,PACHITEA,100803,MOLINO,3,0,3,3,1,0.0
100804,10,HUANUCO,1008,PACHITEA,100804,UMARI,3,0,3,3,1,0.0
100201,10,HUANUCO,1002,AMBO,100201,AMBO,3,0,3,3,1,0.0
100307,10,HUANUCO,1003,DOS DE MAYO,100307,CHUQUIS,3,0,3,3,1,0.0
100313,10,HUANUCO,1003,DOS DE MAYO,100313,PACHAS,3,0,3,3,1,0.0
120706,12,JUNIN,1207,TARMA,120706,PALCA,3,0,3,3,1,0.0
120709,12,JUNIN,1207,TARMA,120709,TAPO,3,2,1,3,1,66.6667
040202,04,AREQUIPA,0402,CAMANA,040202,JOSE MARIA QUIMPER,3,0,3,3,1,0.0
120211,12,JUNIN,1202,CONCEPCION,120211,MITO,3,3,0,3,1,100.0
120403,12,JUNIN,1204,JAUJA,120403,APATA,3,3,0,3,1,100.0
120423,12,JUNIN,1204,JAUJA,120423,PACCHA,3,3,0,3,1,100.0
120426,12,JUNIN,1204,JAUJA,120426,POMACANCHA,3,3,0,3,1,100.0
120105,12,JUNIN,1201,HUANCAYO,120105,CHACAPAMPA,3,0,3,3,1,0.0
120111,12,JUNIN,1201,HUANCAYO,120111,CHUPURO,3,2,1,3,1,66.6667
120126,12,JUNIN,1201,HUANCAYO,120126,PUCARA,3,0,3,3,1,0.0
101005,10,HUANUCO,1010,LAURICOCHA,101005,RONDOS,3,0,3,3,1,0.0
110114,11,ICA,1101,ICA,110114,YAUCA DEL ROSARIO,3,2,1,3,1,66.6667
040702,04,AREQUIPA,0407,ISLAY,040702,COCACHACRA,3,0,3,3,1,0.0
100404,10,HUANUCO,1004,HUACAYBAMBA,100404,PINRA,3,0,3,3,1,0.0
100203,10,HUANUCO,1002,AMBO,100203,COLPAS,3,0,3,3,1,0.0
100205,10,HUANUCO,1002,AMBO,100205,HUACAR,3,0,3,3,1,0.0
090606,09,HUANCAVELICA,0906,HUAYTARA,090606,OCOYO,3,3,0,3,1,100.0
100317,10,HUANUCO,1003,DOS DE MAYO,100317,RIPAN,3,0,3,3,1,0.0
090701,09,HUANCAVELICA,0907,TAYACAJA,090701,PAMPAS,3,3,0,3,1,100.0
090704,09,HUANCAVELICA,0907,TAYACAJA,090704,AHUAYCHA,3,3,0,3,1,100.0
090706,09,HUANCAVELICA,0907,TAYACAJA,090706,DANIEL HERNANDEZ,3,3,0,3,1,100.0
090717,09,HUANCAVELICA,0907,TAYACAJA,090717,SURCUBAMBA,3,3,0,3,1,100.0
090311,09,HUANCAVELICA,0903,ANGARAES,090311,SANTO TOMAS DE PATA,3,3,0,3,1,100.0
090407,09,HUANCAVELICA,0904,CASTROVIRREYNA,090407,HUACHOS,3,3,0,3,1,100.0
090105,09,HUANCAVELICA,0901,HUANCAVELICA,090105,CUENCA,3,3,0,3,1,100.0
090116,09,HUANCAVELICA,0901,HUANCAVELICA,090116,VILCA,3,3,0,3,1,100.0
030414,03,APURIMAC,0304,AYMARAES,030414,TAPAIRIHUA,3,3,0,3,1,100.0
030502,03,APURIMAC,0305,COTABAMBAS,030502,COTABAMBAS,3,3,0,3,1,100.0
030503,03,APURIMAC,0305,COTABAMBAS,030503,COYLLURQUI,3,3,0,3,1,100.0
030505,03,APURIMAC,0305,COTABAMBAS,030505,MARA,3,3,0,3,1,100.0
030604,03,APURIMAC,0306,CHINCHEROS,030604,HUACCANA,3,3,0,3,1,100.0
030606,03,APURIMAC,0306,CHINCHEROS,030606,ONGOY,3,3,0,3,1,100.0
030416,03,APURIMAC,0304,AYMARAES,030416,TORAYA,3,3,0,3,1,100.0
131007,13,LA LIBERTAD,1310,SANTIAGO DE CHUCO,131007,SANTA CRUZ DE CHUCA,3,0,3,3,1,0.0
120906,12,JUNIN,1209,CHUPACA,120906,SAN JUAN DE ISCOS,3,0,3,3,1,0.0
120904,12,JUNIN,1209,CHUPACA,120904,HUACHAC,3,0,3,3,1,0.0
130608,13,LA LIBERTAD,1306,OTUZCO,130608,MACHE,3,0,3,3,1,0.0
130611,13,LA LIBERTAD,1306,OTUZCO,130611,SALPO,3,0,3,3,1,0.0
120431,12,JUNIN,1204,JAUJA,120431,SINCOS,3,1,2,3,1,33.3333
120603,12,JUNIN,1206,SATIPO,120603,LLAYLLA,3,2,1,3,1,66.6667
120607,12,JUNIN,1206,SATIPO,120607,RIO NEGRO,3,3,0,3,1,100.0
030601,03,APURIMAC,0306,CHINCHEROS,030601,CHINCHEROS,3,3,0,3,1,100.0
030609,03,APURIMAC,0306,CHINCHEROS,030609,ROCCHACC,3,3,0,3,1,100.0
030212,03,APURIMAC,0302,ANDAHUAYLAS,030212,SAN ANTONIO DE CACHI,3,3,0,3,1,100.0
030304,03,APURIMAC,0303,ANTABAMBA,030304,JUAN ESPINOZA MEDRANO,3,3,0,3,1,100.0
140303,14,LAMBAYEQUE,1403,LAMBAYEQUE,140303,ILLIMO,3,3,0,3,1,100.0
140305,14,LAMBAYEQUE,1403,LAMBAYEQUE,140305,MOCHUMI,3,3,0,3,1,100.0
130904,13,LA LIBERTAD,1309,SANCHEZ CARRION,130904,CURGOS,3,0,3,3,1,0.0
130806,13,LA LIBERTAD,1308,PATAZ,130806,HUAYO,3,0,3,3,1,0.0
050203,05,AYACUCHO,0502,CANGALLO,050203,LOS MOROCHUCOS,3,3,0,3,1,100.0
050706,05,AYACUCHO,0507,PARINACOCHAS,050706,PUYUSCA,3,3,0,3,1,100.0
050304,05,AYACUCHO,0503,HUANCA SANCOS,050304,SANTIAGO DE LUCANAMARCA,3,3,0,3,1,100.0
050403,05,AYACUCHO,0504,HUANTA,050403,HUAMANGUILLA,3,3,0,3,1,100.0
050406,05,AYACUCHO,0504,HUANTA,050406,SANTILLANA,3,3,0,3,1,100.0
090204,09,HUANCAVELICA,0902,ACOBAMBA,090204,CAJA,3,3,0,3,1,100.0
090110,09,HUANCAVELICA,0901,HUANCAVELICA,090110,MANTA,3,3,0,3,1,100.0
080904,08,CUSCO,0809,LA CONVENCION,080904,MARANURA,3,3,0,3,1,100.0
090119,09,HUANCAVELICA,0901,HUANCAVELICA,090119,HUANDO,3,3,0,3,1,100.0
081006,08,CUSCO,0810,PARURO,081006,OMACHA,3,3,0,3,1,100.0
051102,05,AYACUCHO,0511,VILCAS HUAMAN,051102,ACCOMARCA,3,3,0,3,1,100.0
150706,15,LIMA,1507,HUAROCHIRI,150706,CUENCA,3,3,0,3,1,100.0
030402,03,APURIMAC,0304,AYMARAES,030402,CAPAYA,3,3,0,3,1,100.0
021802,02,ANCASH,0218,SANTA,021802,CACERES DEL PERU,3,0,3,3,1,0.0
021909,02,ANCASH,0219,SIHUAS,021909,SAN JUAN,3,0,3,3,1,0.0
022005,02,ANCASH,0220,YUNGAY,022005,QUILLO,3,0,3,3,1,0.0
030101,03,APURIMAC,0301,ABANCAY,030101,ABANCAY,3,3,0,3,1,100.0
150403,15,LIMA,1504,CANTA,150403,HUAMANTANGA,3,3,0,3,1,100.0
150407,15,LIMA,1504,CANTA,150407,SANTA ROSA DE QUIVES,3,3,0,3,1,100.0
131202,13,LA LIBERTAD,1312,VIRU,131202,CHAO,3,0,3,3,1,0.0
140110,14,LAMBAYEQUE,1401,CHICLAYO,140110,OYOTUN,3,3,0,3,1,100.0
180102,18,MOQUEGUA,1801,MARISCAL NIETO,180102,CARUMAS,3,3,0,3,1,100.0
160404,16,LORETO,1604,MARISCAL RAMON CASTILLA,160404,SAN PABLO,3,3,0,3,1,100.0
021307,02,ANCASH,0213,MARISCAL LUZURIAGA,021307,LUCMA,3,0,3,3,1,0.0
021602,02,ANCASH,0216,POMABAMBA,021602,HUAYLLAN,3,0,3,3,1,0.0
180208,18,MOQUEGUA,1802,GENERAL SANCHEZ CERRO,180208,PUQUINA,3,3,0,3,1,100.0
180103,18,MOQUEGUA,1801,MARISCAL NIETO,180103,CUCHUMBAYA,3,2,1,3,1,66.6667
150723,15,LIMA,1507,HUAROCHIRI,150723,SAN MATEO DE OTAO,3,3,0,3,1,100.0
150726,15,LIMA,1507,HUAROCHIRI,150726,SANGALLAYA,3,3,0,3,1,100.0
150608,15,LIMA,1506,HUARAL,150608,PACARAOS,3,3,0,3,1,100.0
150514,15,LIMA,1505,CAÑETE,150514,SAN LUIS,3,3,0,3,1,100.0
021011,02,ANCASH,0210,HUARI,021011,PONTO,3,0,3,3,1,0.0
200410,20,PIURA,2004,MORROPON,200410,YAMANGO,3,0,3,3,1,0.0
190110,19,PASCO,1901,PASCO,190110,TICLACAYAN,3,0,3,3,1,0.0
190204,19,PASCO,1902,DANIEL ALCIDES CARRION,190204,PAUCAR,3,0,3,3,1,0.0
190111,19,PASCO,1901,PASCO,190111,TINYAHUARCO,3,0,3,3,1,0.0
190207,19,PASCO,1902,DANIEL ALCIDES CARRION,190207,TAPUC,3,0,3,3,1,0.0
051004,05,AYACUCHO,0510,VICTOR FAJARDO,051004,ASQUIPATA,3,3,0,3,1,100.0
050701,05,AYACUCHO,0507,PARINACOCHAS,050701,CORACORA,3,3,0,3,1,100.0
050610,05,AYACUCHO,0506,LUCANAS,050610,LLAUTA,3,3,0,3,1,100.0
080405,08,CUSCO,0804,CALCA,080405,PISAC,3,3,0,3,1,100.0
081104,08,CUSCO,0811,PAUCARTAMBO,081104,COLQUEPATA,3,3,0,3,1,100.0
061110,06,CAJAMARCA,0611,SAN MIGUEL,061110,SAN GREGORIO,3,0,3,3,1,0.0
061201,06,CAJAMARCA,0612,SAN PABLO,061201,SAN PABLO,3,0,3,3,1,0.0
061310,06,CAJAMARCA,0613,SANTA CRUZ,061310,UTICYACU,3,0,3,3,1,0.0
061311,06,CAJAMARCA,0613,SANTA CRUZ,061311,YAUYUCAN,3,0,3,3,1,0.0
061202,06,CAJAMARCA,0612,SAN PABLO,061202,SAN BERNARDINO,3,0,3,3,1,0.0
061306,06,CAJAMARCA,0613,SANTA CRUZ,061306,NINABAMBA,3,0,3,3,1,0.0
061307,06,CAJAMARCA,0613,SANTA CRUZ,061307,PULAN,3,0,3,3,1,0.0
060804,06,CAJAMARCA,0608,JAEN,060804,COLASAY,3,0,3,3,1,0.0
080205,08,CUSCO,0802,ACOMAYO,080205,POMACANCHI,3,3,0,3,1,100.0
020802,02,ANCASH,0208,CASMA,020802,BUENA VISTA ALTA,3,0,3,3,1,0.0
210204,21,PUNO,2102,AZANGARO,210204,ASILLO,3,3,0,3,1,100.0
200202,20,PIURA,2002,AYABACA,200202,FRIAS,3,0,3,3,1,0.0
200203,20,PIURA,2002,AYABACA,200203,JILILI,3,0,3,3,1,0.0
200208,20,PIURA,2002,AYABACA,200208,SAPILLICA,3,0,3,3,1,0.0
200302,20,PIURA,2003,HUANCABAMBA,200302,CANCHAQUE,3,0,3,3,1,0.0
200403,20,PIURA,2004,MORROPON,200403,CHALACO,3,0,3,3,1,0.0
200207,20,PIURA,2002,AYABACA,200207,PAIMAS,3,0,3,3,1,0.0
021014,02,ANCASH,0210,HUARI,021014,SAN MARCOS,3,0,3,3,1,0.0
021004,02,ANCASH,0210,HUARI,021004,CHAVIN DE HUANTAR,3,0,3,3,1,0.0
021201,02,ANCASH,0212,HUAYLAS,021201,CARAZ,3,0,3,3,1,0.0
010707,01,AMAZONAS,0107,UTCUBAMBA,010707,YAMON,3,0,3,3,1,0.0
020102,02,ANCASH,0201,HUARAZ,020102,COCHABAMBA,3,0,3,3,1,0.0
211002,21,PUNO,2110,SAN ANTONIO DE PUTINA,211002,ANANEA,3,0,3,3,1,0.0
210211,21,PUNO,2102,AZANGARO,210211,SAN ANTON,3,1,2,3,1,33.3333
210307,21,PUNO,2103,CARABAYA,210307,ITUATA,3,0,3,3,1,0.0
210502,21,PUNO,2105,EL COLLAO,210502,CAPAZO,3,3,0,3,1,100.0
200603,20,PIURA,2006,SULLANA,200603,IGNACIO ESCUDERO,3,0,3,3,1,0.0
210111,21,PUNO,2101,PUNO,210111,PICHACANI,3,2,1,3,1,66.6667
200801,20,PIURA,2008,SECHURA,200801,SECHURA,3,0,3,3,1,0.0
060907,06,CAJAMARCA,0609,SAN IGNACIO,060907,TABACONAS,3,0,3,3,1,0.0
061001,06,CAJAMARCA,0610,SAN MARCOS,061001,PEDRO GALVEZ,3,0,3,3,1,0.0
061002,06,CAJAMARCA,0610,SAN MARCOS,061002,CHANCAY,3,0,3,3,1,0.0
060405,06,CAJAMARCA,0604,CHOTA,060405,CHIMBAN,3,0,3,3,1,0.0
050910,05,AYACUCHO,0509,SUCRE,050910,SANTIAGO DE PAUCARAY,3,3,0,3,1,100.0
051002,05,AYACUCHO,0510,VICTOR FAJARDO,051002,ALCAMENCA,3,3,0,3,1,100.0
051009,05,AYACUCHO,0510,VICTOR FAJARDO,051009,HUANCARAYLLA,3,3,0,3,1,100.0
051011,05,AYACUCHO,0510,VICTOR FAJARDO,051011,SARHUA,3,3,0,3,1,100.0
061101,06,CAJAMARCA,0611,SAN MIGUEL,061101,SAN MIGUEL,3,0,3,3,1,0.0
060414,06,CAJAMARCA,0604,CHOTA,060414,PION,3,0,3,3,1,0.0
060416,06,CAJAMARCA,0604,CHOTA,060416,SAN JUAN DE LICUPIS,3,0,3,3,1,0.0
060603,06,CAJAMARCA,0606,CUTERVO,060603,CHOROS,3,0,3,3,1,0.0
060604,06,CAJAMARCA,0606,CUTERVO,060604,CUJILLO,3,0,3,3,1,0.0
211204,21,PUNO,2112,SANDIA,211204,PATAMBUCO,3,0,3,3,1,0.0
211201,21,PUNO,2112,SANDIA,211201,SANDIA,3,0,3,3,1,0.0
240302,24,TUMBES,2403,ZARUMILLA,240302,AGUAS VERDES,3,0,3,3,1,0.0
240202,24,TUMBES,2402,CONTRALMIRANTE VILLAR,240202,CASITAS,3,0,3,3,1,0.0
240201,24,TUMBES,2402,CONTRALMIRANTE VILLAR,240201,ZORRITOS,3,0,3,3,1,0.0
010105,01,AMAZONAS,0101,CHACHAPOYAS,010105,CHILIQUIN,3,0,3,3,1,0.0
211102,21,PUNO,2111,SAN ROMAN,211102,CABANA,2,1,1,2,1,50.0
211207,21,PUNO,2112,SANDIA,211207,SAN JUAN DEL ORO,2,0,2,2,1,0.0
010101,01,AMAZONAS,0101,CHACHAPOYAS,010101,CHACHAPOYAS,2,0,2,2,1,0.0
230109,23,TACNA,2301,TACNA,230109,SAMA,2,2,0,2,1,100.0
230203,23,TACNA,2302,CANDARAVE,230203,CAMILACA,2,2,0,2,1,100.0
230302,23,TACNA,2303,JORGE BASADRE,230302,ILABAYA,2,1,1,2,1,50.0
220913,22,SAN MARTIN,2209,SAN MARTIN,220913,SAUCE,2,0,2,2,1,0.0
220707,22,SAN MARTIN,2207,PICOTA,220707,SAN HILARION,2,0,2,2,1,0.0
230406,23,TACNA,2304,TARATA,230406,SUSAPAYA,2,2,0,2,1,100.0
010204,01,AMAZONAS,0102,BAGUA,010204,EL PARCO,2,0,2,2,1,0.0
010305,01,AMAZONAS,0103,BONGARA,010305,CUISPES,2,0,2,2,1,0.0
220807,22,SAN MARTIN,2208,RIOJA,220807,SAN FERNANDO,2,0,2,2,1,0.0
220304,22,SAN MARTIN,2203,EL DORADO,220304,SANTA ROSA,2,0,2,2,1,0.0
220305,22,SAN MARTIN,2203,EL DORADO,220305,SHATOJA,2,0,2,2,1,0.0
220104,22,SAN MARTIN,2201,MOYOBAMBA,220104,JEPELACIO,2,0,2,2,1,0.0
010120,01,AMAZONAS,0101,CHACHAPOYAS,010120,SOLOCO,2,0,2,2,1,0.0
060615,06,CAJAMARCA,0606,CUTERVO,060615,TORIBIO CASANOVA,2,0,2,2,1,0.0
060504,06,CAJAMARCA,0605,CONTUMAZA,060504,GUZMANGO,2,0,2,2,1,0.0
060505,06,CAJAMARCA,0605,CONTUMAZA,060505,SAN BENITO,2,0,2,2,1,0.0
060102,06,CAJAMARCA,0601,CAJAMARCA,060102,ASUNCION,2,0,2,2,1,0.0
060107,06,CAJAMARCA,0601,CAJAMARCA,060107,LLACANORA,2,0,2,2,1,0.0
060108,06,CAJAMARCA,0601,CAJAMARCA,060108,LOS BAÑOS DEL INCA,2,0,2,2,1,0.0
060109,06,CAJAMARCA,0601,CAJAMARCA,060109,MAGDALENA,2,0,2,2,1,0.0
060609,06,CAJAMARCA,0606,CUTERVO,060609,SAN JUAN DE CUTERVO,2,0,2,2,1,0.0
060610,06,CAJAMARCA,0606,CUTERVO,060610,SAN LUIS DE LUCMA,2,0,2,2,1,0.0
060201,06,CAJAMARCA,0602,CAJABAMBA,060201,CAJABAMBA,2,0,2,2,1,0.0
010312,01,AMAZONAS,0103,BONGARA,010312,YAMBRASBAMBA,2,0,2,2,1,0.0
210801,21,PUNO,2108,MELGAR,210801,AYAVIRI,2,2,0,2,1,100.0
210602,21,PUNO,2106,HUANCANE,210602,COJATA,2,0,2,2,1,0.0
220303,22,SAN MARTIN,2203,EL DORADO,220303,SAN MARTIN,2,0,2,2,1,0.0
210806,21,PUNO,2108,MELGAR,210806,NUÑOA,2,1,1,2,1,50.0
210809,21,PUNO,2108,MELGAR,210809,UMACHIRI,2,2,0,2,1,100.0
210707,21,PUNO,2107,LAMPA,210707,PARATIA,2,2,0,2,1,100.0
010609,01,AMAZONAS,0106,RODRIGUEZ DE MENDOZA,010609,OMIA,2,0,2,2,1,0.0
020803,02,ANCASH,0208,CASMA,020803,COMANDANTE NOEL,2,0,2,2,1,0.0
020804,02,ANCASH,0208,CASMA,020804,YAUTAN,2,0,2,2,1,0.0
020904,02,ANCASH,0209,CORONGO,020904,CUSCA,2,0,2,2,1,0.0
020110,02,ANCASH,0201,HUARAZ,020110,PARIACOTO,2,0,2,2,1,0.0
020111,02,ANCASH,0201,HUARAZ,020111,PIRA,2,0,2,2,1,0.0
020101,02,ANCASH,0201,HUARAZ,020101,HUARAZ,2,0,2,2,1,0.0
060406,06,CAJAMARCA,0604,CHOTA,060406,CHOROPAMPA,2,0,2,2,1,0.0
051007,05,AYACUCHO,0510,VICTOR FAJARDO,051007,COLCA,2,2,0,2,1,100.0
051010,05,AYACUCHO,0510,VICTOR FAJARDO,051010,HUALLA,2,2,0,2,1,100.0
050906,05,AYACUCHO,0509,SUCRE,050906,MORCOLLA,2,2,0,2,1,100.0
050907,05,AYACUCHO,0509,SUCRE,050907,PAICO,2,2,0,2,1,100.0
050909,05,AYACUCHO,0509,SUCRE,050909,SAN SALVADOR DE QUIJE,2,2,0,2,1,100.0
061102,06,CAJAMARCA,0611,SAN MIGUEL,061102,BOLIVAR,2,0,2,2,1,0.0
061105,06,CAJAMARCA,0611,SAN MIGUEL,061105,EL PRADO,2,0,2,2,1,0.0
211004,21,PUNO,2110,SAN ANTONIO DE PUTINA,211004,QUILCAPUNCU,2,1,1,2,1,50.0
210802,21,PUNO,2108,MELGAR,210802,ANTAUTA,2,1,1,2,1,50.0
020106,02,ANCASH,0201,HUARAZ,020106,JANGAS,2,0,2,2,1,0.0
020108,02,ANCASH,0201,HUARAZ,020108,OLLEROS,2,0,2,2,1,0.0
210209,21,PUNO,2102,AZANGARO,210209,POTONI,2,0,2,2,1,0.0
210210,21,PUNO,2102,AZANGARO,210210,SAMAN,2,1,1,2,1,50.0
210212,21,PUNO,2102,AZANGARO,210212,SAN JOSE,2,1,1,2,1,50.0
211001,21,PUNO,2110,SAN ANTONIO DE PUTINA,211001,PUTINA,2,1,1,2,1,50.0
210403,21,PUNO,2104,CHUCUITO,210403,HUACULLANI,2,2,0,2,1,100.0
210301,21,PUNO,2103,CARABAYA,210301,MACUSANI,2,0,2,2,1,0.0
210306,21,PUNO,2103,CARABAYA,210306,CRUCERO,2,0,2,2,1,0.0
210208,21,PUNO,2102,AZANGARO,210208,MUÑANI,2,1,1,2,1,50.0
210504,21,PUNO,2105,EL COLLAO,210504,SANTA ROSA,2,1,1,2,1,50.0
210308,21,PUNO,2103,CARABAYA,210308,OLLACHEA,2,0,2,2,1,0.0
210309,21,PUNO,2103,CARABAYA,210309,SAN GABAN,2,0,2,2,1,0.0
210310,21,PUNO,2103,CARABAYA,210310,USICAYOS,2,0,2,2,1,0.0
210109,21,PUNO,2101,PUNO,210109,MAÑAZO,2,2,0,2,1,100.0
200802,20,PIURA,2008,SECHURA,200802,BELLAVISTA DE LA UNION,2,0,2,2,1,0.0
200804,20,PIURA,2008,SECHURA,200804,CRISTO NOS VALGA,2,0,2,2,1,0.0
200805,20,PIURA,2008,SECHURA,200805,VICE,2,0,2,2,1,0.0
200606,20,PIURA,2006,SULLANA,200606,MIGUEL CHECA,2,0,2,2,1,0.0
021303,02,ANCASH,0213,MARISCAL LUZURIAGA,021303,ELEAZAR GUZMAN BARRON,2,0,2,2,1,0.0
021304,02,ANCASH,0213,MARISCAL LUZURIAGA,021304,FIDEL OLIVAS ESCUDERO,2,0,2,2,1,0.0
021103,02,ANCASH,0211,HUARMEY,021103,CULEBRAS,2,0,2,2,1,0.0
210106,21,PUNO,2101,PUNO,210106,CHUCUITO,2,1,1,2,1,50.0
210107,21,PUNO,2101,PUNO,210107,COATA,2,1,1,2,1,50.0
020505,02,ANCASH,0205,BOLOGNESI,020505,CAJACAY,2,0,2,2,1,0.0
021208,02,ANCASH,0212,HUAYLAS,021208,SANTA CRUZ,2,0,2,2,1,0.0
021209,02,ANCASH,0212,HUAYLAS,021209,SANTO TORIBIO,2,0,2,2,1,0.0
021302,02,ANCASH,0213,MARISCAL LUZURIAGA,021302,CASCA,2,0,2,2,1,0.0
020306,02,ANCASH,0203,ANTONIO RAYMONDI,020306,SAN JUAN DE RONTOY,2,0,2,2,1,0.0
020402,02,ANCASH,0204,ASUNCION,020402,ACOCHACA,2,0,2,2,1,0.0
080706,08,CUSCO,0807,CHUMBIVILCAS,080706,LLUSCO,2,2,0,2,1,100.0
061301,06,CAJAMARCA,0613,SANTA CRUZ,061301,SANTA CRUZ,2,0,2,2,1,0.0
061305,06,CAJAMARCA,0613,SANTA CRUZ,061305,LA ESPERANZA,2,0,2,2,1,0.0
061109,06,CAJAMARCA,0611,SAN MIGUEL,061109,NIEPOS,2,0,2,2,1,0.0
061112,06,CAJAMARCA,0611,SAN MIGUEL,061112,TONGOD,2,0,2,2,1,0.0
061113,06,CAJAMARCA,0611,SAN MIGUEL,061113,UNION AGUA BLANCA,2,0,2,2,1,0.0
080705,08,CUSCO,0807,CHUMBIVILCAS,080705,LIVITACA,2,2,0,2,1,100.0
080306,08,CUSCO,0803,ANTA,080306,LIMATAMBO,2,2,0,2,1,100.0
061308,06,CAJAMARCA,0613,SANTA CRUZ,061308,SAUCEPAMPA,2,0,2,2,1,0.0
061203,06,CAJAMARCA,0612,SAN PABLO,061203,SAN LUIS,2,0,2,2,1,0.0
060803,06,CAJAMARCA,0608,JAEN,060803,CHONTALI,2,0,2,2,1,0.0
060806,06,CAJAMARCA,0608,JAEN,060806,LAS PIRIAS,2,0,2,2,1,0.0
080301,08,CUSCO,0803,ANTA,080301,ANTA,2,2,0,2,1,100.0
210203,21,PUNO,2102,AZANGARO,210203,ARAPA,2,1,1,2,1,50.0
020702,02,ANCASH,0207,CARLOS FERMIN FITZCARRALD,020702,SAN NICOLAS,2,0,2,2,1,0.0
200209,20,PIURA,2002,AYABACA,200209,SICCHEZ,2,0,2,2,1,0.0
200110,20,PIURA,2001,PIURA,200110,LA UNION,2,0,2,2,1,0.0
210114,21,PUNO,2101,PUNO,210114,TIQUILLACA,2,2,0,2,1,100.0
210115,21,PUNO,2101,PUNO,210115,VILQUE,2,2,0,2,1,100.0
210201,21,PUNO,2102,AZANGARO,210201,AZANGARO,2,0,2,2,1,0.0
021010,02,ANCASH,0210,HUARI,021010,PAUCAS,2,0,2,2,1,0.0
021604,02,ANCASH,0216,POMABAMBA,021604,QUINUABAMBA,2,0,2,2,1,0.0
021707,02,ANCASH,0217,RECUAY,021707,PAMPAS CHICO,2,0,2,2,1,0.0
021101,02,ANCASH,0211,HUARMEY,021101,HUARMEY,2,0,2,2,1,0.0
021003,02,ANCASH,0210,HUARI,021003,CAJAY,2,0,2,2,1,0.0
021006,02,ANCASH,0210,HUARI,021006,HUACCHIS,2,0,2,2,1,0.0
021007,02,ANCASH,0210,HUARI,021007,HUACHIS,2,0,2,2,1,0.0
021008,02,ANCASH,0210,HUARI,021008,HUANTAR,2,0,2,2,1,0.0
021009,02,ANCASH,0210,HUARI,021009,MASIN,2,0,2,2,1,0.0
081205,08,CUSCO,0812,QUISPICANCHI,081205,CCATCA,2,2,0,2,1,100.0
081003,08,CUSCO,0810,PARURO,081003,CCAPI,2,2,0,2,1,100.0
050705,05,AYACUCHO,0507,PARINACOCHAS,050705,PULLO,2,2,0,2,1,100.0
080407,08,CUSCO,0804,CALCA,080407,TARAY,2,2,0,2,1,100.0
081106,08,CUSCO,0811,PAUCARTAMBO,081106,KOSÑIPATA,2,2,0,2,1,100.0
080507,08,CUSCO,0805,CANAS,080507,QUEHUE,2,2,0,2,1,100.0
080401,08,CUSCO,0804,CALCA,080401,CALCA,2,2,0,2,1,100.0
080402,08,CUSCO,0804,CALCA,080402,COYA,2,2,0,2,1,100.0
080403,08,CUSCO,0804,CALCA,080403,LAMAY,2,2,0,2,1,100.0
080603,08,CUSCO,0806,CANCHIS,080603,COMBAPATA,2,2,0,2,1,100.0
080702,08,CUSCO,0807,CHUMBIVILCAS,080702,CAPACMARCA,2,2,0,2,1,100.0
200305,20,PIURA,2003,HUANCABAMBA,200305,LALAQUIZ,2,0,2,2,1,0.0
021015,02,ANCASH,0210,HUARI,021015,SAN PEDRO DE CHANA,2,0,2,2,1,0.0
190103,19,PASCO,1901,PASCO,190103,HUARIACA,2,0,2,2,1,0.0
190108,19,PASCO,1901,PASCO,190108,SAN FRANCISCO DE ASIS DE YARUSYACAN,2,0,2,2,1,0.0
200408,20,PIURA,2004,MORROPON,200408,SANTA CATALINA DE MOSSA,2,0,2,2,1,0.0
200501,20,PIURA,2005,PAITA,200501,PAITA,2,0,2,2,1,0.0
200507,20,PIURA,2005,PAITA,200507,VICHAYAL,2,0,2,2,1,0.0
200107,20,PIURA,2001,PIURA,200107,CURA MORI,2,0,2,2,1,0.0
190302,19,PASCO,1903,OXAPAMPA,190302,CHONTABAMBA,2,0,2,2,1,0.0
190112,19,PASCO,1901,PASCO,190112,VICCO,2,0,2,2,1,0.0
180202,18,MOQUEGUA,1802,GENERAL SANCHEZ CERRO,180202,CHOJATA,2,2,0,2,1,100.0
180204,18,MOQUEGUA,1802,GENERAL SANCHEZ CERRO,180204,ICHUÑA,2,2,0,2,1,100.0
160802,16,LORETO,1608,PUTUMAYO,160802,ROSA PANDURO,2,0,2,2,1,0.0
180101,18,MOQUEGUA,1801,MARISCAL NIETO,180101,MOQUEGUA,2,2,0,2,1,100.0
160108,16,LORETO,1601,MAYNAS,160108,PUNCHANA,2,2,0,2,1,100.0
160112,16,LORETO,1601,MAYNAS,160112,BELEN,2,1,1,2,2,50.0
080806,08,CUSCO,0808,ESPINAR,080806,PICHIGUA,2,2,0,2,1,100.0
051105,05,AYACUCHO,0511,VILCAS HUAMAN,051105,HUAMBALPA,2,2,0,2,1,100.0
051005,05,AYACUCHO,0510,VICTOR FAJARDO,051005,CANARIA,2,2,0,2,1,100.0
050603,05,AYACUCHO,0506,LUCANAS,050603,CABANA,2,2,0,2,1,100.0
050606,05,AYACUCHO,0506,LUCANAS,050606,CHIPAO,2,2,0,2,1,100.0
050608,05,AYACUCHO,0506,LUCANAS,050608,LARAMATE,2,2,0,2,1,100.0
051012,05,AYACUCHO,0510,VICTOR FAJARDO,051012,VILCANCHOS,2,2,0,2,1,100.0
050611,05,AYACUCHO,0506,LUCANAS,050611,LUCANAS,2,2,0,2,1,100.0
050613,05,AYACUCHO,0506,LUCANAS,050613,OTOCA,2,2,0,2,1,100.0
050617,05,AYACUCHO,0506,LUCANAS,050617,SAN PEDRO,2,2,0,2,1,100.0
050601,05,AYACUCHO,0506,LUCANAS,050601,PUQUIO,2,2,0,2,1,100.0
030105,03,APURIMAC,0301,ABANCAY,030105,HUANIPACA,2,2,0,2,1,100.0
030109,03,APURIMAC,0301,ABANCAY,030109,TAMBURCO,2,2,0,2,1,100.0
021910,02,ANCASH,0219,SIHUAS,021910,SICSIBAMBA,2,0,2,2,1,0.0
180105,18,MOQUEGUA,1801,MARISCAL NIETO,180105,SAN CRISTOBAL,2,1,1,2,1,50.0
180210,18,MOQUEGUA,1802,GENERAL SANCHEZ CERRO,180210,UBINAS,2,2,0,2,1,100.0
021509,02,ANCASH,0215,PALLASCA,021509,PAMPAS,2,0,2,2,1,0.0
021511,02,ANCASH,0215,PALLASCA,021511,TAUCA,2,0,2,2,1,0.0
180207,18,MOQUEGUA,1802,GENERAL SANCHEZ CERRO,180207,MATALAQUE,2,2,0,2,1,100.0
151032,15,LIMA,1510,YAUYOS,151032,VIÑAC,2,2,0,2,1,100.0
150721,15,LIMA,1507,HUAROCHIRI,150721,SAN LORENZO DE QUINTI,2,2,0,2,1,100.0
150807,15,LIMA,1508,HUAURA,150807,LEONCIO PRADO,2,2,0,2,1,100.0
150809,15,LIMA,1508,HUAURA,150809,SANTA LEONOR,2,2,0,2,1,100.0
150609,15,LIMA,1506,HUARAL,150609,SAN MIGUEL DE ACOS,2,2,0,2,1,100.0
150612,15,LIMA,1506,HUARAL,150612,VEINTISIETE DE NOVIEMBRE,2,2,0,2,1,100.0
030219,03,APURIMAC,0302,ANDAHUAYLAS,030219,KAQUIABAMBA,2,2,0,2,1,100.0
150707,15,LIMA,1507,HUAROCHIRI,150707,HUACHUPAMPA,2,2,0,2,1,100.0
150709,15,LIMA,1507,HUAROCHIRI,150709,HUAROCHIRI,2,2,0,2,1,100.0
150607,15,LIMA,1506,HUARAL,150607,LAMPIAN,2,2,0,2,1,100.0
021805,02,ANCASH,0218,SANTA,021805,MORO,2,0,2,2,1,0.0
021807,02,ANCASH,0218,SANTA,021807,SAMANCO,2,0,2,2,1,0.0
030307,03,APURIMAC,0303,ANTABAMBA,030307,SABAINO,2,2,0,2,1,100.0
030401,03,APURIMAC,0304,AYMARAES,030401,CHALHUANCA,2,2,0,2,1,100.0
030406,03,APURIMAC,0304,AYMARAES,030406,COTARUSE,2,2,0,2,1,100.0
021904,02,ANCASH,0219,SIHUAS,021904,CASHAPAMPA,2,0,2,2,1,0.0
021906,02,ANCASH,0219,SIHUAS,021906,HUAYLLABAMBA,2,0,2,2,1,0.0
021907,02,ANCASH,0219,SIHUAS,021907,QUICHES,2,0,2,2,1,0.0
030102,03,APURIMAC,0301,ABANCAY,030102,CHACOCHE,2,2,0,2,1,100.0
090102,09,HUANCAVELICA,0901,HUANCAVELICA,090102,ACOBAMBILLA,2,2,0,2,1,100.0
050804,05,AYACUCHO,0508,PAUCAR DEL SARA SARA,050804,LAMPA,2,2,0,2,1,100.0
090112,09,HUANCAVELICA,0901,HUANCAVELICA,090112,MOYA,2,2,0,2,1,100.0
090113,09,HUANCAVELICA,0901,HUANCAVELICA,090113,NUEVO OCCORO,2,2,0,2,1,100.0
050206,05,AYACUCHO,0502,CANGALLO,050206,TOTOS,2,2,0,2,1,100.0
050302,05,AYACUCHO,0503,HUANCA SANCOS,050302,CARAPO,2,2,0,2,1,100.0
050303,05,AYACUCHO,0503,HUANCA SANCOS,050303,SACSAMARCA,2,2,0,2,1,100.0
080903,08,CUSCO,0809,LA CONVENCION,080903,HUAYOPATA,2,2,0,2,1,100.0
080905,08,CUSCO,0809,LA CONVENCION,080905,OCOBAMBA,2,2,0,2,1,100.0
090201,09,HUANCAVELICA,0902,ACOBAMBA,090201,ACOBAMBA,2,2,0,2,1,100.0
090205,09,HUANCAVELICA,0902,ACOBAMBA,090205,MARCAS,2,2,0,2,1,100.0
050501,05,AYACUCHO,0505,LA MAR,050501,SAN MIGUEL,2,2,0,2,1,100.0
140311,14,LAMBAYEQUE,1403,LAMBAYEQUE,140311,SAN JOSE,2,2,0,2,1,100.0
150710,15,LIMA,1507,HUAROCHIRI,150710,LAHUAYTAMBO,2,2,0,2,1,100.0
150711,15,LIMA,1507,HUAROCHIRI,150711,LANGA,2,2,0,2,1,100.0
150406,15,LIMA,1504,CANTA,150406,SAN BUENAVENTURA,2,2,0,2,1,100.0
150501,15,LIMA,1505,CAÑETE,150501,SAN VICENTE DE CAÑETE,2,2,0,2,1,100.0
150302,15,LIMA,1503,CAJATAMBO,150302,COPA,2,2,0,2,1,100.0
150401,15,LIMA,1504,CANTA,150401,CANTA,2,2,0,2,1,100.0
150402,15,LIMA,1504,CANTA,150402,ARAHUAY,2,2,0,2,1,100.0
150404,15,LIMA,1504,CANTA,150404,HUAROS,2,2,0,2,1,100.0
131103,13,LA LIBERTAD,1311,GRAN CHIMU,131103,MARMOT,2,0,2,2,1,0.0
131104,13,LA LIBERTAD,1311,GRAN CHIMU,131104,SAYAPULLO,2,0,2,2,1,0.0
090304,09,HUANCAVELICA,0903,ANGARAES,090304,CCOCHACCASA,2,2,0,2,1,100.0
090307,09,HUANCAVELICA,0903,ANGARAES,090307,HUANCA-HUANCA,2,2,0,2,1,100.0
090711,09,HUANCAVELICA,0907,TAYACAJA,090711,PAZOS,2,2,0,2,1,100.0
090716,09,HUANCAVELICA,0907,TAYACAJA,090716,SAN MARCOS DE ROCCHAC,2,2,0,2,1,100.0
090402,09,HUANCAVELICA,0904,CASTROVIRREYNA,090402,ARMA,2,2,0,2,1,100.0
090506,09,HUANCAVELICA,0905,CHURCAMPA,090506,LOCROJA,2,2,0,2,1,100.0
090511,09,HUANCAVELICA,0905,CHURCAMPA,090511,COSME,2,2,0,2,1,100.0
081210,08,CUSCO,0812,QUISPICANCHI,081210,OCONGATE,2,2,0,2,1,100.0
081212,08,CUSCO,0812,QUISPICANCHI,081212,QUIQUIJANA,2,2,0,2,1,100.0
090504,09,HUANCAVELICA,0905,CHURCAMPA,090504,EL CARMEN,2,2,0,2,1,100.0
140102,14,LAMBAYEQUE,1401,CHICLAYO,140102,CHONGOYAPE,2,2,0,2,1,100.0
140108,14,LAMBAYEQUE,1401,CHICLAYO,140108,MONSEFU,2,2,0,2,1,100.0
140109,14,LAMBAYEQUE,1401,CHICLAYO,140109,NUEVA ARICA,2,2,0,2,1,100.0
030207,03,APURIMAC,0302,ANDAHUAYLAS,030207,KISHUARA,2,2,0,2,1,100.0
030610,03,APURIMAC,0306,CHINCHEROS,030610,EL PORVENIR,2,2,0,2,1,100.0
030701,03,APURIMAC,0307,GRAU,030701,CHUQUIBAMBILLA,2,2,0,2,1,100.0
030303,03,APURIMAC,0303,ANTABAMBA,030303,HUAQUIRCA,2,2,0,2,1,100.0
030306,03,APURIMAC,0303,ANTABAMBA,030306,PACHACONAS,2,2,0,2,1,100.0
140301,14,LAMBAYEQUE,1403,LAMBAYEQUE,140301,LAMBAYEQUE,2,2,0,2,1,100.0
030220,03,APURIMAC,0302,ANDAHUAYLAS,030220,JOSE MARIA ARGUEDAS,2,2,0,2,1,100.0
130809,13,LA LIBERTAD,1308,PATAZ,130809,PATAZ,2,0,2,2,1,0.0
130811,13,LA LIBERTAD,1308,PATAZ,130811,SANTIAGO DE CHALLAS,2,0,2,2,1,0.0
130701,13,LA LIBERTAD,1307,PACASMAYO,130701,SAN PEDRO DE LLOC,2,0,2,2,1,0.0
130702,13,LA LIBERTAD,1307,PACASMAYO,130702,GUADALUPE,2,0,2,2,1,0.0
040308,04,AREQUIPA,0403,CARAVELI,040308,CHAPARRA,2,0,2,2,1,0.0
130805,13,LA LIBERTAD,1308,PATAZ,130805,HUAYLILLAS,2,0,2,2,1,0.0
030408,03,APURIMAC,0304,AYMARAES,030408,JUSTO APU SAHUARAURA,2,2,0,2,1,100.0
030409,03,APURIMAC,0304,AYMARAES,030409,LUCRE,2,2,0,2,1,100.0
030413,03,APURIMAC,0304,AYMARAES,030413,SORAYA,2,2,0,2,1,100.0
040206,04,AREQUIPA,0402,CAMANA,040206,OCOÑA,2,0,2,2,1,0.0
040304,04,AREQUIPA,0403,CARAVELI,040304,ATIQUIPA,2,0,2,2,1,0.0
130901,13,LA LIBERTAD,1309,SANCHEZ CARRION,130901,HUAMACHUCO,2,0,2,2,1,0.0
030607,03,APURIMAC,0306,CHINCHEROS,030607,URANMARCA,2,2,0,2,1,100.0
030417,03,APURIMAC,0304,AYMARAES,030417,YANACA,2,2,0,2,1,100.0
030506,03,APURIMAC,0305,COTABAMBAS,030506,CHALLHUAHUACHO,2,2,0,2,1,100.0
040606,04,AREQUIPA,0406,CONDESUYOS,040606,RIO GRANDE,2,0,2,2,1,0.0
100402,10,HUANUCO,1004,HUACAYBAMBA,100402,CANCHABAMBA,2,0,2,2,1,0.0
100501,10,HUANUCO,1005,HUAMALIES,100501,LLATA,2,0,2,2,1,0.0
090615,09,HUANCAVELICA,0906,HUAYTARA,090615,SANTO DOMINGO DE CAPILLAS,2,2,0,2,1,100.0
090718,09,HUANCAVELICA,0907,TAYACAJA,090718,TINTAY PUNCU,2,2,0,2,1,100.0
090702,09,HUANCAVELICA,0907,TAYACAJA,090702,ACOSTAMBO,2,2,0,2,1,100.0
090703,09,HUANCAVELICA,0907,TAYACAJA,090703,ACRAQUIA,2,2,0,2,1,100.0
090707,09,HUANCAVELICA,0907,TAYACAJA,090707,HUACHOCOLPA,2,2,0,2,1,100.0
120907,12,JUNIN,1209,CHUPACA,120907,SAN JUAN DE JARPA,2,0,2,2,1,0.0
131001,13,LA LIBERTAD,1310,SANTIAGO DE CHUCO,131001,SANTIAGO DE CHUCO,2,0,2,2,1,0.0
131004,13,LA LIBERTAD,1310,SANTIAGO DE CHUCO,131004,MOLLEBAMBA,2,0,2,2,1,0.0
120903,12,JUNIN,1209,CHUPACA,120903,CHONGOS BAJO,2,0,2,2,1,0.0
130613,13,LA LIBERTAD,1306,OTUZCO,130613,SINSICAP,2,0,2,2,1,0.0
130305,13,LA LIBERTAD,1303,BOLIVAR,130305,UCHUMARCA,2,0,2,2,1,0.0
130403,13,LA LIBERTAD,1304,CHEPEN,130403,PUEBLO NUEVO,2,0,2,2,1,0.0
130107,13,LA LIBERTAD,1301,TRUJILLO,130107,MOCHE,2,0,2,1,1,0.0
120501,12,JUNIN,1205,JUNIN,120501,JUNIN,2,2,0,2,1,100.0
130605,13,LA LIBERTAD,1306,OTUZCO,130605,HUARANCHAL,2,0,2,2,1,0.0
120703,12,JUNIN,1207,TARMA,120703,HUARICOLCA,2,2,0,2,1,100.0
120707,12,JUNIN,1207,TARMA,120707,PALCAMAYO,2,2,0,2,1,100.0
120504,12,JUNIN,1205,JUNIN,120504,ULCUMAYO,2,2,0,2,1,100.0
120609,12,JUNIN,1206,SATIPO,120609,VIZCATAN DEL ENE,2,0,2,2,1,0.0
040511,04,AREQUIPA,0405,CAYLLOMA,040511,LLUTA,2,0,2,2,1,0.0
030710,03,APURIMAC,0307,GRAU,030710,SANTA ROSA,2,2,0,2,1,100.0
030714,03,APURIMAC,0307,GRAU,030714,CURASCO,2,2,0,2,1,100.0
040205,04,AREQUIPA,0402,CAMANA,040205,NICOLAS DE PIEROLA,2,0,2,2,1,0.0
040106,04,AREQUIPA,0401,AREQUIPA,040106,CHIGUATA,2,0,2,2,1,0.0
040111,04,AREQUIPA,0401,AREQUIPA,040111,MOLLEBAYA,2,0,2,2,1,0.0
040113,04,AREQUIPA,0401,AREQUIPA,040113,POCSI,2,0,2,2,1,0.0
040120,04,AREQUIPA,0401,AREQUIPA,040120,SANTA ISABEL DE SIGUAS,2,0,2,2,1,0.0
100101,10,HUANUCO,1001,HUANUCO,100101,HUANUCO,2,0,2,2,1,0.0
100105,10,HUANUCO,1001,HUANUCO,100105,MARGOS,2,0,2,2,1,0.0
050509,05,AYACUCHO,0505,LA MAR,050509,SAMUGARI,2,2,0,2,1,100.0
100311,10,HUANUCO,1003,DOS DE MAYO,100311,MARIAS,2,0,2,2,1,0.0
040604,04,AREQUIPA,0406,CONDESUYOS,040604,CHICHAS,2,0,2,2,1,0.0
050503,05,AYACUCHO,0505,LA MAR,050503,AYNA,2,2,0,2,1,100.0
050504,05,AYACUCHO,0505,LA MAR,050504,CHILCAS,2,2,0,2,1,100.0
050505,05,AYACUCHO,0505,LA MAR,050505,CHUNGUI,2,2,0,2,1,100.0
040128,04,AREQUIPA,0401,AREQUIPA,040128,YURA,2,0,2,2,1,0.0
040203,04,AREQUIPA,0402,CAMANA,040203,MARIANO NICOLAS VALCARCEL,2,0,2,2,1,0.0
040204,04,AREQUIPA,0402,CAMANA,040204,MARISCAL CACERES,2,0,2,2,1,0.0
120210,12,JUNIN,1202,CONCEPCION,120210,MATAHUASI,2,2,0,2,1,100.0
120215,12,JUNIN,1202,CONCEPCION,120215,SANTA ROSA DE OCOPA,2,2,0,2,1,100.0
120304,12,JUNIN,1203,CHANCHAMAYO,120304,SAN LUIS DE SHUARO,2,1,1,2,1,50.0
120305,12,JUNIN,1203,CHANCHAMAYO,120305,SAN RAMON,2,2,0,2,1,100.0
120425,12,JUNIN,1204,JAUJA,120425,PARCO,2,1,1,2,1,50.0
120418,12,JUNIN,1204,JAUJA,120418,MOLINOS,2,0,2,2,1,0.0
120106,12,JUNIN,1201,HUANCAYO,120106,CHICCHE,2,0,2,2,1,0.0
120203,12,JUNIN,1202,CONCEPCION,120203,ANDAMARCA,2,2,0,2,1,100.0
120205,12,JUNIN,1202,CONCEPCION,120205,COCHAS,2,0,2,2,1,0.0
120128,12,JUNIN,1201,HUANCAYO,120128,QUILCAS,2,0,2,2,1,0.0
101006,10,HUANUCO,1010,LAURICOCHA,101006,SAN FRANCISCO DE ASIS,2,0,2,2,1,0.0
101101,10,HUANUCO,1011,YAROWILCA,101101,CHAVINILLO,2,0,2,2,1,0.0
120202,12,JUNIN,1202,CONCEPCION,120202,ACO,2,0,2,2,1,0.0
110209,11,ICA,1102,CHINCHA,110209,SAN PEDRO DE HUACARPANA,2,0,2,2,1,0.0
101104,10,HUANUCO,1011,YAROWILCA,101104,APARICIO POMARES,2,0,2,2,1,0.0
110104,11,ICA,1101,ICA,110104,OCUCAJE,2,2,0,2,1,100.0
110109,11,ICA,1101,ICA,110109,SAN JOSE DE LOS MOLINOS,2,1,1,2,1,50.0
050108,05,AYACUCHO,0501,HUAMANGA,050108,QUINUA,2,2,0,2,1,100.0
050109,05,AYACUCHO,0501,HUAMANGA,050109,SAN JOSE DE TICLLAS,2,2,0,2,1,100.0
110205,11,ICA,1102,CHINCHA,110205,EL CARMEN,2,0,2,2,1,0.0
040402,04,AREQUIPA,0404,CASTILLA,040402,ANDAGUA,2,0,2,2,1,0.0
040405,04,AREQUIPA,0404,CASTILLA,040405,CHILCAYMARCA,2,0,2,2,1,0.0
050103,05,AYACUCHO,0501,HUAMANGA,050103,ACOS VINCHOS,2,2,0,2,1,100.0
040410,04,AREQUIPA,0404,CASTILLA,040410,PAMPACOLCA,2,0,2,2,1,0.0
040411,04,AREQUIPA,0404,CASTILLA,040411,TIPAN,2,0,2,2,1,0.0
040503,04,AREQUIPA,0405,CAYLLOMA,040503,CABANACONDE,2,0,2,2,1,0.0
100509,10,HUANUCO,1005,HUAMALIES,100509,PUÑOS,2,0,2,2,1,0.0
100603,10,HUANUCO,1006,LEONCIO PRADO,100603,HERMILIO VALDIZAN,2,0,2,2,1,0.0
100604,10,HUANUCO,1006,LEONCIO PRADO,100604,JOSE CRESPO Y CASTILLO,2,0,2,2,1,0.0
100106,10,HUANUCO,1001,HUANUCO,100106,QUISQUI (KICHKI),2,0,2,2,1,0.0
020302,02,ANCASH,0203,ANTONIO RAYMONDI,020302,ACZO,2,0,2,2,1,0.0
020104,02,ANCASH,0201,HUARAZ,020104,HUANCHAY,2,0,2,2,1,0.0
220201,22,SAN MARTIN,2202,BELLAVISTA,220201,BELLAVISTA,2,0,2,2,1,0.0
220202,22,SAN MARTIN,2202,BELLAVISTA,220202,ALTO BIAVO,2,0,2,2,1,0.0
220502,22,SAN MARTIN,2205,LAMAS,220502,ALONSO DE ALVARADO,2,0,2,2,1,0.0
220503,22,SAN MARTIN,2205,LAMAS,220503,BARRANQUITA,2,0,2,2,1,0.0
220508,22,SAN MARTIN,2205,LAMAS,220508,SAN ROQUE DE CUMBAZA,2,0,2,2,1,0.0
020202,02,ANCASH,0202,AIJA,020202,CORIS,2,0,2,2,1,0.0
020204,02,ANCASH,0202,AIJA,020204,LA MERCED,2,0,2,2,1,0.0
220601,22,SAN MARTIN,2206,MARISCAL CACERES,220601,JUANJUI,2,0,2,2,1,0.0
220602,22,SAN MARTIN,2206,MARISCAL CACERES,220602,CAMPANILLA,2,0,2,2,1,0.0
220604,22,SAN MARTIN,2206,MARISCAL CACERES,220604,PACHIZA,2,0,2,2,1,0.0
220704,22,SAN MARTIN,2207,PICOTA,220704,PILLUANA,2,0,2,2,1,0.0
010520,01,AMAZONAS,0105,LUYA,010520,SANTA CATALINA,2,0,2,2,1,0.0
010522,01,AMAZONAS,0105,LUYA,010522,TINGO,2,0,2,2,1,0.0
010523,01,AMAZONAS,0105,LUYA,010523,TRITA,2,0,2,2,1,0.0
220802,22,SAN MARTIN,2208,RIOJA,220802,AWAJUN,2,0,2,2,1,0.0
010507,01,AMAZONAS,0105,LUYA,010507,LONGUITA,2,0,2,2,1,0.0
010508,01,AMAZONAS,0105,LUYA,010508,LONYA CHICO,2,0,2,2,1,0.0
211202,21,PUNO,2112,SANDIA,211202,CUYOCUYO,2,0,2,2,1,0.0
211203,21,PUNO,2112,SANDIA,211203,LIMBANI,2,0,2,2,1,0.0
211205,21,PUNO,2112,SANDIA,211205,PHARA,2,0,2,2,1,0.0
240106,24,TUMBES,2401,TUMBES,240106,SAN JUAN DE LA VIRGEN,2,0,2,2,1,0.0
010306,01,AMAZONAS,0103,BONGARA,010306,FLORIDA,2,0,2,2,1,0.0
010113,01,AMAZONAS,0101,CHACHAPOYAS,010113,MARISCAL CASTILLA,2,0,2,2,1,0.0
010116,01,AMAZONAS,0101,CHACHAPOYAS,010116,OLLEROS,2,0,2,2,1,0.0
010117,01,AMAZONAS,0101,CHACHAPOYAS,010117,QUINJALCA,2,0,2,2,1,0.0
211103,21,PUNO,2111,SAN ROMAN,211103,CABANILLAS,2,1,1,2,1,50.0
220902,22,SAN MARTIN,2209,SAN MARTIN,220902,ALBERTO LEVEAU,1,0,1,1,1,0.0
010111,01,AMAZONAS,0101,CHACHAPOYAS,010111,LEVANTO,1,0,1,1,1,0.0
010112,01,AMAZONAS,0101,CHACHAPOYAS,010112,MAGDALENA,1,0,1,1,1,0.0
010114,01,AMAZONAS,0101,CHACHAPOYAS,010114,MOLINOPAMPA,1,0,1,1,1,0.0
010115,01,AMAZONAS,0101,CHACHAPOYAS,010115,MONTEVIDEO,1,0,1,1,1,0.0
211206,21,PUNO,2112,SANDIA,211206,QUIACA,1,0,1,1,1,0.0
240303,24,TUMBES,2403,ZARUMILLA,240303,MATAPALO,1,0,1,1,1,0.0
230402,23,TACNA,2304,TARATA,230402,HEROES ALBARRACIN,1,1,0,1,1,100.0
230403,23,TACNA,2304,TARATA,230403,ESTIQUE,1,0,1,1,1,0.0
010107,01,AMAZONAS,0101,CHACHAPOYAS,010107,GRANADA,1,0,1,1,1,0.0
010514,01,AMAZONAS,0105,LUYA,010514,PISUQUIA,1,0,1,1,1,0.0
010515,01,AMAZONAS,0105,LUYA,010515,PROVIDENCIA,1,0,1,1,1,0.0
010516,01,AMAZONAS,0105,LUYA,010516,SAN CRISTOBAL,1,0,1,1,1,0.0
010517,01,AMAZONAS,0105,LUYA,010517,SAN FRANCISCO DEL YESO,1,0,1,1,1,0.0
010519,01,AMAZONAS,0105,LUYA,010519,SAN JUAN DE LOPECANCHA,1,0,1,1,1,0.0
010503,01,AMAZONAS,0105,LUYA,010503,COCABAMBA,1,0,1,1,1,0.0
010106,01,AMAZONAS,0101,CHACHAPOYAS,010106,CHUQUIBAMBA,1,0,1,1,1,0.0
010505,01,AMAZONAS,0105,LUYA,010505,CONILA,1,0,1,1,1,0.0
010506,01,AMAZONAS,0105,LUYA,010506,INGUILPATA,1,0,1,1,1,0.0
010104,01,AMAZONAS,0101,CHACHAPOYAS,010104,CHETO,1,0,1,1,1,0.0
010510,01,AMAZONAS,0105,LUYA,010510,LUYA VIEJO,1,0,1,1,1,0.0
010307,01,AMAZONAS,0103,BONGARA,010307,JAZAN,1,0,1,1,1,0.0
220914,22,SAN MARTIN,2209,SAN MARTIN,220914,SHAPAJA,1,0,1,1,1,0.0
221001,22,SAN MARTIN,2210,TOCACHE,221001,TOCACHE,1,0,1,1,1,0.0
221004,22,SAN MARTIN,2210,TOCACHE,221004,SHUNTE,1,0,1,1,1,0.0
230105,23,TACNA,2301,TACNA,230105,INCLAN,1,1,0,1,1,100.0
220803,22,SAN MARTIN,2208,RIOJA,220803,ELIAS SOPLIN VARGAS,1,0,1,1,1,0.0
220603,22,SAN MARTIN,2206,MARISCAL CACERES,220603,HUICUNGO,1,0,1,1,1,0.0
220605,22,SAN MARTIN,2206,MARISCAL CACERES,220605,PAJARILLO,1,0,1,1,1,0.0
220703,22,SAN MARTIN,2207,PICOTA,220703,CASPISAPA,1,0,1,1,1,0.0
220405,22,SAN MARTIN,2204,HUALLAGA,220405,SACANCHE,1,0,1,1,1,0.0
010603,01,AMAZONAS,0106,RODRIGUEZ DE MENDOZA,010603,COCHAMAL,1,0,1,1,1,0.0
010605,01,AMAZONAS,0106,RODRIGUEZ DE MENDOZA,010605,LIMABAMBA,1,0,1,1,1,0.0
010511,01,AMAZONAS,0105,LUYA,010511,MARIA,1,0,1,1,1,0.0
010108,01,AMAZONAS,0101,CHACHAPOYAS,010108,HUANCAS,1,0,1,1,1,0.0
060308,06,CAJAMARCA,0603,CELENDIN,060308,OXAMARCA,1,0,1,1,1,0.0
060311,06,CAJAMARCA,0603,CELENDIN,060311,UTCO,1,0,1,1,1,0.0
060301,06,CAJAMARCA,0603,CELENDIN,060301,CELENDIN,1,0,1,1,1,0.0
060302,06,CAJAMARCA,0603,CELENDIN,060302,CHUMUCH,1,0,1,1,1,0.0
220302,22,SAN MARTIN,2203,EL DORADO,220302,AGUA BLANCA,1,0,1,1,1,0.0
010308,01,AMAZONAS,0103,BONGARA,010308,RECTA,1,0,1,1,1,0.0
010309,01,AMAZONAS,0103,BONGARA,010309,SAN CARLOS,1,0,1,1,1,0.0
010310,01,AMAZONAS,0103,BONGARA,010310,SHIPASBAMBA,1,0,1,1,1,0.0
010103,01,AMAZONAS,0101,CHACHAPOYAS,010103,BALSAS,1,0,1,1,1,0.0
010102,01,AMAZONAS,0101,CHACHAPOYAS,010102,ASUNCION,1,0,1,1,1,0.0
010119,01,AMAZONAS,0101,CHACHAPOYAS,010119,SAN ISIDRO DE MAINO,1,0,1,1,1,0.0
010602,01,AMAZONAS,0106,RODRIGUEZ DE MENDOZA,010602,CHIRIMOTO,1,0,1,1,1,0.0
021002,02,ANCASH,0210,HUARI,021002,ANRA,1,0,1,1,1,0.0
020605,02,ANCASH,0206,CARHUAZ,020605,ATAQUERO,1,0,1,1,1,0.0
210705,21,PUNO,2107,LAMPA,210705,OCUVIRI,1,1,0,1,1,100.0
210706,21,PUNO,2107,LAMPA,210706,PALCA,1,1,0,1,1,100.0
210710,21,PUNO,2107,LAMPA,210710,VILAVILA,1,1,0,1,1,100.0
210603,21,PUNO,2106,HUANCANE,210603,HUATASANI,1,1,0,1,1,100.0
210604,21,PUNO,2106,HUANCANE,210604,INCHUPALLA,1,1,0,1,1,100.0
210605,21,PUNO,2106,HUANCANE,210605,PUSI,1,1,0,1,1,100.0
010606,01,AMAZONAS,0106,RODRIGUEZ DE MENDOZA,010606,LONGAR,1,0,1,1,1,0.0
010607,01,AMAZONAS,0106,RODRIGUEZ DE MENDOZA,010607,MARISCAL BENAVIDES,1,0,1,1,1,0.0
010608,01,AMAZONAS,0106,RODRIGUEZ DE MENDOZA,010608,MILPUC,1,0,1,1,1,0.0
010610,01,AMAZONAS,0106,RODRIGUEZ DE MENDOZA,010610,SANTA ROSA,1,0,1,1,1,0.0
010611,01,AMAZONAS,0106,RODRIGUEZ DE MENDOZA,010611,TOTORA,1,0,1,1,1,0.0
020902,02,ANCASH,0209,CORONGO,020902,ACO,1,0,1,1,1,0.0
020903,02,ANCASH,0209,CORONGO,020903,BAMBAS,1,0,1,1,1,0.0
020907,02,ANCASH,0209,CORONGO,020907,YUPAN,1,0,1,1,1,0.0
120136,12,JUNIN,1201,HUANCAYO,120136,VIQUES,1,0,1,1,1,0.0
120204,12,JUNIN,1202,CONCEPCION,120204,CHAMBARA,1,0,1,1,1,0.0
120208,12,JUNIN,1202,CONCEPCION,120208,MANZANARES,1,0,1,1,1,0.0
120122,12,JUNIN,1201,HUANCAYO,120122,INGENIO,1,0,1,1,1,0.0
120127,12,JUNIN,1201,HUANCAYO,120127,QUICHUAY,1,0,1,1,1,0.0
120129,12,JUNIN,1201,HUANCAYO,120129,SAN AGUSTIN,1,0,1,1,1,0.0
120132,12,JUNIN,1201,HUANCAYO,120132,SAÑO,1,0,1,1,1,0.0
120107,12,JUNIN,1201,HUANCAYO,120107,CHILCA,1,0,1,1,1,0.0
110102,11,ICA,1101,ICA,110102,LA TINGUIÑA,1,0,1,1,1,0.0
110105,11,ICA,1101,ICA,110105,PACHACUTEC,1,1,0,1,1,100.0
101002,10,HUANUCO,1010,LAURICOCHA,101002,BAÑOS,1,0,1,1,1,0.0
101003,10,HUANUCO,1010,LAURICOCHA,101003,JIVIA,1,0,1,1,1,0.0
101004,10,HUANUCO,1010,LAURICOCHA,101004,QUEROPALCA,1,0,1,1,1,0.0
101007,10,HUANUCO,1010,LAURICOCHA,101007,SAN MIGUEL DE CAURI,1,0,1,1,1,0.0
101103,10,HUANUCO,1011,YAROWILCA,101103,CHACABAMBA,1,0,1,1,1,0.0
120135,12,JUNIN,1201,HUANCAYO,120135,SANTO DOMINGO DE ACOBAMBA,1,1,0,1,1,100.0
040404,04,AREQUIPA,0404,CASTILLA,040404,CHACHAS,1,0,1,1,1,0.0
050101,05,AYACUCHO,0501,HUAMANGA,050101,AYACUCHO,1,1,0,1,1,100.0
050107,05,AYACUCHO,0501,HUAMANGA,050107,PACAYCASA,1,1,0,1,1,100.0
040804,04,AREQUIPA,0408,LA UNION,040804,HUAYNACOTAS,1,0,1,1,1,0.0
040805,04,AREQUIPA,0408,LA UNION,040805,PAMPAMARCA,1,0,1,1,1,0.0
110203,11,ICA,1102,CHINCHA,110203,CHAVIN,1,1,0,1,1,100.0
110204,11,ICA,1102,CHINCHA,110204,CHINCHA BAJA,1,0,1,1,1,0.0
110208,11,ICA,1102,CHINCHA,110208,SAN JUAN DE YANAC,1,0,1,1,1,0.0
040407,04,AREQUIPA,0404,CASTILLA,040407,HUANCARQUI,1,0,1,1,1,0.0
040408,04,AREQUIPA,0404,CASTILLA,040408,MACHAGUAY,1,0,1,1,1,0.0
040412,04,AREQUIPA,0404,CASTILLA,040412,UÑON,1,0,1,1,1,0.0
040414,04,AREQUIPA,0404,CASTILLA,040414,VIRACO,1,0,1,1,1,0.0
040311,04,AREQUIPA,0403,CARAVELI,040311,LOMAS,1,0,1,1,1,0.0
040312,04,AREQUIPA,0403,CARAVELI,040312,QUICACHA,1,0,1,1,1,0.0
040313,04,AREQUIPA,0403,CARAVELI,040313,YAUCA,1,0,1,1,1,0.0
040403,04,AREQUIPA,0404,CASTILLA,040403,AYO,1,0,1,1,1,0.0
120209,12,JUNIN,1202,CONCEPCION,120209,MARISCAL CASTILLA,1,1,0,1,1,100.0
120212,12,JUNIN,1202,CONCEPCION,120212,NUEVE DE JULIO,1,0,1,1,1,0.0
120213,12,JUNIN,1202,CONCEPCION,120213,ORCOTUNA,1,0,1,1,1,0.0
120801,12,JUNIN,1208,YAULI,120801,LA OROYA,1,1,0,1,1,100.0
120803,12,JUNIN,1208,YAULI,120803,HUAY-HUAY,1,1,0,1,1,100.0
120804,12,JUNIN,1208,YAULI,120804,MARCAPOMACOCHA,1,1,0,1,1,100.0
120805,12,JUNIN,1208,YAULI,120805,MOROCOCHA,1,1,0,1,1,100.0
120806,12,JUNIN,1208,YAULI,120806,PACCHA,1,1,0,1,1,100.0
120411,12,JUNIN,1204,JAUJA,120411,JANJAILLO,1,1,0,1,1,100.0
120412,12,JUNIN,1204,JAUJA,120412,JULCAN,1,1,0,1,1,100.0
120414,12,JUNIN,1204,JAUJA,120414,LLOCLLAPAMPA,1,0,1,1,1,0.0
120416,12,JUNIN,1204,JAUJA,120416,MASMA,1,1,0,1,1,100.0
120417,12,JUNIN,1204,JAUJA,120417,MASMA CHICCHE,1,0,1,1,1,0.0
120306,12,JUNIN,1203,CHANCHAMAYO,120306,VITOC,1,0,1,1,1,0.0
120404,12,JUNIN,1204,JAUJA,120404,ATAURA,1,0,1,1,1,0.0
120407,12,JUNIN,1204,JAUJA,120407,EL MANTARO,1,1,0,1,1,100.0
120104,12,JUNIN,1201,HUANCAYO,120104,CARHUACALLANGA,1,0,1,1,1,0.0
120419,12,JUNIN,1204,JAUJA,120419,MONOBAMBA,1,1,0,1,1,100.0
120420,12,JUNIN,1204,JAUJA,120420,MUQUI,1,1,0,1,1,100.0
120422,12,JUNIN,1204,JAUJA,120422,PACA,1,1,0,1,1,100.0
120424,12,JUNIN,1204,JAUJA,120424,PANCAN,1,0,1,1,1,0.0
120408,12,JUNIN,1204,JAUJA,120408,HUAMALI,1,0,1,1,1,0.0
120409,12,JUNIN,1204,JAUJA,120409,HUARIPAMPA,1,1,0,1,1,100.0
120410,12,JUNIN,1204,JAUJA,120410,HUERTAS,1,1,0,1,1,100.0
120108,12,JUNIN,1201,HUANCAYO,120108,CHONGOS ALTO,1,0,1,1,1,0.0
120112,12,JUNIN,1201,HUANCAYO,120112,COLCA,1,1,0,1,1,100.0
120113,12,JUNIN,1201,HUANCAYO,120113,CULLHUAS,1,0,1,1,1,0.0
120120,12,JUNIN,1201,HUANCAYO,120120,HUASICANCHA,1,0,1,1,1,0.0
110405,11,ICA,1104,PALPA,110405,TIBILLO,1,0,1,1,1,0.0
110502,11,ICA,1105,PISCO,110502,HUANCANO,1,0,1,1,1,0.0
110505,11,ICA,1105,PISCO,110505,PARACAS,1,0,1,1,1,0.0
120101,12,JUNIN,1201,HUANCAYO,120101,HUANCAYO,1,0,1,1,1,0.0
100113,10,HUANUCO,1001,HUANUCO,100113,SAN PABLO DE PILLAO,1,0,1,1,1,0.0
100202,10,HUANUCO,1002,AMBO,100202,CAYNA,1,0,1,1,1,0.0
090720,09,HUANCAVELICA,0907,TAYACAJA,090720,ANDAYMARCA,1,1,0,1,1,100.0
090723,09,HUANCAVELICA,0907,TAYACAJA,090723,SANTIAGO DE TUCUMA,1,1,0,1,1,100.0
040114,04,AREQUIPA,0401,AREQUIPA,040114,POLOBAYA,1,0,1,1,1,0.0
040118,04,AREQUIPA,0401,AREQUIPA,040118,SAN JUAN DE SIGUAS,1,0,1,1,1,0.0
040119,04,AREQUIPA,0401,AREQUIPA,040119,SAN JUAN DE TARUCANI,1,0,1,1,1,0.0
030707,03,APURIMAC,0307,GRAU,030707,PATAYPAMPA,1,1,0,1,1,100.0
050510,05,AYACUCHO,0505,LA MAR,050510,ANCHIHUAY,1,1,0,1,1,100.0
050404,05,AYACUCHO,0504,HUANTA,050404,IGUAIN,1,1,0,1,1,100.0
050405,05,AYACUCHO,0504,HUANTA,050405,LURICOCHA,1,1,0,1,1,100.0
100206,10,HUANUCO,1002,AMBO,100206,SAN FRANCISCO,1,0,1,1,1,0.0
100208,10,HUANUCO,1002,AMBO,100208,TOMAY KICHWA,1,0,1,1,1,0.0
100108,10,HUANUCO,1001,HUANUCO,100108,SAN PEDRO DE CHAULAN,1,0,1,1,1,0.0
100110,10,HUANUCO,1001,HUANUCO,100110,YARUMAYO,1,0,1,1,1,0.0
100111,10,HUANUCO,1001,HUANUCO,100111,PILLCO MARCA,1,0,1,1,1,0.0
040803,04,AREQUIPA,0408,LA UNION,040803,CHARCANA,1,0,1,1,1,0.0
040517,04,AREQUIPA,0405,CAYLLOMA,040517,TISCO,1,0,1,1,1,0.0
040518,04,AREQUIPA,0405,CAYLLOMA,040518,TUTI,1,0,1,1,1,0.0
040519,04,AREQUIPA,0405,CAYLLOMA,040519,YANQUE,1,0,1,1,1,0.0
040602,04,AREQUIPA,0406,CONDESUYOS,040602,ANDARAY,1,0,1,1,1,0.0
040603,04,AREQUIPA,0406,CONDESUYOS,040603,CAYARANI,1,0,1,1,1,0.0
040605,04,AREQUIPA,0406,CONDESUYOS,040605,IRAY,1,0,1,1,1,0.0
050506,05,AYACUCHO,0505,LA MAR,050506,LUIS CARRANZA,1,1,0,1,1,100.0
120807,12,JUNIN,1208,YAULI,120807,SANTA BARBARA DE CARHUACAYAN,1,1,0,1,1,100.0
120809,12,JUNIN,1208,YAULI,120809,SUITUCANCHA,1,1,0,1,1,100.0
120902,12,JUNIN,1209,CHUPACA,120902,AHUAC,1,1,0,1,1,100.0
040127,04,AREQUIPA,0401,AREQUIPA,040127,YARABAMBA,1,0,1,1,1,0.0
040608,04,AREQUIPA,0406,CONDESUYOS,040608,YANAQUIHUA,1,0,1,1,1,0.0
040701,04,AREQUIPA,0407,ISLAY,040701,MOLLENDO,1,0,1,1,1,0.0
040703,04,AREQUIPA,0407,ISLAY,040703,DEAN VALDIVIA,1,0,1,1,1,0.0
040802,04,AREQUIPA,0408,LA UNION,040802,ALCA,1,0,1,1,1,0.0
130306,13,LA LIBERTAD,1303,BOLIVAR,130306,UCUNCHA,1,0,1,1,1,0.0
130503,13,LA LIBERTAD,1305,JULCAN,130503,CARABAMBA,1,0,1,1,1,0.0
130108,13,LA LIBERTAD,1301,TRUJILLO,130108,POROTO,1,0,1,1,1,0.0
130203,13,LA LIBERTAD,1302,ASCOPE,130203,CHOCOPE,1,0,1,1,1,0.0
130204,13,LA LIBERTAD,1302,ASCOPE,130204,MAGDALENA DE CAO,1,0,1,1,1,0.0
130205,13,LA LIBERTAD,1302,ASCOPE,130205,PAIJAN,1,0,1,1,1,0.0
130208,13,LA LIBERTAD,1302,ASCOPE,130208,CASA GRANDE,1,0,1,1,1,0.0
130302,13,LA LIBERTAD,1303,BOLIVAR,130302,BAMBAMARCA,1,0,1,1,1,0.0
120427,12,JUNIN,1204,JAUJA,120427,RICRAN,1,1,0,1,1,100.0
120428,12,JUNIN,1204,JAUJA,120428,SAN LORENZO,1,0,1,1,1,0.0
120429,12,JUNIN,1204,JAUJA,120429,SAN PEDRO DE CHUNAN,1,1,0,1,1,100.0
120432,12,JUNIN,1204,JAUJA,120432,TUNAN MARCA,1,1,0,1,1,100.0
120433,12,JUNIN,1204,JAUJA,120433,YAULI,1,1,0,1,1,100.0
120503,12,JUNIN,1205,JUNIN,120503,ONDORES,1,1,0,1,1,100.0
130606,13,LA LIBERTAD,1306,OTUZCO,130606,LA CUESTA,1,0,1,1,1,0.0
130610,13,LA LIBERTAD,1306,OTUZCO,130610,PARANDAY,1,0,1,1,1,0.0
040513,04,AREQUIPA,0405,CAYLLOMA,040513,MADRIGAL,1,0,1,1,1,0.0
040514,04,AREQUIPA,0405,CAYLLOMA,040514,SAN ANTONIO DE CHUCA,1,0,1,1,1,0.0
040515,04,AREQUIPA,0405,CAYLLOMA,040515,SIBAYO,1,0,1,1,1,0.0
040516,04,AREQUIPA,0405,CAYLLOMA,040516,TAPAY,1,0,1,1,1,0.0
040501,04,AREQUIPA,0405,CAYLLOMA,040501,CHIVAY,1,0,1,1,1,0.0
040502,04,AREQUIPA,0405,CAYLLOMA,040502,ACHOMA,1,0,1,1,1,0.0
120708,12,JUNIN,1207,TARMA,120708,SAN PEDRO DE CAJAS,1,1,0,1,1,100.0
120602,12,JUNIN,1206,SATIPO,120602,COVIRIALI,1,1,0,1,1,100.0
030708,03,APURIMAC,0307,GRAU,030708,PROGRESO,1,1,0,1,1,100.0
030709,03,APURIMAC,0307,GRAU,030709,SAN ANTONIO,1,1,0,1,1,100.0
030711,03,APURIMAC,0307,GRAU,030711,TURPAY,1,1,0,1,1,100.0
030712,03,APURIMAC,0307,GRAU,030712,VILCABAMBA,1,1,0,1,1,100.0
030713,03,APURIMAC,0307,GRAU,030713,VIRUNDO,1,1,0,1,1,100.0
040509,04,AREQUIPA,0405,CAYLLOMA,040509,ICHUPAMPA,1,0,1,1,1,0.0
040510,04,AREQUIPA,0405,CAYLLOMA,040510,LARI,1,0,1,1,1,0.0
040512,04,AREQUIPA,0405,CAYLLOMA,040512,MACA,1,0,1,1,1,0.0
040807,04,AREQUIPA,0408,LA UNION,040807,QUECHUALLA,1,0,1,1,1,0.0
040808,04,AREQUIPA,0408,LA UNION,040808,SAYLA,1,0,1,1,1,0.0
040809,04,AREQUIPA,0408,LA UNION,040809,TAURIA,1,0,1,1,1,0.0
040810,04,AREQUIPA,0408,LA UNION,040810,TOMEPAMPA,1,0,1,1,1,0.0
040811,04,AREQUIPA,0408,LA UNION,040811,TORO,1,0,1,1,1,0.0
040607,04,AREQUIPA,0406,CONDESUYOS,040607,SALAMANCA,1,0,1,1,1,0.0
131005,13,LA LIBERTAD,1310,SANTIAGO DE CHUCO,131005,MOLLEPATA,1,0,1,1,1,0.0
130813,13,LA LIBERTAD,1308,PATAZ,130813,URPAY,1,0,1,1,1,0.0
090607,09,HUANCAVELICA,0906,HUAYTARA,090607,PILPICHACA,1,1,0,1,1,100.0
090608,09,HUANCAVELICA,0906,HUAYTARA,090608,QUERCO,1,1,0,1,1,100.0
090609,09,HUANCAVELICA,0906,HUAYTARA,090609,QUITO-ARMA,1,1,0,1,1,100.0
100316,10,HUANUCO,1003,DOS DE MAYO,100316,QUIVILLA,1,0,1,1,1,0.0
100321,10,HUANUCO,1003,DOS DE MAYO,100321,SHUNQUI,1,0,1,1,1,0.0
100401,10,HUANUCO,1004,HUACAYBAMBA,100401,HUACAYBAMBA,1,0,1,1,1,0.0
100403,10,HUANUCO,1004,HUACAYBAMBA,100403,COCHABAMBA,1,0,1,1,1,0.0
040806,04,AREQUIPA,0408,LA UNION,040806,PUYCA,1,0,1,1,1,0.0
090611,09,HUANCAVELICA,0906,HUAYTARA,090611,SAN FRANCISCO DE SANGAYAICO,1,1,0,1,1,100.0
090612,09,HUANCAVELICA,0906,HUAYTARA,090612,SAN ISIDRO,1,1,0,1,1,100.0
090614,09,HUANCAVELICA,0906,HUAYTARA,090614,SANTIAGO DE QUIRAHUARA,1,1,0,1,1,100.0
090616,09,HUANCAVELICA,0906,HUAYTARA,090616,TAMBO,1,1,0,1,1,100.0
090602,09,HUANCAVELICA,0906,HUAYTARA,090602,AYAVI,1,1,0,1,1,100.0
090603,09,HUANCAVELICA,0906,HUAYTARA,090603,CORDOVA,1,1,0,1,1,100.0
090604,09,HUANCAVELICA,0906,HUAYTARA,090604,HUAYACUNDO ARMA,1,1,0,1,1,100.0
090605,09,HUANCAVELICA,0906,HUAYTARA,090605,LARAMARCA,1,1,0,1,1,100.0
130304,13,LA LIBERTAD,1303,BOLIVAR,130304,LONGOTEA,1,0,1,1,1,0.0
120905,12,JUNIN,1209,CHUPACA,120905,HUAMANCACA CHICO,1,0,1,1,1,0.0
120908,12,JUNIN,1209,CHUPACA,120908,TRES DE DICIEMBRE,1,0,1,1,1,0.0
120909,12,JUNIN,1209,CHUPACA,120909,YANACANCHA,1,0,1,1,1,0.0
131002,13,LA LIBERTAD,1310,SANTIAGO DE CHUCO,131002,ANGASMARCA,1,0,1,1,1,0.0
131003,13,LA LIBERTAD,1310,SANTIAGO DE CHUCO,131003,CACHICADAN,1,0,1,1,1,0.0
090710,09,HUANCAVELICA,0907,TAYACAJA,090710,ÑAHUIMPUQUIO,1,1,0,1,1,100.0
090610,09,HUANCAVELICA,0906,HUAYTARA,090610,SAN ANTONIO DE CUSICANCHA,1,1,0,1,1,100.0
030211,03,APURIMAC,0302,ANDAHUAYLAS,030211,POMACOCHA,1,1,0,1,1,100.0
030214,03,APURIMAC,0302,ANDAHUAYLAS,030214,SAN MIGUEL DE CHACCRAMPA,1,1,0,1,1,100.0
030217,03,APURIMAC,0302,ANDAHUAYLAS,030217,TUMAY HUARACA,1,1,0,1,1,100.0
030203,03,APURIMAC,0302,ANDAHUAYLAS,030203,CHIARA,1,1,0,1,1,100.0
030206,03,APURIMAC,0302,ANDAHUAYLAS,030206,HUAYANA,1,1,0,1,1,100.0
030705,03,APURIMAC,0307,GRAU,030705,MAMARA,1,1,0,1,1,100.0
030706,03,APURIMAC,0307,GRAU,030706,MICAELA BASTIDAS,1,1,0,1,1,100.0
140116,14,LAMBAYEQUE,1401,CHICLAYO,140116,CAYALTI,1,1,0,1,1,100.0
140206,14,LAMBAYEQUE,1402,FERREÑAFE,140206,PUEBLO NUEVO,1,1,0,1,1,100.0
140302,14,LAMBAYEQUE,1403,LAMBAYEQUE,140302,CHOCHOPE,1,1,0,1,1,100.0
140304,14,LAMBAYEQUE,1403,LAMBAYEQUE,140304,JAYANCA,1,1,0,1,1,100.0
140112,14,LAMBAYEQUE,1401,CHICLAYO,140112,PIMENTEL,1,1,0,1,1,100.0
140113,14,LAMBAYEQUE,1401,CHICLAYO,140113,REQUE,1,1,0,1,1,100.0
030302,03,APURIMAC,0303,ANTABAMBA,030302,EL ORO,1,1,0,1,1,100.0
030305,03,APURIMAC,0303,ANTABAMBA,030305,OROPESA,1,1,0,1,1,100.0
030210,03,APURIMAC,0302,ANDAHUAYLAS,030210,PAMPACHIRI,1,1,0,1,1,100.0
040123,04,AREQUIPA,0401,AREQUIPA,040123,TIABAYA,1,0,1,1,1,0.0
040125,04,AREQUIPA,0401,AREQUIPA,040125,VITOR,1,0,1,1,1,0.0
130807,13,LA LIBERTAD,1308,PATAZ,130807,ONGON,1,0,1,1,1,0.0
130810,13,LA LIBERTAD,1308,PATAZ,130810,PIAS,1,0,1,1,1,0.0
130812,13,LA LIBERTAD,1308,PATAZ,130812,TAURIJA,1,0,1,1,1,0.0
130705,13,LA LIBERTAD,1307,PACASMAYO,130705,SAN JOSE,1,0,1,1,1,0.0
130801,13,LA LIBERTAD,1308,PATAZ,130801,TAYABAMBA,1,0,1,1,1,0.0
140204,14,LAMBAYEQUE,1402,FERREÑAFE,140204,MANUEL ANTONIO MESONES MURO,1,1,0,1,1,100.0
030603,03,APURIMAC,0306,CHINCHEROS,030603,COCHARCAS,1,1,0,1,1,100.0
030501,03,APURIMAC,0305,COTABAMBAS,030501,TAMBOBAMBA,1,1,0,1,1,100.0
030411,03,APURIMAC,0304,AYMARAES,030411,SAN JUAN DE CHACÑA,1,1,0,1,1,100.0
030412,03,APURIMAC,0304,AYMARAES,030412,SAÑAYCA,1,1,0,1,1,100.0
040207,04,AREQUIPA,0402,CAMANA,040207,QUILCA,1,0,1,1,1,0.0
040306,04,AREQUIPA,0403,CARAVELI,040306,CAHUACHO,1,0,1,1,1,0.0
040309,04,AREQUIPA,0403,CARAVELI,040309,HUANUHUANU,1,0,1,1,1,0.0
040310,04,AREQUIPA,0403,CARAVELI,040310,JAQUI,1,0,1,1,1,0.0
090303,09,HUANCAVELICA,0903,ANGARAES,090303,CALLANMARCA,1,1,0,1,1,100.0
090308,09,HUANCAVELICA,0903,ANGARAES,090308,HUAYLLAY GRANDE,1,1,0,1,1,100.0
090713,09,HUANCAVELICA,0907,TAYACAJA,090713,QUISHUAR,1,1,0,1,1,100.0
140111,14,LAMBAYEQUE,1401,CHICLAYO,140111,PICSI,1,1,0,1,1,100.0
131101,13,LA LIBERTAD,1311,GRAN CHIMU,131101,CASCAS,1,0,1,1,1,0.0
131203,13,LA LIBERTAD,1312,VIRU,131203,GUADALUPITO,1,0,1,1,1,0.0
150502,15,LIMA,1505,CAÑETE,150502,ASIA,1,1,0,1,1,100.0
150503,15,LIMA,1505,CAÑETE,150503,CALANGO,1,1,0,1,1,100.0
090412,09,HUANCAVELICA,0904,CASTROVIRREYNA,090412,TANTARA,1,1,0,1,1,100.0
090413,09,HUANCAVELICA,0904,CASTROVIRREYNA,090413,TICRAPO,1,1,0,1,1,100.0
090309,09,HUANCAVELICA,0903,ANGARAES,090309,JULCAMARCA,1,1,0,1,1,100.0
090312,09,HUANCAVELICA,0903,ANGARAES,090312,SECCLLA,1,1,0,1,1,100.0
090403,09,HUANCAVELICA,0904,CASTROVIRREYNA,090403,AURAHUA,1,1,0,1,1,100.0
090404,09,HUANCAVELICA,0904,CASTROVIRREYNA,090404,CAPILLAS,1,1,0,1,1,100.0
090405,09,HUANCAVELICA,0904,CASTROVIRREYNA,090405,CHUPAMARCA,1,1,0,1,1,100.0
090406,09,HUANCAVELICA,0904,CASTROVIRREYNA,090406,COCAS,1,1,0,1,1,100.0
081305,08,CUSCO,0813,URUBAMBA,081305,MARAS,1,1,0,1,1,100.0
090503,09,HUANCAVELICA,0905,CHURCAMPA,090503,CHINCHIHUASI,1,1,0,1,1,100.0
090508,09,HUANCAVELICA,0905,CHURCAMPA,090508,SAN MIGUEL DE MAYOCC,1,1,0,1,1,100.0
090509,09,HUANCAVELICA,0905,CHURCAMPA,090509,SAN PEDRO DE CORIS,1,1,0,1,1,100.0
090408,09,HUANCAVELICA,0904,CASTROVIRREYNA,090408,HUAMATAMBO,1,1,0,1,1,100.0
090409,09,HUANCAVELICA,0904,CASTROVIRREYNA,090409,MOLLEPAMPA,1,1,0,1,1,100.0
090410,09,HUANCAVELICA,0904,CASTROVIRREYNA,090410,SAN JUAN,1,1,0,1,1,100.0
090411,09,HUANCAVELICA,0904,CASTROVIRREYNA,090411,SANTA ANA,1,1,0,1,1,100.0
140117,14,LAMBAYEQUE,1401,CHICLAYO,140117,PATAPO,1,1,0,1,1,100.0
140119,14,LAMBAYEQUE,1401,CHICLAYO,140119,PUCALA,1,1,0,1,1,100.0
140202,14,LAMBAYEQUE,1402,FERREÑAFE,140202,CAÑARIS,1,1,0,1,1,100.0
140101,14,LAMBAYEQUE,1401,CHICLAYO,140101,CHICLAYO,1,1,0,1,1,100.0
140106,14,LAMBAYEQUE,1401,CHICLAYO,140106,LA VICTORIA,1,1,0,1,1,100.0
081301,08,CUSCO,0813,URUBAMBA,081301,URUBAMBA,1,1,0,1,1,100.0
081302,08,CUSCO,0813,URUBAMBA,081302,CHINCHERO,1,1,0,1,1,100.0
081303,08,CUSCO,0813,URUBAMBA,081303,HUAYLLABAMBA,1,1,0,1,1,100.0
050805,05,AYACUCHO,0508,PAUCAR DEL SARA SARA,050805,MARCABAMBA,1,1,0,1,1,100.0
050806,05,AYACUCHO,0508,PAUCAR DEL SARA SARA,050806,OYOLO,1,1,0,1,1,100.0
050807,05,AYACUCHO,0508,PAUCAR DEL SARA SARA,050807,PARARCA,1,1,0,1,1,100.0
050619,05,AYACUCHO,0506,LUCANAS,050619,SANCOS,1,1,0,1,1,100.0
050620,05,AYACUCHO,0506,LUCANAS,050620,SANTA ANA DE HUAYCAHUACHO,1,1,0,1,1,100.0
090115,09,HUANCAVELICA,0901,HUANCAVELICA,090115,PILCHACA,1,1,0,1,1,100.0
090106,09,HUANCAVELICA,0901,HUANCAVELICA,090106,HUACHOCOLPA,1,1,0,1,1,100.0
090107,09,HUANCAVELICA,0901,HUANCAVELICA,090107,HUAYLLAHUARA,1,1,0,1,1,100.0
080808,08,CUSCO,0808,ESPINAR,080808,ALTO PICHIGUA,1,1,0,1,1,100.0
090111,09,HUANCAVELICA,0901,HUANCAVELICA,090111,MARISCAL CACERES,1,1,0,1,1,100.0
050409,05,AYACUCHO,0504,HUANTA,050409,CANAYRE,1,1,0,1,1,100.0
050205,05,AYACUCHO,0502,CANGALLO,050205,PARAS,1,1,0,1,1,100.0
050204,05,AYACUCHO,0502,CANGALLO,050204,MARIA PARADO DE BELLIDO,1,1,0,1,1,100.0
050708,05,AYACUCHO,0507,PARINACOCHAS,050708,UPAHUACHO,1,1,0,1,1,100.0
050802,05,AYACUCHO,0508,PAUCAR DEL SARA SARA,050802,COLTA,1,1,0,1,1,100.0
050803,05,AYACUCHO,0508,PAUCAR DEL SARA SARA,050803,CORCULLA,1,1,0,1,1,100.0
150304,15,LIMA,1503,CAJATAMBO,150304,HUANCAPON,1,1,0,1,1,100.0
150305,15,LIMA,1503,CAJATAMBO,150305,MANAS,1,1,0,1,1,100.0
140309,14,LAMBAYEQUE,1403,LAMBAYEQUE,140309,PACORA,1,1,0,1,1,100.0
150712,15,LIMA,1507,HUAROCHIRI,150712,SAN PEDRO DE LARAOS,1,1,0,1,1,100.0
150713,15,LIMA,1507,HUAROCHIRI,150713,MARIATANA,1,1,0,1,1,100.0
150715,15,LIMA,1507,HUAROCHIRI,150715,SAN ANDRES DE TUPICOCHA,1,1,0,1,1,100.0
150716,15,LIMA,1507,HUAROCHIRI,150716,SAN ANTONIO,1,1,0,1,1,100.0
150717,15,LIMA,1507,HUAROCHIRI,150717,SAN BARTOLOME,1,1,0,1,1,100.0
150505,15,LIMA,1505,CAÑETE,150505,CHILCA,1,1,0,1,1,100.0
150506,15,LIMA,1505,CAÑETE,150506,COAYLLO,1,1,0,1,1,100.0
150507,15,LIMA,1505,CAÑETE,150507,IMPERIAL,1,1,0,1,1,100.0
150509,15,LIMA,1505,CAÑETE,150509,MALA,1,1,0,1,1,100.0
150511,15,LIMA,1505,CAÑETE,150511,PACARAN,1,1,0,1,1,100.0
150405,15,LIMA,1504,CANTA,150405,LACHAQUI,1,1,0,1,1,100.0
150301,15,LIMA,1503,CAJATAMBO,150301,CAJATAMBO,1,1,0,1,1,100.0
150303,15,LIMA,1503,CAJATAMBO,150303,GORGOR,1,1,0,1,1,100.0
150515,15,LIMA,1505,CAÑETE,150515,SANTA CRUZ DE FLORES,1,1,0,1,1,100.0
150516,15,LIMA,1505,CAÑETE,150516,ZUÑIGA,1,1,0,1,1,100.0
150904,15,LIMA,1509,OYON,150904,COCHAMARCA,1,1,0,1,1,100.0
150905,15,LIMA,1509,OYON,150905,NAVAN,1,1,0,1,1,100.0
150906,15,LIMA,1509,OYON,150906,PACHANGARA,1,1,0,1,1,100.0
151001,15,LIMA,1510,YAUYOS,151001,YAUYOS,1,1,0,1,1,100.0
151002,15,LIMA,1510,YAUYOS,151002,ALIS,1,1,0,1,1,100.0
151003,15,LIMA,1510,YAUYOS,151003,ALLAUCA,1,1,0,1,1,100.0
021808,02,ANCASH,0218,SANTA,021808,SANTA,1,0,1,1,1,0.0
030403,03,APURIMAC,0304,AYMARAES,030403,CARAYBAMBA,1,1,0,1,1,100.0
030405,03,APURIMAC,0304,AYMARAES,030405,COLCABAMBA,1,1,0,1,1,100.0
030407,03,APURIMAC,0304,AYMARAES,030407,IHUAYLLO,1,1,0,1,1,100.0
150704,15,LIMA,1507,HUAROCHIRI,150704,CARAMPOMA,1,1,0,1,1,100.0
150705,15,LIMA,1507,HUAROCHIRI,150705,CHICLA,1,1,0,1,1,100.0
150708,15,LIMA,1507,HUAROCHIRI,150708,HUANZA,1,1,0,1,1,100.0
150512,15,LIMA,1505,CAÑETE,150512,QUILMANA,1,1,0,1,1,100.0
022004,02,ANCASH,0220,YUNGAY,022004,MATACOTO,1,0,1,1,1,0.0
021901,02,ANCASH,0219,SIHUAS,021901,SIHUAS,1,0,1,1,1,0.0
021902,02,ANCASH,0219,SIHUAS,021902,ACOBAMBA,1,0,1,1,1,0.0
021903,02,ANCASH,0219,SIHUAS,021903,ALFONSO UGARTE,1,0,1,1,1,0.0
021905,02,ANCASH,0219,SIHUAS,021905,CHINGALPO,1,0,1,1,1,0.0
021708,02,ANCASH,0217,RECUAY,021708,PARARIN,1,0,1,1,1,0.0
021709,02,ANCASH,0217,RECUAY,021709,TAPACOCHA,1,0,1,1,1,0.0
021804,02,ANCASH,0218,SANTA,021804,MACATE,1,0,1,1,1,0.0
090108,09,HUANCAVELICA,0901,HUANCAVELICA,090108,IZCUCHACA,1,1,0,1,1,100.0
090109,09,HUANCAVELICA,0901,HUANCAVELICA,090109,LARIA,1,1,0,1,1,100.0
081208,08,CUSCO,0812,QUISPICANCHI,081208,LUCRE,1,1,0,1,1,100.0
081209,08,CUSCO,0812,QUISPICANCHI,081209,MARCAPATA,1,1,0,1,1,100.0
150718,15,LIMA,1507,HUAROCHIRI,150718,SAN DAMIAN,1,1,0,1,1,100.0
150702,15,LIMA,1507,HUAROCHIRI,150702,ANTIOQUIA,1,1,0,1,1,100.0
150703,15,LIMA,1507,HUAROCHIRI,150703,CALLAHUANCA,1,1,0,1,1,100.0
022003,02,ANCASH,0220,YUNGAY,022003,MANCOS,1,0,1,1,1,0.0
151025,15,LIMA,1510,YAUYOS,151025,QUINOCAY,1,1,0,1,1,100.0
151027,15,LIMA,1510,YAUYOS,151027,SAN PEDRO DE PILAS,1,1,0,1,1,100.0
151028,15,LIMA,1510,YAUYOS,151028,TANTA,1,1,0,1,1,100.0
151029,15,LIMA,1510,YAUYOS,151029,TAURIPAMPA,1,1,0,1,1,100.0
151030,15,LIMA,1510,YAUYOS,151030,TOMAS,1,1,0,1,1,100.0
151031,15,LIMA,1510,YAUYOS,151031,TUPE,1,1,0,1,1,100.0
151015,15,LIMA,1510,YAUYOS,151015,HUANGASCAR,1,1,0,1,1,100.0
151016,15,LIMA,1510,YAUYOS,151016,HUANTAN,1,1,0,1,1,100.0
150724,15,LIMA,1507,HUAROCHIRI,150724,SAN PEDRO DE CASTA,1,1,0,1,1,100.0
150725,15,LIMA,1507,HUAROCHIRI,150725,SAN PEDRO DE HUANCAYRE,1,1,0,1,1,100.0
150727,15,LIMA,1507,HUAROCHIRI,150727,SANTA CRUZ DE COCACHACRA,1,1,0,1,1,100.0
151033,15,LIMA,1510,YAUYOS,151033,VITIS,1,1,0,1,1,100.0
160101,16,LORETO,1601,MAYNAS,160101,IQUITOS,1,0,1,1,1,0.0
160103,16,LORETO,1601,MAYNAS,160103,FERNANDO LORES,1,0,1,1,1,0.0
151023,15,LIMA,1510,YAUYOS,151023,PUTINZA,1,1,0,1,1,100.0
151024,15,LIMA,1510,YAUYOS,151024,QUINCHES,1,1,0,1,1,100.0
150730,15,LIMA,1507,HUAROCHIRI,150730,SANTIAGO DE TUNA,1,1,0,1,1,100.0
150731,15,LIMA,1507,HUAROCHIRI,150731,SANTO DOMINGO DE LOS OLLEROS,1,1,0,1,1,100.0
150732,15,LIMA,1507,HUAROCHIRI,150732,SURCO,1,1,0,1,1,100.0
150802,15,LIMA,1508,HUAURA,150802,AMBAR,1,1,0,1,1,100.0
150804,15,LIMA,1508,HUAURA,150804,CHECRAS,1,1,0,1,1,100.0
150806,15,LIMA,1508,HUAURA,150806,HUAURA,1,1,0,1,1,100.0
150719,15,LIMA,1507,HUAROCHIRI,150719,SAN JUAN DE IRIS,1,1,0,1,1,100.0
150720,15,LIMA,1507,HUAROCHIRI,150720,SAN JUAN DE TANTARANCHE,1,1,0,1,1,100.0
151004,15,LIMA,1510,YAUYOS,151004,AYAVIRI,1,1,0,1,1,100.0
151005,15,LIMA,1510,YAUYOS,151005,AZANGARO,1,1,0,1,1,100.0
150808,15,LIMA,1508,HUAURA,150808,PACCHO,1,1,0,1,1,100.0
150901,15,LIMA,1509,OYON,150901,OYON,1,1,0,1,1,100.0
150902,15,LIMA,1509,OYON,150902,ANDAJES,1,1,0,1,1,100.0
150903,15,LIMA,1509,OYON,150903,CAUJUL,1,1,0,1,1,100.0
150728,15,LIMA,1507,HUAROCHIRI,150728,SANTA EULALIA,1,1,0,1,1,100.0
150729,15,LIMA,1507,HUAROCHIRI,150729,SANTIAGO DE ANCHUCAYA,1,1,0,1,1,100.0
021409,02,ANCASH,0214,OCROS,021409,SAN PEDRO,1,0,1,1,1,0.0
021410,02,ANCASH,0214,OCROS,021410,SANTIAGO DE CHILCAS,1,0,1,1,1,0.0
021502,02,ANCASH,0215,PALLASCA,021502,BOLOGNESI,1,0,1,1,1,0.0
021503,02,ANCASH,0215,PALLASCA,021503,CONCHUCOS,1,0,1,1,1,0.0
021504,02,ANCASH,0215,PALLASCA,021504,HUACASCHUQUE,1,0,1,1,1,0.0
021505,02,ANCASH,0215,PALLASCA,021505,HUANDOVAL,1,0,1,1,1,0.0
021308,02,ANCASH,0213,MARISCAL LUZURIAGA,021308,MUSGA,1,0,1,1,1,0.0
021402,02,ANCASH,0214,OCROS,021402,ACAS,1,0,1,1,1,0.0
180211,18,MOQUEGUA,1802,GENERAL SANCHEZ CERRO,180211,YUNGA,1,1,0,1,1,100.0
180302,18,MOQUEGUA,1803,ILO,180302,EL ALGARROBAL,1,1,0,1,1,100.0
180104,18,MOQUEGUA,1801,MARISCAL NIETO,180104,SAMEGUA,1,1,0,1,1,100.0
021508,02,ANCASH,0215,PALLASCA,021508,PALLASCA,1,0,1,1,1,0.0
021510,02,ANCASH,0215,PALLASCA,021510,SANTA ROSA,1,0,1,1,1,0.0
021601,02,ANCASH,0216,POMABAMBA,021601,POMABAMBA,1,0,1,1,1,0.0
021407,02,ANCASH,0214,OCROS,021407,LLIPA,1,0,1,1,1,0.0
021408,02,ANCASH,0214,OCROS,021408,SAN CRISTOBAL DE RAJAN,1,0,1,1,1,0.0
151008,15,LIMA,1510,YAUYOS,151008,CATAHUASI,1,1,0,1,1,100.0
151009,15,LIMA,1510,YAUYOS,151009,CHOCOS,1,1,0,1,1,100.0
151011,15,LIMA,1510,YAUYOS,151011,COLONIA,1,1,0,1,1,100.0
151012,15,LIMA,1510,YAUYOS,151012,HONGOS,1,1,0,1,1,100.0
151013,15,LIMA,1510,YAUYOS,151013,HUAMPARA,1,1,0,1,1,100.0
151014,15,LIMA,1510,YAUYOS,151014,HUANCAYA,1,1,0,1,1,100.0
180206,18,MOQUEGUA,1802,GENERAL SANCHEZ CERRO,180206,LLOQUE,1,1,0,1,1,100.0
180209,18,MOQUEGUA,1802,GENERAL SANCHEZ CERRO,180209,QUINISTAQUILLAS,1,1,0,1,1,100.0
151017,15,LIMA,1510,YAUYOS,151017,HUAÑEC,1,1,0,1,1,100.0
151018,15,LIMA,1510,YAUYOS,151018,LARAOS,1,1,0,1,1,100.0
151019,15,LIMA,1510,YAUYOS,151019,LINCHA,1,1,0,1,1,100.0
151020,15,LIMA,1510,YAUYOS,151020,MADEAN,1,1,0,1,1,100.0
151021,15,LIMA,1510,YAUYOS,151021,MIRAFLORES,1,1,0,1,1,100.0
151022,15,LIMA,1510,YAUYOS,151022,OMAS,1,1,0,1,1,100.0
151006,15,LIMA,1510,YAUYOS,151006,CACRA,1,1,0,1,1,100.0
151007,15,LIMA,1510,YAUYOS,151007,CARANIA,1,1,0,1,1,100.0
080908,08,CUSCO,0809,LA CONVENCION,080908,SANTA TERESA,1,1,0,1,1,100.0
080909,08,CUSCO,0809,LA CONVENCION,080909,VILCABAMBA,1,1,0,1,1,100.0
080912,08,CUSCO,0809,LA CONVENCION,080912,VILLA VIRGEN,1,1,0,1,1,100.0
080913,08,CUSCO,0809,LA CONVENCION,080913,VILLA KINTIARINA,1,1,0,1,1,100.0
081002,08,CUSCO,0810,PARURO,081002,ACCHA,1,1,0,1,1,100.0
080805,08,CUSCO,0808,ESPINAR,080805,PALLPATA,1,1,0,1,1,100.0
180203,18,MOQUEGUA,1802,GENERAL SANCHEZ CERRO,180203,COALAQUE,1,1,0,1,1,100.0
160210,16,LORETO,1602,ALTO AMAZONAS,160210,SANTA CRUZ,1,0,1,1,1,0.0
050607,05,AYACUCHO,0506,LUCANAS,050607,HUAC-HUAS,1,1,0,1,1,100.0
051104,05,AYACUCHO,0511,VILCAS HUAMAN,051104,CONCEPCION,1,1,0,1,1,100.0
051106,05,AYACUCHO,0511,VILCAS HUAMAN,051106,INDEPENDENCIA,1,1,0,1,1,100.0
081005,08,CUSCO,0810,PARURO,081005,HUANOQUITE,1,1,0,1,1,100.0
081007,08,CUSCO,0810,PARURO,081007,PACCARITAMBO,1,1,0,1,1,100.0
081008,08,CUSCO,0810,PARURO,081008,PILLPINTO,1,1,0,1,1,100.0
081009,08,CUSCO,0810,PARURO,081009,YAURISQUE,1,1,0,1,1,100.0
081102,08,CUSCO,0811,PAUCARTAMBO,081102,CAICAY,1,1,0,1,1,100.0
180201,18,MOQUEGUA,1802,GENERAL SANCHEZ CERRO,180201,OMATE,1,1,0,1,1,100.0
050609,05,AYACUCHO,0506,LUCANAS,050609,LEONCIO PRADO,1,1,0,1,1,100.0
050612,05,AYACUCHO,0506,LUCANAS,050612,OCAÑA,1,1,0,1,1,100.0
050614,05,AYACUCHO,0506,LUCANAS,050614,SAISA,1,1,0,1,1,100.0
050618,05,AYACUCHO,0506,LUCANAS,050618,SAN PEDRO DE PALCO,1,1,0,1,1,100.0
050602,05,AYACUCHO,0506,LUCANAS,050602,AUCARA,1,1,0,1,1,100.0
050604,05,AYACUCHO,0506,LUCANAS,050604,CARMEN SALCEDO,1,1,0,1,1,100.0
050605,05,AYACUCHO,0506,LUCANAS,050605,CHAVIÑA,1,1,0,1,1,100.0
021403,02,ANCASH,0214,OCROS,021403,CAJAMARQUILLA,1,0,1,1,1,0.0
021404,02,ANCASH,0214,OCROS,021404,CARHUAPAMPA,1,0,1,1,1,0.0
021405,02,ANCASH,0214,OCROS,021405,COCHAS,1,0,1,1,1,0.0
021406,02,ANCASH,0214,OCROS,021406,CONGAS,1,0,1,1,1,0.0
030103,03,APURIMAC,0301,ABANCAY,030103,CIRCA,1,1,0,1,1,100.0
030106,03,APURIMAC,0301,ABANCAY,030106,LAMBRAMA,1,1,0,1,1,100.0
030108,03,APURIMAC,0301,ABANCAY,030108,SAN PEDRO DE CACHORA,1,1,0,1,1,100.0
180106,18,MOQUEGUA,1801,MARISCAL NIETO,180106,TORATA,1,1,0,1,1,100.0
080404,08,CUSCO,0804,CALCA,080404,LARES,1,1,0,1,1,100.0
080406,08,CUSCO,0804,CALCA,080406,SAN SALVADOR,1,1,0,1,1,100.0
081103,08,CUSCO,0811,PAUCARTAMBO,081103,CHALLABAMBA,1,1,0,1,1,100.0
081105,08,CUSCO,0811,PAUCARTAMBO,081105,HUANCARANI,1,1,0,1,1,100.0
081203,08,CUSCO,0812,QUISPICANCHI,081203,CAMANTI,1,1,0,1,1,100.0
081204,08,CUSCO,0812,QUISPICANCHI,081204,CCARHUAYO,1,1,0,1,1,100.0
081207,08,CUSCO,0812,QUISPICANCHI,081207,HUARO,1,1,0,1,1,100.0
081004,08,CUSCO,0810,PARURO,081004,COLCHA,1,1,0,1,1,100.0
080408,08,CUSCO,0804,CALCA,080408,YANATILE,1,1,0,1,1,100.0
080501,08,CUSCO,0805,CANAS,080501,YANAOCA,1,1,0,1,1,100.0
080502,08,CUSCO,0805,CANAS,080502,CHECCA,1,1,0,1,1,100.0
080503,08,CUSCO,0805,CANAS,080503,KUNTURKANKI,1,1,0,1,1,100.0
080504,08,CUSCO,0805,CANAS,080504,LANGUI,1,1,0,1,1,100.0
080505,08,CUSCO,0805,CANAS,080505,LAYO,1,1,0,1,1,100.0
080508,08,CUSCO,0805,CANAS,080508,TUPAC AMARU,1,1,0,1,1,100.0
080307,08,CUSCO,0803,ANTA,080307,MOLLEPATA,1,1,0,1,1,100.0
021105,02,ANCASH,0211,HUARMEY,021105,MALVAS,1,0,1,1,1,0.0
021203,02,ANCASH,0212,HUAYLAS,021203,HUATA,1,0,1,1,1,0.0
021204,02,ANCASH,0212,HUAYLAS,021204,HUAYLAS,1,0,1,1,1,0.0
021012,02,ANCASH,0210,HUARI,021012,RAHUAPAMPA,1,0,1,1,1,0.0
021013,02,ANCASH,0210,HUARI,021013,RAPAYAN,1,0,1,1,1,0.0
021016,02,ANCASH,0210,HUARI,021016,UCO,1,0,1,1,1,0.0
080604,08,CUSCO,0806,CANCHIS,080604,MARANGANI,1,1,0,1,1,100.0
080605,08,CUSCO,0806,CANCHIS,080605,PITUMARCA,1,1,0,1,1,100.0
160305,16,LORETO,1603,LORETO,160305,URARINAS,1,0,1,1,1,0.0
160403,16,LORETO,1604,MARISCAL RAMON CASTILLA,160403,YAVARI,1,1,0,1,1,100.0
200108,20,PIURA,2001,PIURA,200108,EL TALLAN,1,0,1,1,1,0.0
190203,19,PASCO,1902,DANIEL ALCIDES CARRION,190203,GOYLLARISQUIZGA,1,0,1,1,1,0.0
190205,19,PASCO,1902,DANIEL ALCIDES CARRION,190205,SAN PEDRO DE PILLAO,1,0,1,1,1,0.0
200409,20,PIURA,2004,MORROPON,200409,SANTO DOMINGO,1,0,1,1,1,0.0
200505,20,PIURA,2005,PAITA,200505,LA HUACA,1,0,1,1,1,0.0
200506,20,PIURA,2005,PAITA,200506,TAMARINDO,1,0,1,1,1,0.0
080305,08,CUSCO,0803,ANTA,080305,HUAROCONDO,1,1,0,1,1,100.0
080102,08,CUSCO,0801,CUSCO,080102,CCORCA,1,1,0,1,1,100.0
080104,08,CUSCO,0801,CUSCO,080104,SAN JERONIMO,1,1,0,1,1,100.0
080202,08,CUSCO,0802,ACOMAYO,080202,ACOPIA,1,1,0,1,1,100.0
061204,06,CAJAMARCA,0612,SAN PABLO,061204,TUMBADEN,1,0,1,1,1,0.0
061302,06,CAJAMARCA,0613,SANTA CRUZ,061302,ANDABAMBA,1,0,1,1,1,0.0
061108,06,CAJAMARCA,0611,SAN MIGUEL,061108,NANCHOC,1,0,1,1,1,0.0
080707,08,CUSCO,0807,CHUMBIVILCAS,080707,QUIÑOTA,1,1,0,1,1,100.0
020509,02,ANCASH,0205,BOLOGNESI,020509,HUASTA,1,0,1,1,1,0.0
020510,02,ANCASH,0205,BOLOGNESI,020510,HUAYLLACAYAN,1,0,1,1,1,0.0
020511,02,ANCASH,0205,BOLOGNESI,020511,LA PRIMAVERA,1,0,1,1,1,0.0
060810,06,CAJAMARCA,0608,JAEN,060810,SAN FELIPE,1,0,1,1,1,0.0
080203,08,CUSCO,0802,ACOMAYO,080203,ACOS,1,1,0,1,1,100.0
080206,08,CUSCO,0802,ACOMAYO,080206,RONDOCAN,1,1,0,1,1,100.0
080207,08,CUSCO,0802,ACOMAYO,080207,SANGARARA,1,1,0,1,1,100.0
080302,08,CUSCO,0803,ANTA,080302,ANCAHUASI,1,1,0,1,1,100.0
021705,02,ANCASH,0217,RECUAY,021705,LLACLLIN,1,0,1,1,1,0.0
021706,02,ANCASH,0217,RECUAY,021706,MARCA,1,0,1,1,1,0.0
021506,02,ANCASH,0215,PALLASCA,021506,LACABAMBA,1,0,1,1,1,0.0
021507,02,ANCASH,0215,PALLASCA,021507,LLAPO,1,0,1,1,1,0.0
210113,21,PUNO,2101,PUNO,210113,SAN ANTONIO,1,1,0,1,1,100.0
210202,21,PUNO,2102,AZANGARO,210202,ACHAYA,1,1,0,1,1,100.0
210104,21,PUNO,2101,PUNO,210104,ATUNCOLLA,1,1,0,1,1,100.0
020508,02,ANCASH,0205,BOLOGNESI,020508,HUALLANCA,1,0,1,1,1,0.0
050621,05,AYACUCHO,0506,LUCANAS,050621,SANTA LUCIA,1,1,0,1,1,100.0
050703,05,AYACUCHO,0507,PARINACOCHAS,050703,CORONEL CASTAÑEDA,1,1,0,1,1,100.0
050704,05,AYACUCHO,0507,PARINACOCHAS,050704,PACAPAUSA,1,1,0,1,1,100.0
021102,02,ANCASH,0211,HUARMEY,021102,COCHAPETI,1,0,1,1,1,0.0
021005,02,ANCASH,0210,HUARI,021005,HUACACHI,1,0,1,1,1,0.0
021701,02,ANCASH,0217,RECUAY,021701,RECUAY,1,0,1,1,1,0.0
021703,02,ANCASH,0217,RECUAY,021703,COTAPARACO,1,0,1,1,1,0.0
021704,02,ANCASH,0217,RECUAY,021704,HUAYLLAPAMPA,1,0,1,1,1,0.0
210505,21,PUNO,2105,EL COLLAO,210505,CONDURIRI,1,0,1,1,1,0.0
210402,21,PUNO,2104,CHUCUITO,210402,DESAGUADERO,1,0,1,1,1,0.0
210405,21,PUNO,2104,CHUCUITO,210405,PISACOMA,1,1,0,1,1,100.0
210215,21,PUNO,2102,AZANGARO,210215,TIRAPATA,1,1,0,1,1,100.0
210302,21,PUNO,2103,CARABAYA,210302,AJOYANI,1,0,1,1,1,0.0
210207,21,PUNO,2102,AZANGARO,210207,JOSE DOMINGO CHOQUEHUANCA,1,1,0,1,1,100.0
210213,21,PUNO,2102,AZANGARO,210213,SAN JUAN DE SALINAS,1,1,0,1,1,100.0
210902,21,PUNO,2109,MOHO,210902,CONIMA,1,1,0,1,1,100.0
021305,02,ANCASH,0213,MARISCAL LUZURIAGA,021305,LLAMA,1,0,1,1,1,0.0
021104,02,ANCASH,0211,HUARMEY,021104,HUAYAN,1,0,1,1,1,0.0
210108,21,PUNO,2101,PUNO,210108,HUATA,1,1,0,1,1,100.0
200806,20,PIURA,2008,SECHURA,200806,RINCONADA LLICUAR,1,0,1,1,1,0.0
210103,21,PUNO,2101,PUNO,210103,AMANTANI,1,0,1,1,1,0.0
200608,20,PIURA,2006,SULLANA,200608,SALITRAL,1,0,1,1,1,0.0
200702,20,PIURA,2007,TALARA,200702,EL ALTO,1,0,1,1,1,0.0
200705,20,PIURA,2007,TALARA,200705,LOS ORGANOS,1,0,1,1,1,0.0
020514,02,ANCASH,0205,BOLOGNESI,020514,SAN MIGUEL DE CORPANQUI,1,0,1,1,1,0.0
020515,02,ANCASH,0205,BOLOGNESI,020515,TICLLOS,1,0,1,1,1,0.0
020502,02,ANCASH,0205,BOLOGNESI,020502,ABELARDO PARDO LEZAMETA,1,0,1,1,1,0.0
020504,02,ANCASH,0205,BOLOGNESI,020504,AQUIA,1,0,1,1,1,0.0
020506,02,ANCASH,0205,BOLOGNESI,020506,CANIS,1,0,1,1,1,0.0
020507,02,ANCASH,0205,BOLOGNESI,020507,COLQUIOC,1,0,1,1,1,0.0
021210,02,ANCASH,0212,HUAYLAS,021210,YURACMARCA,1,0,1,1,1,0.0
021301,02,ANCASH,0213,MARISCAL LUZURIAGA,021301,PISCOBAMBA,1,0,1,1,1,0.0
080708,08,CUSCO,0807,CHUMBIVILCAS,080708,VELILLE,1,1,0,1,1,100.0
080801,08,CUSCO,0808,ESPINAR,080801,ESPINAR,1,1,0,1,1,100.0
080802,08,CUSCO,0808,ESPINAR,080802,CONDOROMA,1,1,0,1,1,100.0
080803,08,CUSCO,0808,ESPINAR,080803,COPORAQUE,1,1,0,1,1,100.0
080804,08,CUSCO,0808,ESPINAR,080804,OCORURO,1,1,0,1,1,100.0
080601,08,CUSCO,0806,CANCHIS,080601,SICUANI,1,1,0,1,1,100.0
020512,02,ANCASH,0205,BOLOGNESI,020512,MANGAS,1,0,1,1,1,0.0
020513,02,ANCASH,0205,BOLOGNESI,020513,PACLLON,1,0,1,1,1,0.0
060305,06,CAJAMARCA,0603,CELENDIN,060305,JORGE CHAVEZ,1,0,1,1,1,0.0
060306,06,CAJAMARCA,0603,CELENDIN,060306,JOSE GALVEZ,1,0,1,1,1,0.0
061003,06,CAJAMARCA,0610,SAN MARCOS,061003,EDUARDO VILLANUEVA,1,0,1,1,1,0.0
060807,06,CAJAMARCA,0608,JAEN,060807,POMAHUACA,1,0,1,1,1,0.0
060808,06,CAJAMARCA,0608,JAEN,060808,PUCARA,1,0,1,1,1,0.0
060809,06,CAJAMARCA,0608,JAEN,060809,SALLIQUE,1,0,1,1,1,0.0
020109,02,ANCASH,0201,HUARAZ,020109,PAMPAS GRANDE,1,0,1,1,1,0.0
020103,02,ANCASH,0201,HUARAZ,020103,COLCABAMBA,1,0,1,1,1,0.0
050808,05,AYACUCHO,0508,PAUCAR DEL SARA SARA,050808,SAN JAVIER DE ALPABAMBA,1,1,0,1,1,100.0
050809,05,AYACUCHO,0508,PAUCAR DEL SARA SARA,050809,SAN JOSE DE USHUA,1,1,0,1,1,100.0
050810,05,AYACUCHO,0508,PAUCAR DEL SARA SARA,050810,SARA SARA,1,1,0,1,1,100.0
050901,05,AYACUCHO,0509,SUCRE,050901,QUEROBAMBA,1,1,0,1,1,100.0
050902,05,AYACUCHO,0509,SUCRE,050902,BELEN,1,1,0,1,1,100.0
050903,05,AYACUCHO,0509,SUCRE,050903,CHALCOS,1,1,0,1,1,100.0
050904,05,AYACUCHO,0509,SUCRE,050904,CHILCAYOC,1,1,0,1,1,100.0
050905,05,AYACUCHO,0509,SUCRE,050905,HUACAÑA,1,1,0,1,1,100.0
061103,06,CAJAMARCA,0611,SAN MIGUEL,061103,CALQUIS,1,0,1,1,1,0.0
061104,06,CAJAMARCA,0611,SAN MIGUEL,061104,CATILLUC,1,0,1,1,1,0.0
061106,06,CAJAMARCA,0611,SAN MIGUEL,061106,LA FLORIDA,1,0,1,1,1,0.0
051006,05,AYACUCHO,0510,VICTOR FAJARDO,051006,CAYARA,1,1,0,1,1,100.0
051008,05,AYACUCHO,0510,VICTOR FAJARDO,051008,HUAMANQUIQUIA,1,1,0,1,1,100.0
050908,05,AYACUCHO,0509,SUCRE,050908,SAN PEDRO DE LARCAY,1,1,0,1,1,100.0
050911,05,AYACUCHO,0509,SUCRE,050911,SORAS,1,1,0,1,1,100.0
051003,05,AYACUCHO,0510,VICTOR FAJARDO,051003,APONGO,1,1,0,1,1,100.0
210903,21,PUNO,2109,MOHO,210903,HUAYRAPATA,1,0,1,1,1,0.0
210904,21,PUNO,2109,MOHO,210904,TILALI,1,1,0,1,1,100.0
211005,21,PUNO,2110,SAN ANTONIO DE PUTINA,211005,SINA,1,1,0,1,1,100.0
211101,21,PUNO,2111,SAN ROMAN,211101,JULIACA,1,0,1,1,1,0.0
210803,21,PUNO,2108,MELGAR,210803,CUPI,1,1,0,1,1,100.0
020107,02,ANCASH,0201,HUARAZ,020107,LA LIBERTAD,1,0,1,1,1,0.0
060412,06,CAJAMARCA,0604,CHOTA,060412,MIRACOSTA,1,0,1,1,1,0.0
061007,06,CAJAMARCA,0610,SAN MARCOS,061007,JOSE SABOGAL,1,0,1,1,1,0.0
230303,23,TACNA,2303,JORGE BASADRE,230303,ITE,1,1,0,1,1,100.0
220206,22,SAN MARTIN,2202,BELLAVISTA,220206,SAN RAFAEL,1,0,1,1,1,0.0
010110,01,AMAZONAS,0101,CHACHAPOYAS,010110,LEIMEBAMBA,1,0,1,1,1,0.0
211208,21,PUNO,2112,SANDIA,211208,YANAHUAYA,1,0,1,1,1,0.0
211302,21,PUNO,2113,YUNGUYO,211302,ANAPIA,1,1,0,1,1,100.0
211304,21,PUNO,2113,YUNGUYO,211304,CUTURAPI,1,0,1,1,1,0.0
211306,21,PUNO,2113,YUNGUYO,211306,TINICACHI,1,1,0,1,1,100.0
220506,22,SAN MARTIN,2205,LAMAS,220506,PINTO RECODO,1,0,1,1,1,0.0
230404,23,TACNA,2304,TARATA,230404,ESTIQUE-PAMPA,1,0,1,1,1,0.0
230405,23,TACNA,2304,TARATA,230405,SITAJARA,1,1,0,1,1,100.0
230407,23,TACNA,2304,TARATA,230407,TARUCACHI,1,0,1,1,1,0.0
230408,23,TACNA,2304,TARATA,230408,TICACO,1,0,1,1,1,0.0
240102,24,TUMBES,2401,TUMBES,240102,CORRALES,1,0,1,1,1,0.0
230106,23,TACNA,2301,TACNA,230106,PACHIA,1,1,0,1,1,100.0
230107,23,TACNA,2301,TACNA,230107,PALCA,1,1,0,1,1,100.0
230206,23,TACNA,2302,CANDARAVE,230206,QUILAHUANI,1,1,0,1,1,100.0
220404,22,SAN MARTIN,2204,HUALLAGA,220404,PISCOYACU,1,0,1,1,1,0.0
220710,22,SAN MARTIN,2207,PICOTA,220710,TRES UNIDOS,1,0,1,1,1,0.0
010121,01,AMAZONAS,0101,CHACHAPOYAS,010121,SONCHE,1,0,1,1,1,0.0
010302,01,AMAZONAS,0103,BONGARA,010302,CHISQUILLA,1,0,1,1,1,0.0
010303,01,AMAZONAS,0103,BONGARA,010303,CHURUJA,1,0,1,1,1,0.0
010118,01,AMAZONAS,0101,CHACHAPOYAS,010118,SAN FRANCISCO DE DAGUAS,1,0,1,1,1,0.0
220906,22,SAN MARTIN,2209,SAN MARTIN,220906,EL PORVENIR,1,0,1,1,1,0.0
220706,22,SAN MARTIN,2207,PICOTA,220706,SAN CRISTOBAL,1,0,1,1,1,0.0
060103,06,CAJAMARCA,0601,CAJAMARCA,060103,CHETILLA,1,0,1,1,1,0.0
060608,06,CAJAMARCA,0606,CUTERVO,060608,SAN ANDRES DE CUTERVO,1,0,1,1,1,0.0
060502,06,CAJAMARCA,0605,CONTUMAZA,060502,CHILETE,1,0,1,1,1,0.0
060503,06,CAJAMARCA,0605,CONTUMAZA,060503,CUPISNIQUE,1,0,1,1,1,0.0
060506,06,CAJAMARCA,0605,CONTUMAZA,060506,SANTA CRUZ DE TOLED,1,0,1,1,1,0.0
060507,06,CAJAMARCA,0605,CONTUMAZA,060507,TANTARICA,1,0,1,1,1,0.0
220402,22,SAN MARTIN,2204,HUALLAGA,220402,ALTO SAPOSOA,1,0,1,1,1,0.0
220403,22,SAN MARTIN,2204,HUALLAGA,220403,EL ESLABON,1,0,1,1,1,0.0
110402,11,ICA,1104,PALPA,110402,LLIPATA,1,1,0,1,1,100.0
110403,11,ICA,1104,PALPA,110403,RIO GRANDE,1,0,1,1,1,0.0
040504,04,AREQUIPA,0405,CAYLLOMA,040504,CALLALLI,1,0,1,1,1,0.0
040505,04,AREQUIPA,0405,CAYLLOMA,040505,CAYLLOMA,1,0,1,1,1,0.0
040506,04,AREQUIPA,0405,CAYLLOMA,040506,COPORAQUE,1,0,1,1,1,0.0
040507,04,AREQUIPA,0405,CAYLLOMA,040507,HUAMBO,1,0,1,1,1,0.0
040508,04,AREQUIPA,0405,CAYLLOMA,040508,HUANCA,1,0,1,1,1,0.0
040406,04,AREQUIPA,0404,CASTILLA,040406,CHOCO,1,0,1,1,1,0.0
100602,10,HUANUCO,1006,LEONCIO PRADO,100602,DANIEL ALOMIA ROBLES,1,0,1,1,1,0.0
100606,10,HUANUCO,1006,LEONCIO PRADO,100606,MARIANO DAMASO BERAUN,1,0,1,1,1,0.0
100502,10,HUANUCO,1005,HUAMALIES,100502,ARANCAY,1,0,1,1,1,0.0
100505,10,HUANUCO,1005,HUAMALIES,100505,JIRCAN,1,0,1,1,1,0.0
100506,10,HUANUCO,1005,HUAMALIES,100506,MIRAFLORES,1,0,1,1,1,0.0
100508,10,HUANUCO,1005,HUAMALIES,100508,PUNCHAO,1,0,1,1,1,0.0
110301,11,ICA,1103,NASCA,110301,NASCA,1,1,0,1,1,100.0
110401,11,ICA,1104,PALPA,110401,PALPA,1,1,0,1,1,100.0
101001,10,HUANUCO,1010,LAURICOCHA,101001,JESUS,1,0,1,1,1,0.0
100607,10,HUANUCO,1006,LEONCIO PRADO,100607,PUCAYACU,1,0,1,1,1,0.0
100609,10,HUANUCO,1006,LEONCIO PRADO,100609,PUEBLO NUEVO,1,0,1,1,1,0.0
100610,10,HUANUCO,1006,LEONCIO PRADO,100610,SANTO DOMINGO DE ANDA,1,0,1,1,1,0.0
100704,10,HUANUCO,1007,MARAÑON,100704,LA MORADA,1,0,1,1,1,0.0
100801,10,HUANUCO,1008,PACHITEA,100801,PANAO,1,0,1,1,1,0.0
100802,10,HUANUCO,1008,PACHITEA,100802,CHAGLLA,1,0,1,1,1,0.0
100601,10,HUANUCO,1006,LEONCIO PRADO,100601,RUPA-RUPA,1,0,1,1,1,0.0
020203,02,ANCASH,0202,AIJA,020203,HUACLLAN,1,0,1,1,1,0.0
020205,02,ANCASH,0202,AIJA,020205,SUCCHA,1,0,1,1,1,0.0
020303,02,ANCASH,0203,ANTONIO RAYMONDI,020303,CHACCHO,1,0,1,1,1,0.0
020304,02,ANCASH,0203,ANTONIO RAYMONDI,020304,CHINGAS,1,0,1,1,1,0.0
220204,22,SAN MARTIN,2202,BELLAVISTA,220204,HUALLAGA,1,0,1,1,1,0.0
100107,10,HUANUCO,1001,HUANUCO,100107,SAN FRANCISCO DE CAYRAN,1,0,1,1,1,0.0
100904,10,HUANUCO,1009,PUERTO INCA,100904,TOURNAVISTA,1,0,1,1,1,0.0
100905,10,HUANUCO,1009,PUERTO INCA,100905,YUYAPICHIS,1,0,1,1,1,0.0
