cod_dpto,nom_dpto,cod_prov,nom_prov,cod_dist,nom_dist,total_localidades_beneficiarias,poblacion_2023_total,total_iaos,total_iiee,total_eess,total_dp,total_instituciones_beneficiarias
06,CAJAMARCA,0606,CUTERVO,060601,CUTERVO,61,18571,121,77,43,1,242
20,PIURA,2002,AYABACA,200201,AYABACA,58,12815,93,67,25,1,186
06,CAJAMARCA,0607,HUALGAYOC,060701,BAMBAMARCA,52,19944,96,68,27,1,192
13,LA LIBERTAD,1306,OTUZCO,130614,USQUIL,50,14536,58,47,10,1,116
14,LAMBAYEQUE,1403,LAMBAYEQUE,140308,OLMOS,49,18047,58,47,11,0,116
06,CAJAMARCA,0609,SAN IGNACIO,060901,SAN IGNACIO,49,14844,63,50,13,0,126
20,PIURA,2002,AYABACA,200206,PACAIPAMPA,49,13625,61,53,7,1,122
14,LAMBAYEQUE,1403,LAMBAYEQUE,140306,MORROPE,45,42333,73,50,20,3,146
20,PIURA,2003,HUANCABAMBA,200304,HUARMACA,37,9459,50,37,13,0,100
13,LA LIBERTAD,1306,OTUZCO,130601,OTUZCO,36,8914,40,35,5,0,80
21,PUNO,2105,EL COLLAO,210501,ILAVE,35,9415,62,42,20,0,124
13,LA LIBERTAD,1309,SANCHEZ CARRION,130902,CHUGAY,34,12280,39,35,4,0,78
06,CAJAMARCA,0606,CUTERVO,060607,QUEROCOTILLO,34,7728,67,49,18,0,134
14,LAMBAYEQUE,1402,FERREÑAFE,140203,INCAHUASI,32,8989,44,32,10,2,88
01,AMAZONAS,0107,UTCUBAMBA,010702,CAJARURO,30,14792,62,36,25,1,124
06,CAJAMARCA,0609,SAN IGNACIO,060906,SAN JOSE DE LOURDES,30,9634,39,29,10,0,78
06,CAJAMARCA,0604,CHOTA,060417,TACABAMBA,30,7697,51,38,13,0,102
06,CAJAMARCA,0609,SAN IGNACIO,060904,LA COIPA,29,10441,41,28,13,0,82
09,HUANCAVELICA,0901,HUANCAVELICA,090103,ACORIA,29,8294,53,38,14,1,106
13,LA LIBERTAD,1305,JULCAN,130501,JULCAN,29,6156,35,29,6,0,70
06,CAJAMARCA,0604,CHOTA,060401,CHOTA,28,10433,52,33,19,0,104
06,CAJAMARCA,0601,CAJAMARCA,060105,ENCAÑADA,28,7842,40,32,7,1,80
12,JUNIN,1206,SATIPO,120606,PANGOA,27,35964,52,36,15,1,104
22,SAN MARTIN,2201,MOYOBAMBA,220101,MOYOBAMBA,26,14509,37,27,10,0,74
09,HUANCAVELICA,0901,HUANCAVELICA,090117,YAULI,26,14344,56,37,18,1,112
19,PASCO,1902,DANIEL ALCIDES CARRION,190206,SANTA ANA DE TUSI,26,12810,54,38,15,1,108
01,AMAZONAS,0104,CONDORCANQUI,010401,NIEVA,26,9645,42,31,10,1,84
06,CAJAMARCA,0609,SAN IGNACIO,060903,HUARANGO,25,10040,36,27,8,1,72
13,LA LIBERTAD,1308,PATAZ,130803,CHILLIA,25,9803,37,32,4,1,74
06,CAJAMARCA,0609,SAN IGNACIO,060902,CHIRINOS,25,7753,31,26,5,0,62
13,LA LIBERTAD,1310,SANTIAGO DE CHUCO,131006,QUIRUVILCA,25,7061,30,22,6,2,60
13,LA LIBERTAD,1309,SANCHEZ CARRION,130906,SANAGORAN,25,6922,31,26,5,0,62
20,PIURA,2002,AYABACA,200202,FRIAS,25,5746,32,29,3,0,64
13,LA LIBERTAD,1309,SANCHEZ CARRION,130901,HUAMACHUCO,24,10273,24,22,2,0,48
21,PUNO,2101,PUNO,210102,ACORA,24,8809,48,34,13,1,96
13,LA LIBERTAD,1306,OTUZCO,130602,AGALLPAMPA,24,8126,35,25,9,1,70
06,CAJAMARCA,0603,CELENDIN,060304,HUASMIN,24,5319,37,31,6,0,74
19,PASCO,1902,DANIEL ALCIDES CARRION,190201,YANAHUANCA,24,4651,53,34,19,0,106
19,PASCO,1903,OXAPAMPA,190308,CONSTITUCION,23,11528,47,35,11,1,94
19,PASCO,1901,PASCO,190107,PAUCARTAMBO,23,10558,44,36,7,1,88
13,LA LIBERTAD,1309,SANCHEZ CARRION,130907,SARIN,23,5649,30,24,5,1,60
13,LA LIBERTAD,1308,PATAZ,130801,TAYABAMBA,23,4863,25,24,1,0,50
19,PASCO,1903,OXAPAMPA,190306,PUERTO BERMUDEZ,22,10204,44,33,10,1,88
06,CAJAMARCA,0601,CAJAMARCA,060101,CAJAMARCA,22,8352,33,22,10,1,66
06,CAJAMARCA,0606,CUTERVO,060602,CALLAYUC,22,4960,40,28,12,0,80
13,LA LIBERTAD,1305,JULCAN,130503,CARABAMBA,22,4762,25,23,1,1,50
04,AREQUIPA,0405,CAYLLOMA,040520,MAJES,21,12450,29,22,4,3,58
13,LA LIBERTAD,1308,PATAZ,130808,PARCOY,21,11980,30,24,4,2,60
16,LORETO,1601,MAYNAS,160104,INDIANA,21,8018,19,12,5,1,37
01,AMAZONAS,0107,UTCUBAMBA,010701,BAGUA GRANDE,21,7588,37,19,18,0,74
13,LA LIBERTAD,1309,SANCHEZ CARRION,130903,COCHORCO,21,7119,28,23,5,0,56
20,PIURA,2003,HUANCABAMBA,200301,HUANCABAMBA,21,6466,28,22,6,0,56
13,LA LIBERTAD,1305,JULCAN,130504,HUASO,20,4164,26,19,7,0,52
21,PUNO,2104,CHUCUITO,210406,POMATA,19,9651,28,20,8,0,56
14,LAMBAYEQUE,1402,FERREÑAFE,140205,PITIPO,19,9417,28,23,5,0,56
20,PIURA,2001,PIURA,200114,TAMBO GRANDE,19,7108,24,19,5,0,48
14,LAMBAYEQUE,1403,LAMBAYEQUE,140310,SALAS,19,4754,27,20,6,1,54
13,LA LIBERTAD,1309,SANCHEZ CARRION,130905,MARCABAL,19,4622,23,17,6,0,46
06,CAJAMARCA,0606,CUTERVO,060614,SOCOTA,19,4593,37,24,13,0,74
19,PASCO,1903,OXAPAMPA,190304,PALCAZU,19,3962,35,25,9,1,70
06,CAJAMARCA,0609,SAN IGNACIO,060905,NAMBALLE,19,3444,22,19,3,0,44
21,PUNO,2113,YUNGUYO,211301,YUNGUYO,19,3048,29,21,6,2,58
12,JUNIN,1206,SATIPO,120604,MAZAMARI,18,23447,23,17,5,1,46
14,LAMBAYEQUE,1403,LAMBAYEQUE,140312,TUCUME,18,8681,25,20,5,0,50
12,JUNIN,1206,SATIPO,120608,RIO TAMBO,18,6409,31,20,11,0,62
12,JUNIN,1203,CHANCHAMAYO,120303,PICHANAQUI,18,5026,22,17,5,0,44
20,PIURA,2002,AYABACA,200210,SUYO,18,3817,26,20,4,2,52
13,LA LIBERTAD,1309,SANCHEZ CARRION,130908,SARTIMBAMBA,17,6300,22,18,4,0,44
06,CAJAMARCA,0608,JAEN,060802,BELLAVISTA,17,6008,24,17,6,1,48
12,JUNIN,1203,CHANCHAMAYO,120302,PERENE,17,5300,24,15,9,0,48
06,CAJAMARCA,0602,CAJABAMBA,060202,CACHACHI,17,4788,29,22,5,2,58
13,LA LIBERTAD,1308,PATAZ,130804,HUANCASPATA,17,4184,23,20,3,0,46
13,LA LIBERTAD,1305,JULCAN,130502,CALAMARCA,17,2954,25,21,4,0,50
19,PASCO,1903,OXAPAMPA,190305,POZUZO,17,2653,31,22,8,1,62
02,ANCASH,0218,SANTA,021801,CHIMBOTE,16,18301,21,11,8,2,42
14,LAMBAYEQUE,1403,LAMBAYEQUE,140307,MOTUPE,16,8204,20,16,4,0,40
16,LORETO,1604,MARISCAL RAMON CASTILLA,160404,SAN PABLO,16,8156,20,15,3,1,39
14,LAMBAYEQUE,1403,LAMBAYEQUE,140305,MOCHUMI,16,6731,18,15,3,0,36
14,LAMBAYEQUE,1403,LAMBAYEQUE,140301,LAMBAYEQUE,16,5762,19,17,2,0,38
02,ANCASH,0220,YUNGAY,022001,YUNGAY,16,4762,22,16,6,0,44
21,PUNO,2104,CHUCUITO,210407,ZEPITA,16,4729,28,20,7,1,56
13,LA LIBERTAD,1310,SANTIAGO DE CHUCO,131001,SANTIAGO DE CHUCO,16,4485,19,16,3,0,38
09,HUANCAVELICA,0903,ANGARAES,090301,LIRCAY,16,4335,23,15,8,0,46
08,CUSCO,0812,QUISPICANCHI,081210,OCONGATE,16,3264,17,17,0,0,34
06,CAJAMARCA,0608,JAEN,060801,JAEN,15,11086,23,14,8,1,46
04,AREQUIPA,0401,AREQUIPA,040108,LA JOYA,15,10294,25,14,7,4,50
16,LORETO,1604,MARISCAL RAMON CASTILLA,160402,PEBAS,15,8776,20,12,6,1,39
20,PIURA,2002,AYABACA,200207,PAIMAS,15,4722,17,15,2,0,34
06,CAJAMARCA,0604,CHOTA,060419,CHALAMARCA,15,4590,31,20,11,0,62
20,PIURA,2001,PIURA,200111,LAS LOMAS,15,4512,21,12,9,0,42
01,AMAZONAS,0107,UTCUBAMBA,010706,LONYA GRANDE,14,7111,27,18,8,1,54
10,HUANUCO,1001,HUANUCO,100104,CHURUBAMBA,14,6817,19,12,5,0,36
06,CAJAMARCA,0604,CHOTA,060410,LAJAS,14,5206,26,16,10,0,52
06,CAJAMARCA,0601,CAJAMARCA,060106,JESUS,14,3627,21,18,3,0,42
06,CAJAMARCA,0604,CHOTA,060415,QUEROCOTO,14,3191,24,18,6,0,48
20,PIURA,2006,SULLANA,200604,LANCONES,14,3080,28,14,9,5,56
08,CUSCO,0807,CHUMBIVILCAS,080701,SANTO TOMAS,14,2790,22,15,7,0,44
06,CAJAMARCA,0604,CHOTA,060411,LLAMA,14,2600,19,15,4,0,38
15,LIMA,1506,HUARAL,150601,HUARAL,13,11676,16,7,9,0,32
10,HUANUCO,1001,HUANUCO,100109,SANTA MARIA DEL VALLE,13,7434,18,11,6,0,35
14,LAMBAYEQUE,1403,LAMBAYEQUE,140304,JAYANCA,13,7036,15,14,1,0,30
06,CAJAMARCA,0607,HUALGAYOC,060703,HUALGAYOC,13,5369,25,16,9,0,50
20,PIURA,2002,AYABACA,200208,SAPILLICA,13,3768,16,13,3,0,32
06,CAJAMARCA,0603,CELENDIN,060301,CELENDIN,13,3528,17,16,1,0,34
20,PIURA,2003,HUANCABAMBA,200306,SAN MIGUEL DE EL FAIQUE,13,3364,20,13,7,0,40
06,CAJAMARCA,0604,CHOTA,060409,HUAMBOS,13,2999,23,16,7,0,46
06,CAJAMARCA,0603,CELENDIN,060309,SOROCHUCO,13,2975,27,21,6,0,54
13,LA LIBERTAD,1310,SANTIAGO DE CHUCO,131008,SITABAMBA,13,2892,20,16,4,0,40
08,CUSCO,0809,LA CONVENCION,080910,PICHARI,12,15830,19,13,5,1,38
22,SAN MARTIN,2208,RIOJA,220804,NUEVA CAJAMARCA,12,12953,14,6,8,0,28
20,PIURA,2003,HUANCABAMBA,200303,EL CARMEN DE LA FRONTERA,12,4950,19,14,4,1,38
06,CAJAMARCA,0610,SAN MARCOS,061001,PEDRO GALVEZ,12,4945,17,14,3,0,34
06,CAJAMARCA,0601,CAJAMARCA,060108,LOS BAÑOS DEL INCA,12,4713,16,14,2,0,32
01,AMAZONAS,0107,UTCUBAMBA,010705,JAMALCA,12,3930,24,12,10,2,48
13,LA LIBERTAD,1311,GRAN CHIMU,131104,SAYAPULLO,12,3688,16,13,2,1,32
08,CUSCO,0812,QUISPICANCHI,081205,CCATCA,12,3676,17,15,1,1,34
21,PUNO,2104,CHUCUITO,210401,JULI,12,3612,20,15,5,0,40
02,ANCASH,0207,CARLOS FERMIN FITZCARRALD,020701,SAN LUIS,12,3280,17,13,4,0,34
10,HUANUCO,1007,MARAÑON,100701,HUACRACHUCO,12,3264,16,14,3,0,33
13,LA LIBERTAD,1308,PATAZ,130806,HUAYO,12,3059,15,12,3,0,30
10,HUANUCO,1005,HUAMALIES,100504,JACAS GRANDE,12,3049,17,14,5,0,36
06,CAJAMARCA,0606,CUTERVO,060613,SANTO TOMAS,12,2739,22,15,7,0,44
02,ANCASH,0210,HUARI,021004,CHAVIN DE HUANTAR,12,2587,14,11,3,0,28
20,PIURA,2002,AYABACA,200204,LAGUNAS,12,2421,23,16,5,2,46
13,LA LIBERTAD,1311,GRAN CHIMU,131102,LUCMA,12,2259,18,12,5,1,36
22,SAN MARTIN,2210,TOCACHE,221005,UCHIZA,11,15836,13,6,6,1,26
22,SAN MARTIN,2208,RIOJA,220805,PARDO MIGUEL,11,13164,16,8,6,2,32
08,CUSCO,0809,LA CONVENCION,080907,KIMBIRI,11,10735,19,13,6,0,38
10,HUANUCO,1005,HUAMALIES,100507,MONZON,11,7911,9,10,7,3,29
10,HUANUCO,1008,PACHITEA,100803,MOLINO,11,7047,17,13,3,0,33
05,AYACUCHO,0504,HUANTA,050408,LLOCHEGUA,11,7036,20,11,9,0,40
06,CAJAMARCA,0602,CAJABAMBA,060201,CAJABAMBA,11,5155,14,12,2,0,28
14,LAMBAYEQUE,1401,CHICLAYO,140108,MONSEFU,11,5089,10,8,2,0,20
08,CUSCO,0811,PAUCARTAMBO,081105,HUANCARANI,11,4831,12,10,1,1,24
10,HUANUCO,1001,HUANUCO,100113,SAN PABLO DE PILLAO,11,4744,13,11,1,0,25
06,CAJAMARCA,0612,SAN PABLO,061201,SAN PABLO,11,3621,22,19,3,0,44
09,HUANCAVELICA,0903,ANGARAES,090302,ANCHONGA,11,3588,19,13,6,0,38
05,AYACUCHO,0501,HUAMANGA,050102,ACOCRO,11,3212,14,10,4,0,28
13,LA LIBERTAD,1306,OTUZCO,130605,HUARANCHAL,11,3171,14,11,2,1,28
23,TACNA,2301,TACNA,230111,LA YARADA LOS PALOS,11,2920,21,16,5,0,42
19,PASCO,1903,OXAPAMPA,190307,VILLA RICA,11,2692,19,12,7,0,38
06,CAJAMARCA,0603,CELENDIN,060312,LA LIBERTAD DE PALLAN,11,2545,16,14,2,0,32
06,CAJAMARCA,0611,SAN MIGUEL,061101,SAN MIGUEL,11,2188,17,14,3,0,34
20,PIURA,2004,MORROPON,200410,YAMANGO,11,2155,16,13,3,0,32
18,MOQUEGUA,1802,GENERAL SANCHEZ CERRO,180210,UBINAS,11,1506,15,12,2,1,30
13,LA LIBERTAD,1312,VIRU,131201,VIRU,10,26528,12,5,6,1,24
16,LORETO,1604,MARISCAL RAMON CASTILLA,160401,RAMON CASTILLA,10,15465,17,10,4,2,33
16,LORETO,1601,MAYNAS,160106,MAZAN,10,6735,14,9,3,1,27
21,PUNO,2102,AZANGARO,210204,ASILLO,10,6144,19,15,3,1,38
02,ANCASH,0201,HUARAZ,020105,INDEPENDENCIA,10,4949,18,8,10,0,36
22,SAN MARTIN,2210,TOCACHE,221003,POLVORA,10,4919,15,9,5,1,30
02,ANCASH,0220,YUNGAY,022005,QUILLO,10,4700,14,10,3,1,28
08,CUSCO,0809,LA CONVENCION,080902,ECHARATE,10,4450,21,13,5,3,42
02,ANCASH,0210,HUARI,021014,SAN MARCOS,10,3908,15,12,3,0,30
13,LA LIBERTAD,1309,SANCHEZ CARRION,130904,CURGOS,10,3889,12,8,3,1,24
04,AREQUIPA,0404,CASTILLA,040401,APLAO,10,3826,16,11,5,0,32
21,PUNO,2101,PUNO,210106,CHUCUITO,10,3602,15,12,2,1,30
10,HUANUCO,1008,PACHITEA,100804,UMARI,10,3394,12,11,3,0,26
19,PASCO,1903,OXAPAMPA,190303,HUANCABAMBA,10,3331,18,12,5,1,36
08,CUSCO,0811,PAUCARTAMBO,081104,COLQUEPATA,10,3278,13,10,2,1,26
13,LA LIBERTAD,1308,PATAZ,130802,BULDIBUYO,10,3164,18,14,4,0,36
20,PIURA,2002,AYABACA,200205,MONTERO,10,3162,16,11,4,1,32
06,CAJAMARCA,0608,JAEN,060805,HUABAL,10,3133,14,10,4,0,28
02,ANCASH,0212,HUAYLAS,021201,CARAZ,10,3050,13,10,3,0,26
13,LA LIBERTAD,1306,OTUZCO,130611,SALPO,10,3038,14,10,3,1,28
02,ANCASH,0213,MARISCAL LUZURIAGA,021306,LLUMPA,10,2817,20,16,4,0,40
06,CAJAMARCA,0606,CUTERVO,060612,SANTO DOMINGO DE LA CAPILLA,10,2654,18,11,7,0,36
02,ANCASH,0212,HUAYLAS,021206,PAMPAROMAS,10,2552,18,9,8,1,36
18,MOQUEGUA,1802,GENERAL SANCHEZ CERRO,180208,PUQUINA,10,2217,17,13,3,1,34
21,PUNO,2106,HUANCANE,210601,HUANCANE,10,1756,18,11,7,0,36
21,PUNO,2109,MOHO,210901,MOHO,10,1664,18,12,6,0,36
05,AYACUCHO,0501,HUAMANGA,050114,VINCHOS,10,1338,19,15,4,0,38
15,LIMA,1508,HUAURA,150811,SAYAN,9,10444,14,9,4,1,28
15,LIMA,1505,CAÑETE,150501,SAN VICENTE DE CAÑETE,9,9096,10,7,2,1,20
14,LAMBAYEQUE,1403,LAMBAYEQUE,140309,PACORA,9,6474,13,11,1,1,26
21,PUNO,2103,CARABAYA,210303,AYAPATA,9,6159,20,15,5,0,40
14,LAMBAYEQUE,1401,CHICLAYO,140102,CHONGOYAPE,9,5304,10,9,1,0,20
12,JUNIN,1207,TARMA,120701,TARMA,9,4669,13,8,5,0,26
22,SAN MARTIN,2203,EL DORADO,220301,SAN JOSE DE SISA,9,4582,14,11,3,0,28
16,LORETO,1601,MAYNAS,160105,LAS AMAZONAS,9,4447,12,6,4,1,23
04,AREQUIPA,0404,CASTILLA,040413,URACA,9,4178,11,8,3,0,22
02,ANCASH,0206,CARHUAZ,020601,CARHUAZ,9,3783,13,8,5,0,26
12,JUNIN,1207,TARMA,120702,ACOBAMBA,9,3434,13,9,4,0,26
02,ANCASH,0216,POMABAMBA,021603,PAROBAMBA,9,2872,16,11,5,0,32
08,CUSCO,0807,CHUMBIVILCAS,080704,COLQUEMARCA,9,2685,16,12,4,0,32
09,HUANCAVELICA,0902,ACOBAMBA,090203,ANTA,9,2569,18,11,7,0,36
06,CAJAMARCA,0604,CHOTA,060408,CONCHAN,9,2530,16,11,5,0,32
06,CAJAMARCA,0613,SANTA CRUZ,061303,CATACHE,9,2480,16,11,5,0,32
02,ANCASH,0220,YUNGAY,022008,YANAMA,9,2467,16,9,6,1,32
06,CAJAMARCA,0611,SAN MIGUEL,061107,LLAPA,9,1872,17,12,5,0,34
06,CAJAMARCA,0603,CELENDIN,060307,MIGUEL IGLESIAS,9,1819,13,11,2,0,26
06,CAJAMARCA,0606,CUTERVO,060606,PIMPINGOS,9,1738,16,12,4,0,32
20,PIURA,2003,HUANCABAMBA,200305,LALAQUIZ,9,1444,11,9,2,0,22
06,CAJAMARCA,0613,SANTA CRUZ,061307,PULAN,9,1307,14,12,2,0,28
06,CAJAMARCA,0603,CELENDIN,060310,SUCRE,9,1306,14,11,3,0,28
15,LIMA,1505,CAÑETE,150510,NUEVO IMPERIAL,8,17146,9,3,5,1,18
10,HUANUCO,1001,HUANUCO,100102,AMARILIS,8,10016,7,8,3,0,18
12,JUNIN,1201,HUANCAYO,120114,EL TAMBO,8,7576,9,1,8,0,18
22,SAN MARTIN,2203,EL DORADO,220303,SAN MARTIN,8,5614,14,11,2,1,28
15,LIMA,1504,CANTA,150407,SANTA ROSA DE QUIVES,8,4298,11,8,2,1,22
05,AYACUCHO,0505,LA MAR,050509,SAMUGARI,8,3975,14,12,2,0,28
06,CAJAMARCA,0602,CAJABAMBA,060203,CONDEBAMBA,8,3670,13,9,3,1,26
10,HUANUCO,1006,LEONCIO PRADO,100604,JOSE CRESPO Y CASTILLO,8,3474,10,7,4,0,21
10,HUANUCO,1009,PUERTO INCA,100903,HONORIA,8,3317,13,6,5,0,24
03,APURIMAC,0302,ANDAHUAYLAS,030215,SANTA MARIA DE CHICMO,8,3072,18,14,4,0,36
21,PUNO,2105,EL COLLAO,210503,PILCUYO,8,3007,17,11,5,1,34
03,APURIMAC,0302,ANDAHUAYLAS,030202,ANDARAPA,8,2832,16,11,5,0,32
14,LAMBAYEQUE,1403,LAMBAYEQUE,140303,ILLIMO,8,2820,10,8,2,0,20
10,HUANUCO,1011,YAROWILCA,101104,APARICIO POMARES,8,2743,11,7,2,0,20
06,CAJAMARCA,0612,SAN PABLO,061202,SAN BERNARDINO,8,2672,16,12,3,1,32
21,PUNO,2101,PUNO,210112,PLATERIA,8,2617,17,12,5,0,34
13,LA LIBERTAD,1310,SANTIAGO DE CHUCO,131007,SANTA CRUZ DE CHUCA,8,2457,9,6,3,0,18
21,PUNO,2102,AZANGARO,210206,CHUPA,8,2383,13,9,4,0,26
08,CUSCO,0804,CALCA,080401,CALCA,8,2361,9,7,2,0,18
05,AYACUCHO,0501,HUAMANGA,050113,TAMBILLO,8,2340,9,5,4,0,18
02,ANCASH,0212,HUAYLAS,021207,PUEBLO LIBRE,8,2232,11,6,5,0,22
10,HUANUCO,1011,YAROWILCA,101106,OBAS,8,2230,9,6,5,0,20
05,AYACUCHO,0501,HUAMANGA,050112,SOCOS,8,2227,14,11,3,0,28
06,CAJAMARCA,0607,HUALGAYOC,060702,CHUGUR,8,2113,13,10,3,0,26
18,MOQUEGUA,1801,MARISCAL NIETO,180102,CARUMAS,8,2101,12,8,3,1,24
02,ANCASH,0207,CARLOS FERMIN FITZCARRALD,020703,YAUYA,8,2089,14,9,5,0,28
06,CAJAMARCA,0610,SAN MARCOS,061002,CHANCAY,8,2015,12,8,3,1,24
13,LA LIBERTAD,1306,OTUZCO,130604,CHARAT,8,1846,16,10,4,2,32
20,PIURA,2003,HUANCABAMBA,200302,CANCHAQUE,8,1807,13,10,3,0,26
04,AREQUIPA,0407,ISLAY,040702,COCACHACRA,8,1781,11,8,3,0,22
20,PIURA,2003,HUANCABAMBA,200307,SONDOR,8,1775,8,8,0,0,16
20,PIURA,2004,MORROPON,200403,CHALACO,8,1760,12,9,3,0,24
14,LAMBAYEQUE,1401,CHICLAYO,140110,OYOTUN,8,1757,7,5,2,0,14
19,PASCO,1901,PASCO,190106,PALLANCHACRA,8,1350,14,10,4,0,28
06,CAJAMARCA,0613,SANTA CRUZ,061304,CHANCAYBAÑOS,8,1302,13,10,3,0,26
08,CUSCO,0805,CANAS,080502,CHECCA,8,915,10,9,1,0,20
15,LIMA,1506,HUARAL,150605,CHANCAY,7,17334,7,2,4,1,14
20,PIURA,2001,PIURA,200109,LA ARENA,7,13686,10,5,5,0,20
11,ICA,1101,ICA,110111,SANTIAGO,7,8230,8,4,4,0,16
19,PASCO,1901,PASCO,190104,HUAYLLAY,7,8048,17,11,5,1,34
12,JUNIN,1207,TARMA,120704,HUASAHUASI,7,7201,17,11,5,1,34
05,AYACUCHO,0505,LA MAR,050508,TAMBO,7,6235,15,11,3,1,30
05,AYACUCHO,0504,HUANTA,050407,SIVIA,7,5026,14,10,4,0,28
01,AMAZONAS,0107,UTCUBAMBA,010704,EL MILAGRO,7,4228,15,7,7,1,30
19,PASCO,1901,PASCO,190109,SIMON BOLIVAR,7,3945,17,10,7,0,34
01,AMAZONAS,0102,BAGUA,010202,ARAMANGO,7,3853,17,8,7,2,34
10,HUANUCO,1004,HUACAYBAMBA,100404,PINRA,7,3726,11,8,3,0,22
15,LIMA,1502,BARRANCA,150203,PATIVILCA,7,3724,11,6,5,0,22
15,LIMA,1502,BARRANCA,150204,SUPE,7,3665,9,6,3,0,18
21,PUNO,2106,HUANCANE,210607,TARACO,7,3539,14,9,4,1,28
19,PASCO,1901,PASCO,190102,HUACHON,7,3489,19,13,5,1,38
12,JUNIN,1202,CONCEPCION,120214,SAN JOSE DE QUERO,7,3487,13,8,5,0,26
10,HUANUCO,1009,PUERTO INCA,100902,CODO DEL POZUZO,7,3169,11,4,6,0,21
22,SAN MARTIN,2205,LAMAS,220511,ZAPATERO,7,3067,12,6,6,0,24
05,AYACUCHO,0501,HUAMANGA,050105,CHIARA,7,2953,13,9,4,0,26
21,PUNO,2112,SANDIA,211201,SANDIA,7,2953,15,12,3,0,30
12,JUNIN,1204,JAUJA,120431,SINCOS,7,2939,10,6,3,1,20
20,PIURA,2004,MORROPON,200402,BUENOS AIRES,7,2856,7,4,3,0,14
02,ANCASH,0201,HUARAZ,020110,PARIACOTO,7,2825,11,8,2,1,22
10,HUANUCO,1008,PACHITEA,100801,PANAO,7,2721,11,7,1,0,19
12,JUNIN,1202,CONCEPCION,120206,COMAS,7,2708,13,8,4,1,26
21,PUNO,2102,AZANGARO,210210,SAMAN,7,2591,9,7,2,0,18
02,ANCASH,0210,HUARI,021001,HUARI,7,2526,13,9,4,0,26
20,PIURA,2006,SULLANA,200601,SULLANA,7,2308,13,7,6,0,26
09,HUANCAVELICA,0907,TAYACAJA,090719,QUICHUAS,7,2274,13,9,4,0,26
21,PUNO,2101,PUNO,210101,PUNO,7,2207,10,3,5,2,20
03,APURIMAC,0302,ANDAHUAYLAS,030216,TALAVERA,7,2138,11,7,4,0,22
02,ANCASH,0219,SIHUAS,021906,HUAYLLABAMBA,7,2092,10,8,2,0,20
21,PUNO,2101,PUNO,210105,CAPACHICA,7,1955,16,10,5,1,32
10,HUANUCO,1002,AMBO,100201,AMBO,7,1933,7,6,3,0,16
19,PASCO,1902,DANIEL ALCIDES CARRION,190202,CHACAYAN,7,1923,18,12,5,1,36
06,CAJAMARCA,0601,CAJAMARCA,060102,ASUNCION,7,1893,11,10,1,0,22
06,CAJAMARCA,0604,CHOTA,060413,PACCHA,7,1780,13,8,5,0,26
03,APURIMAC,0301,ABANCAY,030104,CURAHUASI,7,1759,11,7,4,0,22
06,CAJAMARCA,0604,CHOTA,060402,ANGUIA,7,1755,13,10,3,0,26
12,JUNIN,1202,CONCEPCION,120203,ANDAMARCA,7,1723,11,9,2,0,22
03,APURIMAC,0302,ANDAHUAYLAS,030204,HUANCARAMA,7,1666,10,3,7,0,20
22,SAN MARTIN,2201,MOYOBAMBA,220104,JEPELACIO,7,1644,9,7,2,0,18
02,ANCASH,0212,HUAYLAS,021208,SANTA CRUZ,7,1639,9,7,2,0,18
04,AREQUIPA,0404,CASTILLA,040414,VIRACO,7,1562,8,7,1,0,16
08,CUSCO,0802,ACOMAYO,080206,RONDOCAN,7,1552,9,8,1,0,18
13,LA LIBERTAD,1308,PATAZ,130810,PIAS,7,1494,9,8,1,0,18
06,CAJAMARCA,0611,SAN MIGUEL,061111,SAN SILVESTRE DE COCHAN,7,1399,14,10,4,0,28
03,APURIMAC,0302,ANDAHUAYLAS,030213,SAN JERONIMO,6,14971,15,10,5,0,30
10,HUANUCO,1001,HUANUCO,100103,CHINCHAO,6,5831,8,5,0,1,14
20,PIURA,2004,MORROPON,200406,SALITRAL,6,4983,12,9,3,0,24
01,AMAZONAS,0102,BAGUA,010206,LA PECA,6,4915,11,4,6,1,22
05,AYACUCHO,0502,CANGALLO,050202,CHUSCHI,6,4356,12,9,3,0,24
01,AMAZONAS,0102,BAGUA,010205,IMAZA,6,4051,12,7,4,1,24
21,PUNO,2104,CHUCUITO,210403,HUACULLANI,6,4046,9,6,2,1,18
21,PUNO,2108,MELGAR,210805,MACARI,6,3952,15,10,5,0,30
22,SAN MARTIN,2210,TOCACHE,221001,TOCACHE,6,3817,9,7,2,0,18
12,JUNIN,1206,SATIPO,120607,RIO NEGRO,6,3812,7,4,3,0,14
01,AMAZONAS,0102,BAGUA,010203,COPALLIN,6,3755,12,6,5,1,24
13,LA LIBERTAD,1310,SANTIAGO DE CHUCO,131002,ANGASMARCA,6,3741,10,8,1,1,20
02,ANCASH,0206,CARHUAZ,020606,MARCARA,6,3718,11,7,4,0,22
01,AMAZONAS,0107,UTCUBAMBA,010703,CUMBA,6,3293,11,6,4,1,22
08,CUSCO,0803,ANTA,080306,LIMATAMBO,6,3165,8,5,2,1,16
19,PASCO,1901,PASCO,190113,YANACANCHA,6,3095,13,7,5,1,26
03,APURIMAC,0302,ANDAHUAYLAS,030201,ANDAHUAYLAS,6,3060,13,9,4,0,26
12,JUNIN,1206,SATIPO,120603,LLAYLLA,6,3001,10,7,3,0,20
15,LIMA,1502,BARRANCA,150201,BARRANCA,6,2794,9,3,6,0,18
10,HUANUCO,1005,HUAMALIES,100510,SINGA,6,2719,11,6,4,0,21
08,CUSCO,0811,PAUCARTAMBO,081103,CHALLABAMBA,6,2617,9,8,1,0,18
19,PASCO,1903,OXAPAMPA,190301,OXAPAMPA,6,2456,10,6,4,0,20
06,CAJAMARCA,0608,JAEN,060811,SAN JOSE DEL ALTO,6,2360,10,7,3,0,20
06,CAJAMARCA,0610,SAN MARCOS,061003,EDUARDO VILLANUEVA,6,2360,10,8,1,1,20
13,LA LIBERTAD,1311,GRAN CHIMU,131101,CASCAS,6,2351,8,7,1,0,16
20,PIURA,2004,MORROPON,200405,MORROPON,6,2315,8,4,4,0,16
03,APURIMAC,0306,CHINCHEROS,030605,OCOBAMBA,6,2204,15,11,4,0,30
12,JUNIN,1204,JAUJA,120402,ACOLLA,6,2167,11,5,6,0,22
16,LORETO,1604,MARISCAL RAMON CASTILLA,160403,YAVARI,6,2145,5,4,1,0,10
10,HUANUCO,1005,HUAMALIES,100509,PUÑOS,6,2123,8,7,2,0,17
10,HUANUCO,1004,HUACAYBAMBA,100402,CANCHABAMBA,6,2015,8,5,2,0,15
08,CUSCO,0810,PARURO,081006,OMACHA,6,1996,11,8,3,0,22
20,PIURA,2003,HUANCABAMBA,200308,SONDORILLO,6,1981,9,7,2,0,18
13,LA LIBERTAD,1303,BOLIVAR,130305,UCHUMARCA,6,1914,12,9,2,1,24
06,CAJAMARCA,0603,CELENDIN,060303,CORTEGANA,6,1874,15,11,4,0,30
09,HUANCAVELICA,0905,CHURCAMPA,090507,PAUCARBAMBA,6,1814,12,7,4,1,24
03,APURIMAC,0302,ANDAHUAYLAS,030205,HUANCARAY,6,1774,12,7,4,1,24
06,CAJAMARCA,0608,JAEN,060812,SANTA ROSA,6,1757,9,5,4,0,18
08,CUSCO,0807,CHUMBIVILCAS,080703,CHAMACA,6,1730,11,8,3,0,22
02,ANCASH,0210,HUARI,021011,PONTO,6,1683,10,7,3,0,20
13,LA LIBERTAD,1306,OTUZCO,130608,MACHE,6,1667,10,6,3,1,20
05,AYACUCHO,0505,LA MAR,050502,ANCO,6,1662,11,8,3,0,22
04,AREQUIPA,0401,AREQUIPA,040125,VITOR,6,1600,7,5,1,1,14
06,CAJAMARCA,0606,CUTERVO,060605,LA RAMADA,6,1556,11,7,4,0,22
12,JUNIN,1201,HUANCAYO,120124,PARIAHUANCA,6,1555,12,8,4,0,24
09,HUANCAVELICA,0902,ACOBAMBA,090206,PAUCARA,6,1481,12,8,4,0,24
08,CUSCO,0809,LA CONVENCION,080906,QUELLOUNO,6,1376,12,9,3,0,24
03,APURIMAC,0302,ANDAHUAYLAS,030208,PACOBAMBA,6,1275,13,7,6,0,26
21,PUNO,2106,HUANCANE,210608,VILQUE CHICO,6,1235,17,10,6,1,34
05,AYACUCHO,0502,CANGALLO,050201,CANGALLO,6,1202,10,6,4,0,20
06,CAJAMARCA,0604,CHOTA,060407,COCHABAMBA,6,1054,12,8,4,0,24
21,PUNO,2106,HUANCANE,210606,ROSASPATA,6,1045,15,10,4,1,30
06,CAJAMARCA,0610,SAN MARCOS,061004,GREGORIO PITA,6,1041,14,10,3,1,28
06,CAJAMARCA,0613,SANTA CRUZ,061311,YAUYUCAN,6,1014,10,8,2,0,20
20,PIURA,2004,MORROPON,200409,SANTO DOMINGO,6,994,7,6,1,0,14
10,HUANUCO,1003,DOS DE MAYO,100317,RIPAN,6,968,8,5,3,0,16
06,CAJAMARCA,0611,SAN MIGUEL,061112,TONGOD,6,803,9,8,1,0,18
08,CUSCO,0805,CANAS,080507,QUEHUE,6,779,9,7,2,0,18
04,AREQUIPA,0404,CASTILLA,040409,ORCOPAMPA,6,283,6,6,0,0,12
15,LIMA,1508,HUAURA,150812,VEGUETA,5,17667,5,1,4,0,10
20,PIURA,2006,SULLANA,200605,MARCAVELICA,5,14577,5,0,5,0,10
12,JUNIN,1201,HUANCAYO,120133,SAPALLANGA,5,9757,9,4,5,0,18
22,SAN MARTIN,2209,SAN MARTIN,220904,CHAZUTA,5,7802,12,8,3,1,24
14,LAMBAYEQUE,1401,CHICLAYO,140107,LAGUNAS,5,7193,11,6,4,1,22
11,ICA,1105,PISCO,110504,INDEPENDENCIA,5,6658,7,2,4,1,14
22,SAN MARTIN,2210,TOCACHE,221002,NUEVO PROGRESO,5,6600,9,4,4,1,18
10,HUANUCO,1006,LEONCIO PRADO,100605,LUYANDO,5,5948,5,3,5,0,13
22,SAN MARTIN,2205,LAMAS,220504,CAYNARACHI,5,5902,9,4,3,2,18
14,LAMBAYEQUE,1401,CHICLAYO,140113,REQUE,5,5643,5,4,1,0,10
14,LAMBAYEQUE,1401,CHICLAYO,140117,PATAPO,5,5089,8,7,1,0,16
21,PUNO,2103,CARABAYA,210304,COASA,5,4958,12,8,4,0,24
15,LIMA,1506,HUARAL,150604,AUCALLAMA,5,4938,5,2,3,0,10
02,ANCASH,0208,CASMA,020804,YAUTAN,5,4553,7,4,2,1,14
13,LA LIBERTAD,1308,PATAZ,130809,PATAZ,5,4159,12,9,2,1,24
01,AMAZONAS,0101,CHACHAPOYAS,010109,LA JALCA,5,4147,11,5,5,1,22
11,ICA,1105,PISCO,110503,HUMAY,5,3984,10,4,4,2,20
13,LA LIBERTAD,1301,TRUJILLO,130106,LAREDO,5,3859,5,2,3,0,10
13,LA LIBERTAD,1310,SANTIAGO DE CHUCO,131003,CACHICADAN,5,3830,6,4,1,1,12
22,SAN MARTIN,2209,SAN MARTIN,220907,HUIMBAYOC,5,3756,11,6,5,0,22
13,LA LIBERTAD,1306,OTUZCO,130613,SINSICAP,5,3300,7,4,2,1,14
21,PUNO,2103,CARABAYA,210305,CORANI,5,3212,15,10,5,0,30
22,SAN MARTIN,2202,BELLAVISTA,220203,BAJO BIAVO,5,3115,11,6,4,1,22
11,ICA,1102,CHINCHA,110205,EL CARMEN,5,3045,6,4,2,0,12
21,PUNO,2112,SANDIA,211209,ALTO INAMBARI,5,2990,13,9,4,0,26
03,APURIMAC,0305,COTABAMBAS,030503,COYLLURQUI,5,2867,12,8,3,1,24
21,PUNO,2107,LAMPA,210708,PUCARA,5,2824,9,4,4,1,18
06,CAJAMARCA,0609,SAN IGNACIO,060907,TABACONAS,5,2794,7,5,2,0,14
14,LAMBAYEQUE,1401,CHICLAYO,140115,SAÑA,5,2767,7,4,3,0,14
10,HUANUCO,1001,HUANUCO,100105,MARGOS,5,2605,5,3,2,1,11
12,JUNIN,1207,TARMA,120709,TAPO,5,2504,11,8,3,0,22
22,SAN MARTIN,2205,LAMAS,220501,LAMAS,5,2340,6,3,3,0,12
08,CUSCO,0804,CALCA,080405,PISAC,5,2338,7,5,2,0,14
10,HUANUCO,1005,HUAMALIES,100503,CHAVIN DE PARIARCA,5,2333,7,6,3,0,16
10,HUANUCO,1007,MARAÑON,100704,LA MORADA,5,2251,5,5,1,0,11
21,PUNO,2101,PUNO,210107,COATA,5,2187,10,8,2,0,20
12,JUNIN,1204,JAUJA,120403,APATA,5,2176,9,5,3,1,18
13,LA LIBERTAD,1308,PATAZ,130812,TAURIJA,5,2097,8,7,1,0,16
19,PASCO,1901,PASCO,190110,TICLACAYAN,5,2053,11,7,3,1,22
05,AYACUCHO,0505,LA MAR,050507,SANTA ROSA,5,2051,8,5,3,0,16
10,HUANUCO,1002,AMBO,100205,HUACAR,5,1986,7,5,3,0,15
12,JUNIN,1203,CHANCHAMAYO,120305,SAN RAMON,5,1980,6,4,2,0,12
09,HUANCAVELICA,0907,TAYACAJA,090709,HUARIBAMBA,5,1904,13,8,5,0,26
01,AMAZONAS,0102,BAGUA,010201,BAGUA,5,1853,9,4,5,0,18
10,HUANUCO,1002,AMBO,100207,SAN RAFAEL,5,1850,5,4,3,0,12
21,PUNO,2108,MELGAR,210807,ORURILLO,5,1830,14,10,3,1,28
19,PASCO,1902,DANIEL ALCIDES CARRION,190208,VILCABAMBA,5,1818,12,8,4,0,24
02,ANCASH,0215,PALLASCA,021511,TAUCA,5,1817,7,4,2,1,14
03,APURIMAC,0302,ANDAHUAYLAS,030209,PACUCHA,5,1813,9,6,3,0,18
02,ANCASH,0203,ANTONIO RAYMONDI,020305,MIRGAS,5,1804,10,7,3,0,20
01,AMAZONAS,0105,LUYA,010513,OCUMAL,5,1798,10,5,4,1,20
08,CUSCO,0807,CHUMBIVILCAS,080706,LLUSCO,5,1768,8,6,2,0,16
10,HUANUCO,1005,HUAMALIES,100501,LLATA,5,1731,8,6,2,0,16
05,AYACUCHO,0505,LA MAR,050501,SAN MIGUEL,5,1705,8,6,2,0,16
02,ANCASH,0201,HUARAZ,020111,PIRA,5,1689,9,6,2,1,18
19,PASCO,1902,DANIEL ALCIDES CARRION,190204,PAUCAR,5,1684,8,4,3,1,16
05,AYACUCHO,0502,CANGALLO,050203,LOS MOROCHUCOS,5,1675,9,7,2,0,18
08,CUSCO,0802,ACOMAYO,080205,POMACANCHI,5,1670,7,5,2,0,14
18,MOQUEGUA,1802,GENERAL SANCHEZ CERRO,180201,OMATE,5,1607,6,5,1,0,12
13,LA LIBERTAD,1308,PATAZ,130813,URPAY,5,1590,8,6,2,0,16
09,HUANCAVELICA,0907,TAYACAJA,090704,AHUAYCHA,5,1572,8,5,3,0,16
09,HUANCAVELICA,0901,HUANCAVELICA,090119,HUANDO,5,1562,10,8,2,0,20
02,ANCASH,0210,HUARI,021005,HUACACHI,5,1523,7,6,1,1,15
04,AREQUIPA,0402,CAMANA,040206,OCOÑA,5,1503,9,6,2,1,18
21,PUNO,2104,CHUCUITO,210404,KELLUYO,5,1498,6,3,3,0,12
04,AREQUIPA,0408,LA UNION,040806,PUYCA,5,1458,7,5,1,1,14
11,ICA,1103,NASCA,110302,CHANGUILLO,5,1426,9,6,3,0,18
02,ANCASH,0216,POMABAMBA,021602,HUAYLLAN,5,1424,10,7,3,0,20
05,AYACUCHO,0501,HUAMANGA,050106,OCROS,5,1420,11,7,4,0,22
02,ANCASH,0219,SIHUAS,021909,SAN JUAN,5,1413,10,7,3,0,20
10,HUANUCO,1010,LAURICOCHA,101005,RONDOS,5,1315,4,7,3,1,15
09,HUANCAVELICA,0907,TAYACAJA,090701,PAMPAS,5,1273,8,5,3,0,16
06,CAJAMARCA,0604,CHOTA,060403,CHADIN,5,1270,10,6,4,0,20
16,LORETO,1601,MAYNAS,160108,PUNCHANA,5,1267,6,4,2,0,12
15,LIMA,1506,HUARAL,150606,IHUARI,5,1228,8,4,4,0,16
05,AYACUCHO,0504,HUANTA,050401,HUANTA,5,1217,7,5,2,0,14
06,CAJAMARCA,0606,CUTERVO,060610,SAN LUIS DE LUCMA,5,1168,8,6,2,0,16
09,HUANCAVELICA,0907,TAYACAJA,090714,SALCABAMBA,5,1163,12,8,4,0,24
02,ANCASH,0213,MARISCAL LUZURIAGA,021302,CASCA,5,1149,7,5,2,0,14
20,PIURA,2002,AYABACA,200203,JILILI,5,1141,11,6,3,2,22
04,AREQUIPA,0403,CARAVELI,040302,ACARI,5,1128,6,6,0,0,12
06,CAJAMARCA,0613,SANTA CRUZ,061306,NINABAMBA,5,1119,12,8,3,1,24
10,HUANUCO,1003,DOS DE MAYO,100307,CHUQUIS,5,1107,6,5,3,0,14
06,CAJAMARCA,0606,CUTERVO,060603,CHOROS,5,1092,9,7,2,0,18
08,CUSCO,0805,CANAS,080505,LAYO,5,1051,6,6,0,0,12
15,LIMA,1503,CAJATAMBO,150304,HUANCAPON,5,1051,6,5,1,0,12
09,HUANCAVELICA,0907,TAYACAJA,090715,SALCAHUASI,5,1045,12,8,4,0,24
09,HUANCAVELICA,0905,CHURCAMPA,090502,ANCO,5,1044,9,6,3,0,18
02,ANCASH,0213,MARISCAL LUZURIAGA,021307,LUCMA,5,1033,10,7,3,0,20
10,HUANUCO,1002,AMBO,100203,COLPAS,5,1002,7,5,3,0,15
15,LIMA,1508,HUAURA,150807,LEONCIO PRADO,5,898,7,5,2,0,14
02,ANCASH,0220,YUNGAY,022003,MANCOS,5,812,5,4,1,0,10
18,MOQUEGUA,1801,MARISCAL NIETO,180103,CUCHUMBAYA,5,812,8,5,3,0,16
21,PUNO,2102,AZANGARO,210214,SANTIAGO DE PUPUJA,5,775,10,6,4,0,20
03,APURIMAC,0305,COTABAMBAS,030504,HAQUIRA,5,589,9,5,4,0,18
04,AREQUIPA,0401,AREQUIPA,040114,POLOBAYA,5,468,7,5,1,1,14
04,AREQUIPA,0404,CASTILLA,040408,MACHAGUAY,5,405,7,5,1,1,14
04,AREQUIPA,0406,CONDESUYOS,040601,CHUQUIBAMBA,5,266,5,5,0,0,10
13,LA LIBERTAD,1312,VIRU,131202,CHAO,4,21348,5,1,3,1,10
11,ICA,1101,ICA,110103,LOS AQUIJES,4,12856,5,0,4,1,10
21,PUNO,2110,SAN ANTONIO DE PUTINA,211002,ANANEA,4,12438,10,5,3,2,20
20,PIURA,2001,PIURA,200105,CATACAOS,4,9004,5,1,4,0,10
20,PIURA,2001,PIURA,200104,CASTILLA,4,7370,8,4,4,0,16
01,AMAZONAS,0105,LUYA,010502,CAMPORREDONDO,4,5861,12,7,4,1,24
21,PUNO,2102,AZANGARO,210211,SAN ANTON,4,4622,7,3,3,1,14
15,LIMA,1505,CAÑETE,150514,SAN LUIS,4,4584,6,3,3,0,12
24,TUMBES,2402,CONTRALMIRANTE VILLAR,240201,ZORRITOS,4,4163,6,2,3,1,12
13,LA LIBERTAD,1304,CHEPEN,130403,PUEBLO NUEVO,4,4050,5,3,2,0,10
10,HUANUCO,1001,HUANUCO,100112,YACUS,4,3904,6,2,4,0,12
21,PUNO,2108,MELGAR,210808,SANTA ROSA,4,3805,7,3,3,1,14
21,PUNO,2111,SAN ROMAN,211101,JULIACA,4,3791,6,4,2,0,12
11,ICA,1101,ICA,110107,PUEBLO NUEVO,4,3731,5,0,4,1,10
11,ICA,1101,ICA,110109,SAN JOSE DE LOS MOLINOS,4,3715,6,3,2,1,12
22,SAN MARTIN,2208,RIOJA,220802,AWAJUN,4,3714,5,3,2,0,10
21,PUNO,2112,SANDIA,211202,CUYOCUYO,4,3470,8,6,2,0,16
19,PASCO,1901,PASCO,190105,NINACACA,4,3410,12,8,4,0,24
21,PUNO,2112,SANDIA,211205,PHARA,4,3320,10,8,2,0,20
01,AMAZONAS,0105,LUYA,010512,OCALLI,4,3301,10,5,4,1,20
21,PUNO,2112,SANDIA,211210,SAN PEDRO DE PUTINA PUNCO,4,3066,9,5,4,0,18
10,HUANUCO,1009,PUERTO INCA,100901,PUERTO INCA,4,2842,5,5,3,0,13
10,HUANUCO,1005,HUAMALIES,100506,MIRAFLORES,4,2810,6,5,1,0,12
09,HUANCAVELICA,0901,HUANCAVELICA,090101,HUANCAVELICA,4,2741,8,5,3,0,16
24,TUMBES,2401,TUMBES,240105,SAN JACINTO,4,2632,6,4,2,0,12
08,CUSCO,0810,PARURO,081005,HUANOQUITE,4,2628,7,5,1,1,14
02,ANCASH,0201,HUARAZ,020112,TARICA,4,2609,8,2,4,2,16
02,ANCASH,0215,PALLASCA,021509,PAMPAS,4,2545,9,6,2,1,18
22,SAN MARTIN,2205,LAMAS,220505,CUÑUMBUQUI,4,2531,9,6,3,0,18
04,AREQUIPA,0403,CARAVELI,040308,CHAPARRA,4,2530,10,6,2,2,20
19,PASCO,1902,DANIEL ALCIDES CARRION,190207,TAPUC,4,2497,10,7,3,0,20
03,APURIMAC,0306,CHINCHEROS,030604,HUACCANA,4,2433,7,5,2,0,14
23,TACNA,2301,TACNA,230109,SAMA,4,2418,8,5,2,1,16
13,LA LIBERTAD,1304,CHEPEN,130401,CHEPEN,4,2347,4,3,0,1,8
04,AREQUIPA,0406,CONDESUYOS,040606,RIO GRANDE,4,2329,8,5,2,1,16
20,PIURA,2004,MORROPON,200401,CHULUCANAS,4,2301,5,4,1,0,10
21,PUNO,2103,CARABAYA,210307,ITUATA,4,2258,10,7,3,0,20
02,ANCASH,0218,SANTA,021807,SAMANCO,4,2249,5,3,2,0,10
12,JUNIN,1209,CHUPACA,120907,SAN JUAN DE JARPA,4,2236,7,5,2,0,14
19,PASCO,1901,PASCO,190108,SAN FRANCISCO DE ASIS DE YARUSYACAN,4,2222,7,5,2,0,14
03,APURIMAC,0306,CHINCHEROS,030608,RANRACANCHA,4,2174,12,8,4,0,24
13,LA LIBERTAD,1302,ASCOPE,130208,CASA GRANDE,4,2068,5,4,1,0,10
22,SAN MARTIN,2203,EL DORADO,220304,SANTA ROSA,4,1992,6,4,2,0,12
14,LAMBAYEQUE,1401,CHICLAYO,140119,PUCALA,4,1987,6,6,0,0,12
21,PUNO,2102,AZANGARO,210203,ARAPA,4,1978,12,9,2,1,24
06,CAJAMARCA,0601,CAJAMARCA,060111,NAMORA,4,1937,7,5,2,0,14
11,ICA,1102,CHINCHA,110204,CHINCHA BAJA,4,1921,5,4,1,0,10
05,AYACUCHO,0505,LA MAR,050510,ANCHIHUAY,4,1818,7,6,1,0,14
19,PASCO,1903,OXAPAMPA,190302,CHONTABAMBA,4,1810,8,6,2,0,16
01,AMAZONAS,0105,LUYA,010504,COLCAMAR,4,1793,8,3,4,1,16
02,ANCASH,0219,SIHUAS,021907,QUICHES,4,1770,8,6,2,0,16
12,JUNIN,1209,CHUPACA,120906,SAN JUAN DE ISCOS,4,1769,5,2,3,0,10
22,SAN MARTIN,2209,SAN MARTIN,220911,PAPAPLAYA,4,1767,7,3,4,0,14
14,LAMBAYEQUE,1401,CHICLAYO,140116,CAYALTI,4,1732,5,4,1,0,10
13,LA LIBERTAD,1303,BOLIVAR,130304,LONGOTEA,4,1696,7,6,1,0,14
02,ANCASH,0207,CARLOS FERMIN FITZCARRALD,020702,SAN NICOLAS,4,1660,7,5,2,0,14
21,PUNO,2107,LAMPA,210702,CABANILLA,4,1660,7,4,3,0,14
03,APURIMAC,0306,CHINCHEROS,030607,URANMARCA,4,1594,10,7,2,1,20
08,CUSCO,0805,CANAS,080501,YANAOCA,4,1588,6,5,1,0,12
12,JUNIN,1203,CHANCHAMAYO,120304,SAN LUIS DE SHUARO,4,1586,8,5,2,1,16
21,PUNO,2112,SANDIA,211204,PATAMBUCO,4,1580,9,6,3,0,18
13,LA LIBERTAD,1308,PATAZ,130811,SANTIAGO DE CHALLAS,4,1538,7,5,2,0,14
02,ANCASH,0208,CASMA,020802,BUENA VISTA ALTA,4,1526,6,3,3,0,12
10,HUANUCO,1001,HUANUCO,100106,QUISQUI (KICHKI),4,1459,4,4,2,0,10
08,CUSCO,0809,LA CONVENCION,080909,VILCABAMBA,4,1444,5,4,1,0,10
09,HUANCAVELICA,0907,TAYACAJA,090717,SURCUBAMBA,4,1418,10,6,3,1,20
10,HUANUCO,1003,DOS DE MAYO,100311,MARIAS,4,1405,3,5,2,0,10
01,AMAZONAS,0105,LUYA,010509,LUYA,4,1387,6,2,4,0,12
12,JUNIN,1202,CONCEPCION,120205,COCHAS,4,1369,7,5,2,0,14
08,CUSCO,0804,CALCA,080403,LAMAY,4,1366,5,3,2,0,10
15,LIMA,1502,BARRANCA,150202,PARAMONGA,4,1356,8,4,4,0,16
03,APURIMAC,0306,CHINCHEROS,030601,CHINCHEROS,4,1342,9,6,3,0,18
21,PUNO,2107,LAMPA,210701,LAMPA,4,1309,8,5,3,0,16
02,ANCASH,0219,SIHUAS,021902,ACOBAMBA,4,1292,5,4,1,0,10
02,ANCASH,0206,CARHUAZ,020611,YUNGAR,4,1274,7,3,4,0,14
10,HUANUCO,1001,HUANUCO,100101,HUANUCO,4,1271,6,2,2,1,11
03,APURIMAC,0304,AYMARAES,030404,CHAPIMARCA,4,1224,12,8,4,0,24
15,LIMA,1509,OYON,150901,OYON,4,1212,5,4,1,0,10
21,PUNO,2110,SAN ANTONIO DE PUTINA,211001,PUTINA,4,1206,6,4,2,0,12
06,CAJAMARCA,0611,SAN MIGUEL,061103,CALQUIS,4,1194,6,6,0,0,12
02,ANCASH,0209,CORONGO,020904,CUSCA,4,1139,6,4,2,0,12
06,CAJAMARCA,0604,CHOTA,060404,CHIGUIRIP,4,1135,8,5,3,0,16
04,AREQUIPA,0401,AREQUIPA,040106,CHIGUATA,4,1132,7,4,2,1,14
05,AYACUCHO,0502,CANGALLO,050206,TOTOS,4,1130,10,7,2,1,20
09,HUANCAVELICA,0903,ANGARAES,090306,CONGALLA,4,1120,10,6,4,0,20
06,CAJAMARCA,0608,JAEN,060806,LAS PIRIAS,4,1103,5,4,1,0,10
05,AYACUCHO,0506,LUCANAS,050617,SAN PEDRO,4,1073,7,6,1,0,14
05,AYACUCHO,0511,VILCAS HUAMAN,051101,VILCAS HUAMAN,4,1058,8,4,4,0,16
23,TACNA,2302,CANDARAVE,230203,CAMILACA,4,1053,8,6,2,0,16
03,APURIMAC,0302,ANDAHUAYLAS,030212,SAN ANTONIO DE CACHI,4,1002,9,6,2,1,18
08,CUSCO,0803,ANTA,080302,ANCAHUASI,4,987,4,4,0,0,8
05,AYACUCHO,0501,HUAMANGA,050108,QUINUA,4,985,6,4,2,0,12
05,AYACUCHO,0507,PARINACOCHAS,050702,CHUMPI,4,961,7,4,3,0,14
10,HUANUCO,1010,LAURICOCHA,101006,SAN FRANCISCO DE ASIS,4,927,5,4,2,0,11
04,AREQUIPA,0406,CONDESUYOS,040603,CAYARANI,4,922,6,4,1,1,12
06,CAJAMARCA,0602,CAJABAMBA,060204,SITACOCHA,4,920,8,6,2,0,16
03,APURIMAC,0301,ABANCAY,030101,ABANCAY,4,888,7,5,2,0,14
15,LIMA,1506,HUARAL,150603,ATAVILLOS BAJO,4,880,8,4,4,0,16
02,ANCASH,0204,ASUNCION,020402,ACOCHACA,4,870,7,5,2,0,14
12,JUNIN,1201,HUANCAYO,120126,PUCARA,4,856,5,2,3,0,10
13,LA LIBERTAD,1310,SANTIAGO DE CHUCO,131005,MOLLEPATA,4,852,5,3,2,0,10
06,CAJAMARCA,0613,SANTA CRUZ,061305,LA ESPERANZA,4,840,8,6,2,0,16
15,LIMA,1510,YAUYOS,151032,VIÑAC,4,835,7,5,2,0,14
10,HUANUCO,1005,HUAMALIES,100511,TANTAMAYO,4,829,7,5,3,0,15
04,AREQUIPA,0405,CAYLLOMA,040508,HUANCA,4,801,7,5,1,1,14
01,AMAZONAS,0107,UTCUBAMBA,010707,YAMON,4,789,6,3,3,0,12
02,ANCASH,0218,SANTA,021805,MORO,4,788,6,4,2,0,12
06,CAJAMARCA,0601,CAJAMARCA,060109,MAGDALENA,4,764,9,7,2,0,18
06,CAJAMARCA,0608,JAEN,060808,PUCARA,4,748,4,4,0,0,8
02,ANCASH,0201,HUARAZ,020102,COCHABAMBA,4,724,8,5,3,0,16
01,AMAZONAS,0103,BONGARA,010311,VALERA,4,689,5,0,4,1,10
10,HUANUCO,1008,PACHITEA,100802,CHAGLLA,4,665,8,5,1,0,14
03,APURIMAC,0301,ABANCAY,030107,PICHIRHUA,4,657,6,2,4,0,12
03,APURIMAC,0302,ANDAHUAYLAS,030218,TURPO,4,655,7,3,4,0,14
09,HUANCAVELICA,0905,CHURCAMPA,090510,PACHAMARCA,4,642,8,6,2,0,16
18,MOQUEGUA,1802,GENERAL SANCHEZ CERRO,180203,COALAQUE,4,641,6,5,1,0,12
09,HUANCAVELICA,0906,HUAYTARA,090613,SANTIAGO DE CHOCORVOS,4,606,8,3,4,1,16
15,LIMA,1506,HUARAL,150611,SUMBILCA,4,553,6,2,4,0,12
09,HUANCAVELICA,0901,HUANCAVELICA,090114,PALCA,4,552,5,2,3,0,10
06,CAJAMARCA,0605,CONTUMAZA,060504,GUZMANGO,4,551,6,5,1,0,12
06,CAJAMARCA,0608,JAEN,060804,COLASAY,4,546,6,4,2,0,12
04,AREQUIPA,0406,CONDESUYOS,040604,CHICHAS,4,498,7,4,2,1,14
09,HUANCAVELICA,0901,HUANCAVELICA,090110,MANTA,4,491,6,3,3,0,12
19,PASCO,1901,PASCO,190103,HUARIACA,4,463,7,5,2,0,14
06,CAJAMARCA,0613,SANTA CRUZ,061301,SANTA CRUZ,4,461,5,4,1,0,10
09,HUANCAVELICA,0906,HUAYTARA,090606,OCOYO,4,346,6,3,3,0,12
08,CUSCO,0809,LA CONVENCION,080901,SANTA ANA,4,312,8,4,3,1,16
06,CAJAMARCA,0605,CONTUMAZA,060501,CONTUMAZA,4,171,4,4,0,0,8
04,AREQUIPA,0405,CAYLLOMA,040516,TAPAY,4,165,5,4,1,0,10
21,PUNO,2103,CARABAYA,210306,CRUCERO,3,8159,11,8,2,1,22
04,AREQUIPA,0402,CAMANA,040208,SAMUEL PASTOR,3,7067,10,4,4,2,20
10,HUANUCO,1006,LEONCIO PRADO,100601,RUPA-RUPA,3,6135,3,2,1,1,7
21,PUNO,2107,LAMPA,210709,SANTA LUCIA,3,5976,8,4,3,1,16
21,PUNO,2108,MELGAR,210806,NUÑOA,3,5349,6,3,2,1,12
15,LIMA,1505,CAÑETE,150502,ASIA,3,5302,3,2,1,0,6
04,AREQUIPA,0402,CAMANA,040202,JOSE MARIA QUIMPER,3,5150,6,1,3,2,12
12,JUNIN,1202,CONCEPCION,120213,ORCOTUNA,3,4969,4,2,1,1,8
11,ICA,1101,ICA,110113,TATE,3,4968,3,0,3,0,6
13,LA LIBERTAD,1307,PACASMAYO,130705,SAN JOSE,3,4696,3,2,1,0,6
15,LIMA,1505,CAÑETE,150509,MALA,3,4229,4,2,1,1,8
22,SAN MARTIN,2205,LAMAS,220503,BARRANQUITA,3,4117,7,5,2,0,14
21,PUNO,2103,CARABAYA,210310,USICAYOS,3,4073,9,7,2,0,18
22,SAN MARTIN,2202,BELLAVISTA,220205,SAN PABLO,3,4021,6,2,3,1,12
12,JUNIN,1201,HUANCAYO,120128,QUILCAS,3,3505,5,3,2,0,10
12,JUNIN,1207,TARMA,120706,PALCA,3,3423,6,1,3,2,12
01,AMAZONAS,0101,CHACHAPOYAS,010110,LEIMEBAMBA,3,3037,7,5,1,1,14
22,SAN MARTIN,2207,PICOTA,220708,SHAMBOYACU,3,2919,6,3,3,0,12
21,PUNO,2111,SAN ROMAN,211103,CABANILLAS,3,2918,10,6,3,1,20
21,PUNO,2101,PUNO,210111,PICHACANI,3,2808,9,5,3,1,18
15,LIMA,1508,HUAURA,150806,HUAURA,3,2763,3,2,1,0,6
21,PUNO,2102,AZANGARO,210208,MUÑANI,3,2685,7,5,2,0,14
14,LAMBAYEQUE,1401,CHICLAYO,140109,NUEVA ARICA,3,2603,8,5,2,1,16
08,CUSCO,0809,LA CONVENCION,080903,HUAYOPATA,3,2601,7,4,2,1,14
02,ANCASH,0218,SANTA,021806,NEPEÑA,3,2480,3,3,0,0,6
14,LAMBAYEQUE,1401,CHICLAYO,140111,PICSI,3,2474,4,3,1,0,8
12,JUNIN,1209,CHUPACA,120904,HUACHAC,3,2471,5,2,3,0,10
22,SAN MARTIN,2209,SAN MARTIN,220905,CHIPURANA,3,2439,7,4,3,0,14
02,ANCASH,0211,HUARMEY,021103,CULEBRAS,3,2407,3,1,2,0,6
22,SAN MARTIN,2206,MARISCAL CACERES,220605,PAJARILLO,3,2406,3,2,1,0,6
18,MOQUEGUA,1801,MARISCAL NIETO,180101,MOQUEGUA,3,2363,4,1,2,1,8
22,SAN MARTIN,2203,EL DORADO,220305,SHATOJA,3,2260,7,5,2,0,14
09,HUANCAVELICA,0905,CHURCAMPA,090509,SAN PEDRO DE CORIS,3,2227,6,4,1,1,12
11,ICA,1103,NASCA,110303,EL INGENIO,3,2188,5,1,3,1,10
04,AREQUIPA,0403,CARAVELI,040309,HUANUHUANU,3,2146,6,4,1,1,12
12,JUNIN,1202,CONCEPCION,120215,SANTA ROSA DE OCOPA,3,2077,4,2,2,0,8
23,TACNA,2301,TACNA,230105,INCLAN,3,1863,6,4,1,1,12
04,AREQUIPA,0401,AREQUIPA,040128,YURA,3,1747,5,2,2,1,10
08,CUSCO,0804,CALCA,080406,SAN SALVADOR,3,1725,5,3,1,1,10
04,AREQUIPA,0403,CARAVELI,040310,JAQUI,3,1685,6,4,1,1,12
12,JUNIN,1201,HUANCAYO,120127,QUICHUAY,3,1682,4,3,1,0,8
02,ANCASH,0211,HUARMEY,021101,HUARMEY,3,1660,4,2,2,0,8
08,CUSCO,0806,CANCHIS,080601,SICUANI,3,1656,4,3,1,0,8
08,CUSCO,0803,ANTA,080304,CHINCHAYPUJIO,3,1626,3,2,0,1,6
02,ANCASH,0210,HUARI,021007,HUACHIS,3,1588,7,5,2,0,14
09,HUANCAVELICA,0905,CHURCAMPA,090506,LOCROJA,3,1582,7,5,2,0,14
12,JUNIN,1206,SATIPO,120601,SATIPO,3,1550,3,3,0,0,6
05,AYACUCHO,0505,LA MAR,050503,AYNA,3,1547,6,5,1,0,12
01,AMAZONAS,0105,LUYA,010521,SANTO TOMAS,3,1535,7,3,3,1,14
24,TUMBES,2403,ZARUMILLA,240304,PAPAYAL,3,1510,8,5,2,1,16
22,SAN MARTIN,2207,PICOTA,220709,TINGO DE PONASA,3,1487,5,2,3,0,10
08,CUSCO,0802,ACOMAYO,080203,ACOS,3,1463,6,5,1,0,12
11,ICA,1104,PALPA,110402,LLIPATA,3,1420,5,4,1,0,10
05,AYACUCHO,0510,VICTOR FAJARDO,051002,ALCAMENCA,3,1417,8,5,3,0,16
21,PUNO,2106,HUANCANE,210605,PUSI,3,1408,6,4,1,1,12
23,TACNA,2301,TACNA,230106,PACHIA,3,1405,6,4,1,1,12
05,AYACUCHO,0510,VICTOR FAJARDO,051009,HUANCARAYLLA,3,1392,8,5,3,0,16
02,ANCASH,0218,SANTA,021802,CACERES DEL PERU,3,1386,7,3,3,1,14
08,CUSCO,0809,LA CONVENCION,080904,MARANURA,3,1386,9,5,2,2,18
02,ANCASH,0203,ANTONIO RAYMONDI,020304,CHINGAS,3,1343,5,4,1,0,10
23,TACNA,2301,TACNA,230103,CALANA,3,1330,3,3,0,0,6
13,LA LIBERTAD,1303,BOLIVAR,130302,BAMBAMARCA,3,1314,6,4,1,1,12
02,ANCASH,0201,HUARAZ,020106,JANGAS,3,1311,5,3,2,0,10
02,ANCASH,0210,HUARI,021008,HUANTAR,3,1306,6,4,2,0,12
02,ANCASH,0205,BOLOGNESI,020505,CAJACAY,3,1301,4,0,2,1,7
13,LA LIBERTAD,1310,SANTIAGO DE CHUCO,131004,MOLLEBAMBA,3,1291,6,4,2,0,12
21,PUNO,2101,PUNO,210104,ATUNCOLLA,3,1290,5,4,1,0,10
20,PIURA,2004,MORROPON,200408,SANTA CATALINA DE MOSSA,3,1287,9,5,2,2,18
02,ANCASH,0210,HUARI,021003,CAJAY,3,1268,6,4,2,0,12
12,JUNIN,1202,CONCEPCION,120211,MITO,3,1265,3,0,3,0,6
09,HUANCAVELICA,0903,ANGARAES,090312,SECCLLA,3,1240,6,5,1,0,12
03,APURIMAC,0302,ANDAHUAYLAS,030220,JOSE MARIA ARGUEDAS,3,1218,5,4,1,0,10
12,JUNIN,1209,CHUPACA,120909,YANACANCHA,3,1203,5,4,1,0,10
21,PUNO,2111,SAN ROMAN,211102,CABANA,3,1192,5,3,2,0,10
12,JUNIN,1201,HUANCAYO,120111,CHUPURO,3,1188,4,1,3,0,8
23,TACNA,2303,JORGE BASADRE,230303,ITE,3,1176,8,6,1,1,16
03,APURIMAC,0301,ABANCAY,030108,SAN PEDRO DE CACHORA,3,1168,6,4,1,1,12
10,HUANUCO,1006,LEONCIO PRADO,100603,HERMILIO VALDIZAN,3,1162,5,1,2,0,8
02,ANCASH,0210,HUARI,021006,HUACCHIS,3,1161,7,5,2,0,14
05,AYACUCHO,0504,HUANTA,050406,SANTILLANA,3,1154,6,5,1,0,12
13,LA LIBERTAD,1304,CHEPEN,130402,PACANGA,3,1143,3,3,0,0,6
14,LAMBAYEQUE,1401,CHICLAYO,140106,LA VICTORIA,3,1132,4,3,1,0,8
09,HUANCAVELICA,0907,TAYACAJA,090706,DANIEL HERNANDEZ,3,1128,4,3,1,0,8
01,AMAZONAS,0106,RODRIGUEZ DE MENDOZA,010609,OMIA,3,1123,7,4,2,1,14
01,AMAZONAS,0105,LUYA,010522,TINGO,3,1081,5,2,2,1,10
05,AYACUCHO,0504,HUANTA,050404,IGUAIN,3,1079,3,3,0,0,6
02,ANCASH,0210,HUARI,021013,RAPAYAN,3,1071,5,4,1,0,10
10,HUANUCO,1010,LAURICOCHA,101001,JESUS,3,1061,5,3,1,0,9
09,HUANCAVELICA,0903,ANGARAES,090310,SAN ANTONIO DE ANTAPARCO,3,1055,3,3,0,0,6
12,JUNIN,1205,JUNIN,120504,ULCUMAYO,3,1055,6,3,2,1,12
02,ANCASH,0210,HUARI,021009,MASIN,3,1039,8,5,2,1,16
06,CAJAMARCA,0606,CUTERVO,060608,SAN ANDRES DE CUTERVO,3,1020,5,4,1,0,10
03,APURIMAC,0304,AYMARAES,030415,TINTAY,3,1013,9,5,3,1,18
09,HUANCAVELICA,0907,TAYACAJA,090720,ANDAYMARCA,3,1007,5,4,1,0,10
02,ANCASH,0208,CASMA,020803,COMANDANTE NOEL,3,1003,3,1,2,0,6
04,AREQUIPA,0404,CASTILLA,040405,CHILCAYMARCA,3,1001,5,3,2,0,10
02,ANCASH,0210,HUARI,021016,UCO,3,995,6,4,1,1,12
02,ANCASH,0219,SIHUAS,021910,SICSIBAMBA,3,967,8,6,2,0,16
01,AMAZONAS,0106,RODRIGUEZ DE MENDOZA,010604,HUAMBO,3,938,6,2,3,1,12
10,HUANUCO,1001,HUANUCO,100108,SAN PEDRO DE CHAULAN,3,933,4,3,1,1,9
02,ANCASH,0206,CARHUAZ,020608,SAN MIGUEL DE ACO,3,929,3,3,0,0,6
02,ANCASH,0203,ANTONIO RAYMONDI,020302,ACZO,3,916,7,5,2,0,14
14,LAMBAYEQUE,1402,FERREÑAFE,140202,CAÑARIS,3,914,5,3,1,1,10
08,CUSCO,0811,PAUCARTAMBO,081102,CAICAY,3,904,5,4,1,0,10
09,HUANCAVELICA,0907,TAYACAJA,090705,COLCABAMBA,3,894,4,2,2,0,8
21,PUNO,2108,MELGAR,210809,UMACHIRI,3,877,3,1,2,0,6
23,TACNA,2303,JORGE BASADRE,230301,LOCUMBA,3,848,5,3,0,2,10
05,AYACUCHO,0507,PARINACOCHAS,050705,PULLO,3,847,7,5,2,0,14
05,AYACUCHO,0501,HUAMANGA,050103,ACOS VINCHOS,3,834,7,6,1,0,14
06,CAJAMARCA,0601,CAJAMARCA,060107,LLACANORA,3,830,3,2,1,0,6
03,APURIMAC,0307,GRAU,030704,HUAYLLATI,3,828,7,4,3,0,14
12,JUNIN,1204,JAUJA,120423,PACCHA,3,828,4,1,3,0,8
03,APURIMAC,0306,CHINCHEROS,030606,ONGOY,3,820,6,4,2,0,12
22,SAN MARTIN,2201,MOYOBAMBA,220105,SORITOR,3,792,3,3,0,0,6
08,CUSCO,0813,URUBAMBA,081302,CHINCHERO,3,787,3,2,1,0,6
03,APURIMAC,0307,GRAU,030702,CURPAHUASI,3,786,7,4,3,0,14
22,SAN MARTIN,2205,LAMAS,220502,ALONSO DE ALVARADO,3,777,4,2,2,0,8
06,CAJAMARCA,0606,CUTERVO,060611,SANTA CRUZ,3,757,7,4,3,0,14
09,HUANCAVELICA,0905,CHURCAMPA,090511,COSME,3,753,5,3,2,0,10
03,APURIMAC,0304,AYMARAES,030414,TAPAIRIHUA,3,740,10,6,3,1,20
10,HUANUCO,1005,HUAMALIES,100505,JIRCAN,3,734,5,3,1,0,9
04,AREQUIPA,0403,CARAVELI,040312,QUICACHA,3,728,5,4,1,0,10
09,HUANCAVELICA,0907,TAYACAJA,090716,SAN MARCOS DE ROCCHAC,3,724,5,3,2,0,10
06,CAJAMARCA,0606,CUTERVO,060609,SAN JUAN DE CUTERVO,3,719,6,5,1,0,12
09,HUANCAVELICA,0907,TAYACAJA,090711,PAZOS,3,710,5,4,1,0,10
13,LA LIBERTAD,1308,PATAZ,130805,HUAYLILLAS,3,688,6,4,2,0,12
15,LIMA,1506,HUARAL,150608,PACARAOS,3,677,4,1,3,0,8
02,ANCASH,0201,HUARAZ,020104,HUANCHAY,3,669,5,3,2,0,10
09,HUANCAVELICA,0905,CHURCAMPA,090504,EL CARMEN,3,668,6,4,2,0,12
12,JUNIN,1205,JUNIN,120501,JUNIN,3,667,4,2,2,0,8
15,LIMA,1504,CANTA,150403,HUAMANTANGA,3,666,5,2,3,0,10
18,MOQUEGUA,1802,GENERAL SANCHEZ CERRO,180202,CHOJATA,3,659,7,4,2,1,14
06,CAJAMARCA,0613,SANTA CRUZ,061310,UTICYACU,3,650,9,5,3,1,18
11,ICA,1104,PALPA,110404,SANTA CRUZ,3,649,6,3,3,0,12
15,LIMA,1503,CAJATAMBO,150303,GORGOR,3,642,6,4,1,1,12
15,LIMA,1506,HUARAL,150610,SANTA CRUZ DE ANDAMARCA,3,642,4,1,3,0,8
08,CUSCO,0808,ESPINAR,080806,PICHIGUA,3,631,6,4,2,0,12
06,CAJAMARCA,0612,SAN PABLO,061204,TUMBADEN,3,629,6,5,1,0,12
10,HUANUCO,1007,MARAÑON,100703,SAN BUENAVENTURA,3,623,3,6,3,0,12
12,JUNIN,1204,JAUJA,120426,POMACANCHA,3,612,5,2,3,0,10
08,CUSCO,0807,CHUMBIVILCAS,080705,LIVITACA,3,610,5,4,1,0,10
10,HUANUCO,1006,LEONCIO PRADO,100602,DANIEL ALOMIA ROBLES,3,607,4,3,1,0,8
21,PUNO,2101,PUNO,210108,HUATA,3,591,4,2,1,1,8
02,ANCASH,0217,RECUAY,021707,PAMPAS CHICO,3,589,4,2,2,0,8
15,LIMA,1507,HUAROCHIRI,150723,SAN MATEO DE OTAO,3,585,5,2,3,0,10
03,APURIMAC,0304,AYMARAES,030410,POCOHUANCA,3,576,4,1,3,0,8
15,LIMA,1510,YAUYOS,151003,ALLAUCA,3,544,4,3,1,0,8
10,HUANUCO,1003,DOS DE MAYO,100313,PACHAS,3,542,2,2,3,0,7
03,APURIMAC,0304,AYMARAES,030402,CAPAYA,3,531,5,2,3,0,10
04,AREQUIPA,0406,CONDESUYOS,040605,IRAY,3,524,4,3,1,0,8
10,HUANUCO,1011,YAROWILCA,101101,CHAVINILLO,3,521,3,3,2,0,8
05,AYACUCHO,0506,LUCANAS,050610,LLAUTA,3,515,4,1,3,0,8
12,JUNIN,1201,HUANCAYO,120105,CHACAPAMPA,3,511,4,1,3,0,8
05,AYACUCHO,0510,VICTOR FAJARDO,051004,ASQUIPATA,3,507,3,0,3,0,6
04,AREQUIPA,0405,CAYLLOMA,040511,LLUTA,3,503,6,3,2,1,12
08,CUSCO,0810,PARURO,081001,PARURO,3,503,3,3,0,0,6
08,CUSCO,0809,LA CONVENCION,080913,VILLA KINTIARINA,3,500,4,3,1,0,8
09,HUANCAVELICA,0907,TAYACAJA,090703,ACRAQUIA,3,498,5,4,1,0,10
06,CAJAMARCA,0601,CAJAMARCA,060103,CHETILLA,3,497,3,3,0,0,6
04,AREQUIPA,0403,CARAVELI,040304,ATIQUIPA,3,495,5,3,2,0,10
09,HUANCAVELICA,0904,CASTROVIRREYNA,090407,HUACHOS,3,491,7,3,3,1,14
05,AYACUCHO,0504,HUANTA,050403,HUAMANGUILLA,3,486,4,2,2,0,8
03,APURIMAC,0307,GRAU,030703,GAMARRA,3,485,4,1,3,0,8
05,AYACUCHO,0504,HUANTA,050402,AYAHUANCO,3,485,4,2,2,0,8
15,LIMA,1506,HUARAL,150602,ATAVILLOS ALTO,3,482,5,2,3,0,10
15,LIMA,1509,OYON,150906,PACHANGARA,3,482,4,3,1,0,8
02,ANCASH,0216,POMABAMBA,021604,QUINUABAMBA,3,472,6,4,2,0,12
08,CUSCO,0806,CANCHIS,080604,MARANGANI,3,470,4,3,1,0,8
11,ICA,1103,NASCA,110305,VISTA ALEGRE,3,467,4,1,3,0,8
02,ANCASH,0216,POMABAMBA,021601,POMABAMBA,3,450,3,2,1,0,6
21,PUNO,2102,AZANGARO,210213,SAN JUAN DE SALINAS,3,444,5,4,1,0,10
02,ANCASH,0219,SIHUAS,021901,SIHUAS,3,441,4,3,1,0,8
15,LIMA,1510,YAUYOS,151011,COLONIA,3,437,4,3,1,0,8
21,PUNO,2104,CHUCUITO,210402,DESAGUADERO,3,435,4,3,1,0,8
08,CUSCO,0808,ESPINAR,080803,COPORAQUE,3,426,5,4,1,0,10
21,PUNO,2102,AZANGARO,210201,AZANGARO,3,416,8,6,2,0,16
09,HUANCAVELICA,0901,HUANCAVELICA,090116,VILCA,3,410,5,2,3,0,10
08,CUSCO,0807,CHUMBIVILCAS,080708,VELILLE,3,392,4,4,0,0,8
05,AYACUCHO,0511,VILCAS HUAMAN,051108,VISCHONGO,3,381,5,2,3,0,10
04,AREQUIPA,0401,AREQUIPA,040113,POCSI,3,364,6,3,2,1,12
05,AYACUCHO,0511,VILCAS HUAMAN,051104,CONCEPCION,3,361,6,4,1,1,12
15,LIMA,1507,HUAROCHIRI,150726,SANGALLAYA,3,360,3,0,3,0,6
15,LIMA,1507,HUAROCHIRI,150706,CUENCA,3,347,4,1,3,0,8
21,PUNO,2105,EL COLLAO,210502,CAPAZO,3,341,5,2,3,0,10
08,CUSCO,0805,CANAS,080503,KUNTURKANKI,3,329,4,4,0,0,8
05,AYACUCHO,0507,PARINACOCHAS,050701,CORACORA,3,317,4,2,2,0,8
04,AREQUIPA,0406,CONDESUYOS,040602,ANDARAY,3,308,5,3,1,1,10
01,AMAZONAS,0101,CHACHAPOYAS,010105,CHILIQUIN,3,306,3,0,3,0,6
10,HUANUCO,1003,DOS DE MAYO,100322,SILLAPATA,3,274,5,3,0,0,8
04,AREQUIPA,0404,CASTILLA,040411,TIPAN,3,261,7,4,2,1,14
18,MOQUEGUA,1802,GENERAL SANCHEZ CERRO,180205,LA CAPILLA,3,257,3,3,0,0,6
11,ICA,1101,ICA,110114,YAUCA DEL ROSARIO,3,252,4,1,3,0,8
04,AREQUIPA,0401,AREQUIPA,040120,SANTA ISABEL DE SIGUAS,3,250,5,3,2,0,10
04,AREQUIPA,0404,CASTILLA,040410,PAMPACOLCA,3,249,5,3,2,0,10
01,AMAZONAS,0101,CHACHAPOYAS,010101,CHACHAPOYAS,3,181,3,0,2,1,6
10,HUANUCO,1011,YAROWILCA,101107,PAMPAMARCA,3,170,1,3,0,0,4
14,LAMBAYEQUE,1401,CHICLAYO,140112,PIMENTEL,2,19059,2,1,1,0,4
14,LAMBAYEQUE,1403,LAMBAYEQUE,140311,SAN JOSE,2,15584,6,3,2,1,12
14,LAMBAYEQUE,1402,FERREÑAFE,140206,PUEBLO NUEVO,2,15084,2,1,1,0,4
20,PIURA,2008,SECHURA,200805,VICE,2,9410,2,0,2,0,4
04,AREQUIPA,0402,CAMANA,040205,NICOLAS DE PIEROLA,2,6729,3,0,2,1,6
22,SAN MARTIN,2209,SAN MARTIN,220913,SAUCE,2,6296,3,0,2,1,6
12,JUNIN,1201,HUANCAYO,120132,SAÑO,2,6256,2,1,1,0,4
04,AREQUIPA,0402,CAMANA,040203,MARIANO NICOLAS VALCARCEL,2,5963,5,2,2,1,10
13,LA LIBERTAD,1307,PACASMAYO,130702,GUADALUPE,2,5307,2,0,2,0,4
04,AREQUIPA,0402,CAMANA,040204,MARISCAL CACERES,2,5198,5,1,2,2,10
20,PIURA,2001,PIURA,200107,CURA MORI,2,5159,2,0,2,0,4
22,SAN MARTIN,2206,MARISCAL CACERES,220602,CAMPANILLA,2,5087,4,1,2,1,8
19,PASCO,1901,PASCO,190111,TINYAHUARCO,2,5084,4,2,2,0,8
11,ICA,1105,PISCO,110505,PARACAS,2,4579,3,2,1,0,6
12,JUNIN,1209,CHUPACA,120903,CHONGOS BAJO,2,4504,4,2,2,0,8
01,AMAZONAS,0103,BONGARA,010306,FLORIDA,2,4269,5,1,2,2,10
21,PUNO,2103,CARABAYA,210308,OLLACHEA,2,4037,7,5,2,0,14
21,PUNO,2108,MELGAR,210802,ANTAUTA,2,3985,8,5,2,1,16
02,ANCASH,0215,PALLASCA,021503,CONCHUCOS,2,3858,6,4,1,1,12
08,CUSCO,0811,PAUCARTAMBO,081106,KOSÑIPATA,2,3571,5,2,2,1,10
15,LIMA,1505,CAÑETE,150507,IMPERIAL,2,3471,2,1,1,0,4
21,PUNO,2103,CARABAYA,210309,SAN GABAN,2,3153,6,4,2,0,12
21,PUNO,2101,PUNO,210109,MAÑAZO,2,2944,7,4,2,1,14
05,AYACUCHO,0510,VICTOR FAJARDO,051005,CANARIA,2,2878,7,5,2,0,14
08,CUSCO,0812,QUISPICANCHI,081212,QUIQUIJANA,2,2840,4,1,2,1,8
22,SAN MARTIN,2208,RIOJA,220807,SAN FERNANDO,2,2756,3,1,2,0,6
21,PUNO,2110,SAN ANTONIO DE PUTINA,211004,QUILCAPUNCU,2,2680,6,4,2,0,12
12,JUNIN,1208,YAULI,120801,LA OROYA,2,2322,2,1,1,0,4
21,PUNO,2102,AZANGARO,210212,SAN JOSE,2,2294,6,4,2,0,12
13,LA LIBERTAD,1307,PACASMAYO,130701,SAN PEDRO DE LLOC,2,2286,2,0,2,0,4
12,JUNIN,1209,CHUPACA,120901,CHUPACA,2,2278,3,3,0,0,6
21,PUNO,2112,SANDIA,211207,SAN JUAN DEL ORO,2,2244,6,3,2,1,12
21,PUNO,2102,AZANGARO,210209,POTONI,2,2214,6,4,2,0,12
04,AREQUIPA,0405,CAYLLOMA,040503,CABANACONDE,2,2207,8,5,2,1,16
22,SAN MARTIN,2202,BELLAVISTA,220206,SAN RAFAEL,2,2184,2,1,1,0,4
22,SAN MARTIN,2202,BELLAVISTA,220202,ALTO BIAVO,2,2059,5,3,2,0,10
13,LA LIBERTAD,1302,ASCOPE,130205,PAIJAN,2,2006,2,1,1,0,4
19,PASCO,1901,PASCO,190112,VICCO,2,1937,5,3,2,0,10
22,SAN MARTIN,2206,MARISCAL CACERES,220604,PACHIZA,2,1916,5,3,2,0,10
08,CUSCO,0809,LA CONVENCION,080908,SANTA TERESA,2,1902,5,3,1,1,10
22,SAN MARTIN,2209,SAN MARTIN,220906,EL PORVENIR,2,1882,5,3,1,1,10
21,PUNO,2112,SANDIA,211203,LIMBANI,2,1876,7,4,2,1,14
22,SAN MARTIN,2204,HUALLAGA,220403,EL ESLABON,2,1867,5,4,1,0,10
10,HUANUCO,1010,LAURICOCHA,101007,SAN MIGUEL DE CAURI,2,1866,1,3,1,1,6
05,AYACUCHO,0506,LUCANAS,050611,LUCANAS,2,1753,5,3,2,0,10
05,AYACUCHO,0510,VICTOR FAJARDO,051011,SARHUA,2,1721,7,5,2,0,14
08,CUSCO,0813,URUBAMBA,081303,HUAYLLABAMBA,2,1718,3,1,1,1,6
22,SAN MARTIN,2202,BELLAVISTA,220201,BELLAVISTA,2,1712,3,1,2,0,6
10,HUANUCO,1009,PUERTO INCA,100904,TOURNAVISTA,2,1705,3,2,1,0,6
10,HUANUCO,1001,HUANUCO,100107,SAN FRANCISCO DE CAYRAN,2,1700,2,1,1,0,4
10,HUANUCO,1009,PUERTO INCA,100905,YUYAPICHIS,2,1673,7,2,1,0,10
12,JUNIN,1202,CONCEPCION,120210,MATAHUASI,2,1672,4,2,2,0,8
21,PUNO,2106,HUANCANE,210602,COJATA,2,1643,5,3,2,0,10
12,JUNIN,1204,JAUJA,120410,HUERTAS,2,1612,3,2,1,0,6
12,JUNIN,1202,CONCEPCION,120202,ACO,2,1572,5,3,2,0,10
21,PUNO,2103,CARABAYA,210301,MACUSANI,2,1549,6,4,2,0,12
09,HUANCAVELICA,0907,TAYACAJA,090707,HUACHOCOLPA,2,1509,6,3,2,1,12
14,LAMBAYEQUE,1401,CHICLAYO,140103,ETEN,2,1505,2,2,0,0,4
15,LIMA,1505,CAÑETE,150508,LUNAHUANA,2,1500,2,2,0,0,4
05,AYACUCHO,0508,PAUCAR DEL SARA SARA,050804,LAMPA,2,1489,7,5,2,0,14
08,CUSCO,0807,CHUMBIVILCAS,080702,CAPACMARCA,2,1488,6,4,2,0,12
24,TUMBES,2401,TUMBES,240104,PAMPAS DE HOSPITAL,2,1483,2,1,1,0,4
08,CUSCO,0810,PARURO,081003,CCAPI,2,1477,6,4,2,0,12
22,SAN MARTIN,2206,MARISCAL CACERES,220601,JUANJUI,2,1416,2,0,2,0,4
12,JUNIN,1207,TARMA,120703,HUARICOLCA,2,1415,5,3,2,0,10
01,AMAZONAS,0105,LUYA,010505,CONILA,2,1378,5,3,1,1,10
24,TUMBES,2403,ZARUMILLA,240302,AGUAS VERDES,2,1367,4,2,2,0,8
02,ANCASH,0210,HUARI,021010,PAUCAS,2,1360,6,4,2,0,12
21,PUNO,2105,EL COLLAO,210504,SANTA ROSA,2,1321,6,2,2,2,12
18,MOQUEGUA,1801,MARISCAL NIETO,180105,SAN CRISTOBAL,2,1307,6,3,2,1,12
06,CAJAMARCA,0605,CONTUMAZA,060507,TANTARICA,2,1306,6,3,1,2,12
03,APURIMAC,0306,CHINCHEROS,030610,EL PORVENIR,2,1296,6,4,2,0,12
01,AMAZONAS,0105,LUYA,010523,TRITA,2,1294,3,1,2,0,6
03,APURIMAC,0302,ANDAHUAYLAS,030219,KAQUIABAMBA,2,1265,4,2,2,0,8
22,SAN MARTIN,2205,LAMAS,220508,SAN ROQUE DE CUMBAZA,2,1249,4,2,2,0,8
12,JUNIN,1206,SATIPO,120602,COVIRIALI,2,1244,3,2,1,0,6
15,LIMA,1505,CAÑETE,150503,CALANGO,2,1218,4,2,1,1,8
02,ANCASH,0215,PALLASCA,021508,PALLASCA,2,1216,5,3,1,1,10
18,MOQUEGUA,1802,GENERAL SANCHEZ CERRO,180204,ICHUÑA,2,1191,5,2,2,1,10
12,JUNIN,1202,CONCEPCION,120201,CONCEPCION,2,1170,2,2,0,0,4
08,CUSCO,0807,CHUMBIVILCAS,080707,QUIÑOTA,2,1140,4,3,1,0,8
02,ANCASH,0210,HUARI,021015,SAN PEDRO DE CHANA,2,1138,6,4,2,0,12
15,LIMA,1507,HUAROCHIRI,150721,SAN LORENZO DE QUINTI,2,1135,6,3,2,1,12
04,AREQUIPA,0407,ISLAY,040703,DEAN VALDIVIA,2,1113,3,2,1,0,6
02,ANCASH,0201,HUARAZ,020101,HUARAZ,2,1101,4,2,2,0,8
08,CUSCO,0804,CALCA,080407,TARAY,2,1099,2,0,2,0,4
21,PUNO,2109,MOHO,210902,CONIMA,2,1094,5,3,1,1,10
10,HUANUCO,1010,LAURICOCHA,101002,BAÑOS,2,1085,1,2,1,1,5
03,APURIMAC,0303,ANTABAMBA,030304,JUAN ESPINOZA MEDRANO,2,1076,5,3,2,0,10
21,PUNO,2107,LAMPA,210707,PARATIA,2,1068,6,4,2,0,12
21,PUNO,2109,MOHO,210903,HUAYRAPATA,2,1054,5,4,1,0,10
14,LAMBAYEQUE,1401,CHICLAYO,140118,POMALCA,2,1048,2,2,0,0,4
04,AREQUIPA,0401,AREQUIPA,040127,YARABAMBA,2,1044,3,1,1,1,6
14,LAMBAYEQUE,1401,CHICLAYO,140120,TUMAN,2,1037,2,2,0,0,4
01,AMAZONAS,0105,LUYA,010520,SANTA CATALINA,2,1019,3,1,2,0,6
09,HUANCAVELICA,0902,ACOBAMBA,090202,ANDABAMBA,2,1016,4,3,1,0,8
08,CUSCO,0804,CALCA,080402,COYA,2,1009,3,2,1,0,6
05,AYACUCHO,0503,HUANCA SANCOS,050302,CARAPO,2,1008,6,4,2,0,12
21,PUNO,2101,PUNO,210115,VILQUE,2,1007,4,2,2,0,8
12,JUNIN,1204,JAUJA,120433,YAULI,2,999,3,2,1,0,6
05,AYACUCHO,0509,SUCRE,050906,MORCOLLA,2,996,6,4,2,0,12
12,JUNIN,1204,JAUJA,120425,PARCO,2,985,4,2,2,0,8
15,LIMA,1507,HUAROCHIRI,150715,SAN ANDRES DE TUPICOCHA,2,985,3,2,1,0,6
13,LA LIBERTAD,1311,GRAN CHIMU,131103,MARMOT,2,979,5,2,2,1,10
06,CAJAMARCA,0610,SAN MARCOS,061007,JOSE SABOGAL,2,977,2,2,0,0,4
20,PIURA,2002,AYABACA,200209,SICCHEZ,2,968,7,4,2,1,14
01,AMAZONAS,0103,BONGARA,010312,YAMBRASBAMBA,2,949,3,1,2,0,6
05,AYACUCHO,0510,VICTOR FAJARDO,051007,COLCA,2,949,4,2,2,0,8
20,PIURA,2001,PIURA,200101,PIURA,2,948,2,2,0,0,4
05,AYACUCHO,0506,LUCANAS,050608,LARAMATE,2,944,6,4,2,0,12
12,JUNIN,1201,HUANCAYO,120108,CHONGOS ALTO,2,939,5,3,1,1,10
04,AREQUIPA,0404,CASTILLA,040402,ANDAGUA,2,931,5,2,2,1,10
21,PUNO,2113,YUNGUYO,211304,CUTURAPI,2,926,4,3,1,0,8
02,ANCASH,0206,CARHUAZ,020604,ANTA,2,925,2,1,0,1,4
21,PUNO,2110,SAN ANTONIO DE PUTINA,211005,SINA,2,917,4,3,1,0,8
22,SAN MARTIN,2207,PICOTA,220704,PILLUANA,2,911,4,2,2,0,8
18,MOQUEGUA,1801,MARISCAL NIETO,180106,TORATA,2,909,2,1,1,0,4
12,JUNIN,1204,JAUJA,120418,MOLINOS,2,899,3,1,2,0,6
01,AMAZONAS,0102,BAGUA,010204,EL PARCO,2,881,4,2,2,0,8
04,AREQUIPA,0404,CASTILLA,040404,CHACHAS,2,876,3,2,1,0,6
15,LIMA,1508,HUAURA,150810,SANTA MARIA,2,869,3,3,0,0,6
08,CUSCO,0802,ACOMAYO,080204,MOSOC LLACTA,2,863,2,1,0,1,4
08,CUSCO,0801,CUSCO,080102,CCORCA,2,862,3,2,1,0,6
10,HUANUCO,1006,LEONCIO PRADO,100606,MARIANO DAMASO BERAUN,2,862,4,2,1,0,7
21,PUNO,2112,SANDIA,211206,QUIACA,2,860,5,3,1,1,10
05,AYACUCHO,0510,VICTOR FAJARDO,051012,VILCANCHOS,2,856,7,4,2,1,14
10,HUANUCO,1003,DOS DE MAYO,100316,QUIVILLA,2,850,2,3,1,0,6
02,ANCASH,0205,BOLOGNESI,020509,HUASTA,2,841,3,2,1,0,6
08,CUSCO,0803,ANTA,080301,ANTA,2,839,2,2,0,0,4
21,PUNO,2113,YUNGUYO,211303,COPANI,2,833,3,2,1,0,6
15,LIMA,1510,YAUYOS,151008,CATAHUASI,2,829,5,3,1,1,10
09,HUANCAVELICA,0907,TAYACAJA,090718,TINTAY PUNCU,2,817,6,4,2,0,12
04,AREQUIPA,0406,CONDESUYOS,040608,YANAQUIHUA,2,813,4,3,1,0,8
03,APURIMAC,0307,GRAU,030714,CURASCO,2,796,6,4,2,0,12
21,PUNO,2105,EL COLLAO,210505,CONDURIRI,2,781,3,2,1,0,6
12,JUNIN,1206,SATIPO,120609,VIZCATAN DEL ENE,2,770,2,0,2,0,4
08,CUSCO,0813,URUBAMBA,081301,URUBAMBA,2,752,2,1,1,0,4
05,AYACUCHO,0501,HUAMANGA,050111,SANTIAGO DE PISCHA,2,744,4,2,2,0,8
02,ANCASH,0212,HUAYLAS,021204,HUAYLAS,2,742,3,1,1,1,6
06,CAJAMARCA,0611,SAN MIGUEL,061102,BOLIVAR,2,738,4,2,2,0,8
15,LIMA,1507,HUAROCHIRI,150711,LANGA,2,737,4,2,2,0,8
05,AYACUCHO,0506,LUCANAS,050613,OTOCA,2,736,8,5,2,1,16
10,HUANUCO,1004,HUACAYBAMBA,100403,COCHABAMBA,2,733,1,2,1,0,4
21,PUNO,2110,SAN ANTONIO DE PUTINA,211003,PEDRO VILCA APAZA,2,732,4,4,0,0,8
06,CAJAMARCA,0611,SAN MIGUEL,061113,UNION AGUA BLANCA,2,731,5,3,1,1,10
03,APURIMAC,0304,AYMARAES,030417,YANACA,2,729,4,2,2,0,8
08,CUSCO,0810,PARURO,081009,YAURISQUE,2,727,5,3,1,1,10
09,HUANCAVELICA,0901,HUANCAVELICA,090108,IZCUCHACA,2,718,4,2,1,1,8
22,SAN MARTIN,2207,PICOTA,220707,SAN HILARION,2,716,4,2,2,0,8
05,AYACUCHO,0503,HUANCA SANCOS,050304,SANTIAGO DE LUCANAMARCA,2,709,5,3,2,0,10
06,CAJAMARCA,0606,CUTERVO,060604,CUJILLO,2,705,6,4,2,0,12
04,AREQUIPA,0407,ISLAY,040701,MOLLENDO,2,689,2,1,1,0,4
15,LIMA,1506,HUARAL,150609,SAN MIGUEL DE ACOS,2,683,3,1,2,0,6
23,TACNA,2303,JORGE BASADRE,230302,ILABAYA,2,674,7,4,2,1,14
08,CUSCO,0805,CANAS,080508,TUPAC AMARU,2,670,3,2,1,0,6
15,LIMA,1504,CANTA,150404,HUAROS,2,667,6,4,2,0,12
04,AREQUIPA,0401,AREQUIPA,040111,MOLLEBAYA,2,659,3,0,2,1,6
15,LIMA,1507,HUAROCHIRI,150707,HUACHUPAMPA,2,657,3,1,2,0,6
21,PUNO,2101,PUNO,210103,AMANTANI,2,647,4,3,1,0,8
02,ANCASH,0203,ANTONIO RAYMONDI,020306,SAN JUAN DE RONTOY,2,643,6,4,2,0,12
02,ANCASH,0211,HUARMEY,021104,HUAYAN,2,638,5,4,1,0,10
08,CUSCO,0809,LA CONVENCION,080905,OCOBAMBA,2,630,4,2,2,0,8
02,ANCASH,0205,BOLOGNESI,020515,TICLLOS,2,628,3,2,1,0,6
11,ICA,1102,CHINCHA,110209,SAN PEDRO DE HUACARPANA,2,625,4,2,2,0,8
15,LIMA,1510,YAUYOS,151024,QUINCHES,2,618,4,3,1,0,8
03,APURIMAC,0305,COTABAMBAS,030505,MARA,2,615,4,2,2,0,8
12,JUNIN,1203,CHANCHAMAYO,120306,VITOC,2,609,3,2,1,0,6
02,ANCASH,0213,MARISCAL LUZURIAGA,021304,FIDEL OLIVAS ESCUDERO,2,601,6,4,2,0,12
03,APURIMAC,0306,CHINCHEROS,030609,ROCCHACC,2,588,5,3,2,0,10
23,TACNA,2301,TACNA,230107,PALCA,2,582,3,2,1,0,6
03,APURIMAC,0305,COTABAMBAS,030502,COTABAMBAS,2,570,2,1,1,0,4
01,AMAZONAS,0106,RODRIGUEZ DE MENDOZA,010603,COCHAMAL,2,569,4,3,1,0,8
02,ANCASH,0202,AIJA,020202,CORIS,2,568,5,3,2,0,10
09,HUANCAVELICA,0901,HUANCAVELICA,090102,ACOBAMBILLA,2,567,7,4,2,1,14
02,ANCASH,0215,PALLASCA,021510,SANTA ROSA,2,547,3,2,1,0,6
05,AYACUCHO,0509,SUCRE,050907,PAICO,2,545,7,5,2,0,14
09,HUANCAVELICA,0903,ANGARAES,090311,SANTO TOMAS DE PATA,2,545,3,1,2,0,6
05,AYACUCHO,0506,LUCANAS,050601,PUQUIO,2,541,4,3,1,0,8
11,ICA,1103,NASCA,110301,NASCA,2,540,2,1,1,0,4
01,AMAZONAS,0105,LUYA,010507,LONGUITA,2,538,4,2,2,0,8
05,AYACUCHO,0505,LA MAR,050504,CHILCAS,2,538,3,2,1,0,6
15,LIMA,1503,CAJATAMBO,150302,COPA,2,538,4,2,2,0,8
15,LIMA,1503,CAJATAMBO,150301,CAJATAMBO,2,535,3,2,1,0,6
01,AMAZONAS,0101,CHACHAPOYAS,010120,SOLOCO,2,533,5,3,2,0,10
10,HUANUCO,1002,AMBO,100206,SAN FRANCISCO,2,526,3,2,1,0,6
02,ANCASH,0210,HUARI,021002,ANRA,2,519,4,3,1,0,8
05,AYACUCHO,0504,HUANTA,050405,LURICOCHA,2,519,2,1,1,0,4
09,HUANCAVELICA,0905,CHURCAMPA,090503,CHINCHIHUASI,2,519,5,4,1,0,10
23,TACNA,2304,TARATA,230406,SUSAPAYA,2,519,5,2,2,1,10
05,AYACUCHO,0504,HUANTA,050411,PUCACOLPA,2,518,2,2,0,0,4
01,AMAZONAS,0101,CHACHAPOYAS,010103,BALSAS,2,517,4,2,1,1,8
01,AMAZONAS,0103,BONGARA,010305,CUISPES,2,516,3,1,2,0,6
12,JUNIN,1201,HUANCAYO,120122,INGENIO,2,511,3,2,1,0,6
09,HUANCAVELICA,0906,HUAYTARA,090603,CORDOVA,2,509,5,3,1,1,10
01,AMAZONAS,0101,CHACHAPOYAS,010113,MARISCAL CASTILLA,2,500,4,1,2,1,8
21,PUNO,2101,PUNO,210114,TIQUILLACA,2,499,5,2,2,1,10
15,LIMA,1508,HUAURA,150808,PACCHO,2,498,3,2,1,0,6
02,ANCASH,0201,HUARAZ,020108,OLLEROS,2,484,3,1,2,0,6
01,AMAZONAS,0105,LUYA,010515,PROVIDENCIA,2,483,3,2,1,0,6
02,ANCASH,0213,MARISCAL LUZURIAGA,021308,MUSGA,2,482,4,3,1,0,8
06,CAJAMARCA,0611,SAN MIGUEL,061106,LA FLORIDA,2,479,4,4,0,0,8
02,ANCASH,0219,SIHUAS,021904,CASHAPAMPA,2,474,5,3,2,0,10
02,ANCASH,0212,HUAYLAS,021209,SANTO TORIBIO,2,470,4,2,2,0,8
05,AYACUCHO,0501,HUAMANGA,050101,AYACUCHO,2,470,3,2,1,0,6
02,ANCASH,0213,MARISCAL LUZURIAGA,021303,ELEAZAR GUZMAN BARRON,2,457,6,4,2,0,12
11,ICA,1104,PALPA,110403,RIO GRANDE,2,457,3,2,1,0,6
08,CUSCO,0808,ESPINAR,080807,SUYCKUTAMBO,2,454,3,3,0,0,6
02,ANCASH,0202,AIJA,020204,LA MERCED,2,453,5,3,2,0,10
09,HUANCAVELICA,0901,HUANCAVELICA,090113,NUEVO OCCORO,2,451,3,2,1,0,6
02,ANCASH,0201,HUARAZ,020109,PAMPAS GRANDE,2,449,4,3,1,0,8
15,LIMA,1506,HUARAL,150612,VEINTISIETE DE NOVIEMBRE,2,449,3,1,2,0,6
15,LIMA,1504,CANTA,150402,ARAHUAY,2,443,3,1,2,0,6
09,HUANCAVELICA,0906,HUAYTARA,090615,SANTO DOMINGO DE CAPILLAS,2,436,3,1,2,0,6
03,APURIMAC,0305,COTABAMBAS,030501,TAMBOBAMBA,2,433,5,4,1,0,10
05,AYACUCHO,0505,LA MAR,050505,CHUNGUI,2,429,3,2,1,0,6
05,AYACUCHO,0505,LA MAR,050506,LUIS CARRANZA,2,425,3,2,1,0,6
03,APURIMAC,0301,ABANCAY,030102,CHACOCHE,2,424,3,1,2,0,6
15,LIMA,1509,OYON,150903,CAUJUL,2,420,3,2,1,0,6
06,CAJAMARCA,0603,CELENDIN,060308,OXAMARCA,2,414,2,2,0,0,4
01,AMAZONAS,0105,LUYA,010508,LONYA CHICO,2,413,4,2,2,0,8
15,LIMA,1508,HUAURA,150809,SANTA LEONOR,2,408,4,3,1,0,8
13,LA LIBERTAD,1303,BOLIVAR,130303,CONDORMARCA,2,404,3,2,1,0,6
09,HUANCAVELICA,0904,CASTROVIRREYNA,090402,ARMA,2,397,5,2,2,1,10
06,CAJAMARCA,0608,JAEN,060809,SALLIQUE,2,387,2,2,0,0,4
08,CUSCO,0810,PARURO,081004,COLCHA,2,387,2,1,1,0,4
12,JUNIN,1207,TARMA,120707,PALCAMAYO,2,373,4,2,2,0,8
01,AMAZONAS,0101,CHACHAPOYAS,010107,GRANADA,2,367,3,1,1,1,6
02,ANCASH,0204,ASUNCION,020401,CHACAS,2,367,2,2,0,0,4
15,LIMA,1510,YAUYOS,151020,MADEAN,2,360,4,3,1,0,8
15,LIMA,1504,CANTA,150401,CANTA,2,355,4,2,2,0,8
15,LIMA,1508,HUAURA,150804,CHECRAS,2,354,3,2,1,0,6
15,LIMA,1506,HUARAL,150607,LAMPIAN,2,353,3,1,2,0,6
15,LIMA,1507,HUAROCHIRI,150710,LAHUAYTAMBO,2,349,3,1,2,0,6
15,LIMA,1504,CANTA,150406,SAN BUENAVENTURA,2,343,2,0,2,0,4
09,HUANCAVELICA,0907,TAYACAJA,090702,ACOSTAMBO,2,338,4,2,2,0,8
02,ANCASH,0201,HUARAZ,020107,LA LIBERTAD,2,335,3,2,1,0,6
15,LIMA,1510,YAUYOS,151006,CACRA,2,333,3,2,1,0,6
04,AREQUIPA,0404,CASTILLA,040406,CHOCO,2,323,4,3,1,0,8
05,AYACUCHO,0507,PARINACOCHAS,050706,PUYUSCA,2,323,2,0,2,0,4
06,CAJAMARCA,0611,SAN MIGUEL,061110,SAN GREGORIO,2,317,5,3,2,0,10
05,AYACUCHO,0511,VILCAS HUAMAN,051102,ACCOMARCA,2,308,3,1,2,0,6
06,CAJAMARCA,0613,SANTA CRUZ,061308,SAUCEPAMPA,2,299,4,3,1,0,8
03,APURIMAC,0304,AYMARAES,030413,SORAYA,2,298,3,1,2,0,6
13,LA LIBERTAD,1301,TRUJILLO,130110,SIMBAL,2,296,2,2,0,0,4
01,AMAZONAS,0101,CHACHAPOYAS,010116,OLLEROS,2,289,2,0,2,0,4
15,LIMA,1507,HUAROCHIRI,150716,SAN ANTONIO,2,288,2,1,1,0,4
02,ANCASH,0220,YUNGAY,022002,CASCAPARA,2,286,2,2,0,0,4
11,ICA,1101,ICA,110104,OCUCAJE,2,286,2,0,2,0,4
06,CAJAMARCA,0603,CELENDIN,060306,JOSE GALVEZ,2,285,4,3,1,0,8
08,CUSCO,0812,QUISPICANCHI,081201,URCOS,2,281,4,4,0,0,8
13,LA LIBERTAD,1306,OTUZCO,130606,LA CUESTA,2,278,3,2,1,0,6
06,CAJAMARCA,0606,CUTERVO,060615,TORIBIO CASANOVA,2,277,4,3,1,0,8
03,APURIMAC,0304,AYMARAES,030408,JUSTO APU SAHUARAURA,2,273,4,2,2,0,8
21,PUNO,2108,MELGAR,210803,CUPI,2,270,3,2,1,0,6
06,CAJAMARCA,0605,CONTUMAZA,060503,CUPISNIQUE,2,266,5,3,1,1,10
12,JUNIN,1201,HUANCAYO,120106,CHICCHE,2,266,2,0,2,0,4
21,PUNO,2102,AZANGARO,210202,ACHAYA,2,263,5,4,1,0,10
18,MOQUEGUA,1802,GENERAL SANCHEZ CERRO,180207,MATALAQUE,2,260,3,1,2,0,6
08,CUSCO,0803,ANTA,080305,HUAROCONDO,2,258,3,2,1,0,6
03,APURIMAC,0307,GRAU,030701,CHUQUIBAMBILLA,2,256,3,1,2,0,6
23,TACNA,2304,TARATA,230403,ESTIQUE,2,255,3,2,1,0,6
18,MOQUEGUA,1801,MARISCAL NIETO,180104,SAMEGUA,2,253,2,1,1,0,4
06,CAJAMARCA,0604,CHOTA,060406,CHOROPAMPA,2,242,4,3,1,0,8
08,CUSCO,0810,PARURO,081002,ACCHA,2,240,2,2,0,0,4
10,HUANUCO,1003,DOS DE MAYO,100321,SHUNQUI,2,220,4,2,1,0,7
04,AREQUIPA,0404,CASTILLA,040412,UÑON,2,218,3,2,1,0,6
04,AREQUIPA,0403,CARAVELI,040306,CAHUACHO,2,215,4,3,1,0,8
13,LA LIBERTAD,1306,OTUZCO,130610,PARANDAY,2,212,3,2,1,0,6
15,LIMA,1510,YAUYOS,151001,YAUYOS,2,205,3,2,1,0,6
01,AMAZONAS,0101,CHACHAPOYAS,010117,QUINJALCA,2,202,3,0,2,1,6
03,APURIMAC,0304,AYMARAES,030409,LUCRE,2,199,3,1,2,0,6
11,ICA,1102,CHINCHA,110203,CHAVIN,2,174,3,2,1,0,6
06,CAJAMARCA,0604,CHOTA,060414,PION,2,169,3,2,1,0,6
10,HUANUCO,1011,YAROWILCA,101103,CHACABAMBA,2,161,2,3,1,0,6
06,CAJAMARCA,0604,CHOTA,060416,SAN JUAN DE LICUPIS,2,130,5,3,2,0,10
23,TACNA,2302,CANDARAVE,230201,CANDARAVE,2,129,2,2,0,0,4
16,LORETO,1601,MAYNAS,160112,BELEN,2,108,2,1,1,0,4
02,ANCASH,0215,PALLASCA,021501,CABANA,2,102,2,2,0,0,4
14,LAMBAYEQUE,1402,FERREÑAFE,140204,MANUEL ANTONIO MESONES MURO,2,85,2,1,1,0,4
21,PUNO,2108,MELGAR,210801,AYAVIRI,2,79,2,0,2,0,4
09,HUANCAVELICA,0901,HUANCAVELICA,090105,CUENCA,2,38,3,1,2,0,6
10,HUANUCO,1001,HUANUCO,100111,PILLCO MARCA,1,38560,2,1,0,1,4
12,JUNIN,1209,CHUPACA,120905,HUAMANCACA CHICO,1,7050,1,0,1,0,2
11,ICA,1101,ICA,110105,PACHACUTEC,1,6679,2,0,1,1,4
01,AMAZONAS,0103,BONGARA,010307,JAZAN,1,5806,3,0,1,2,6
02,ANCASH,0205,BOLOGNESI,020508,HUALLANCA,1,5493,2,0,1,1,4
22,SAN MARTIN,2206,MARISCAL CACERES,220603,HUICUNGO,1,4981,4,3,1,0,8
20,PIURA,2006,SULLANA,200606,MIGUEL CHECA,1,4810,1,0,1,0,2
16,LORETO,1601,MAYNAS,160107,NAPO,1,4166,3,1,1,1,6
18,MOQUEGUA,1803,ILO,180302,EL ALGARROBAL,1,4042,3,1,1,1,6
08,CUSCO,0806,CANCHIS,080605,PITUMARCA,1,4036,2,0,1,1,4
12,JUNIN,1209,CHUPACA,120902,AHUAC,1,3760,1,0,1,0,2
04,AREQUIPA,0405,CAYLLOMA,040505,CAYLLOMA,1,3545,4,2,1,1,8
21,PUNO,2102,AZANGARO,210207,JOSE DOMINGO CHOQUEHUANCA,1,3328,2,0,1,1,4
12,JUNIN,1209,CHUPACA,120908,TRES DE DICIEMBRE,1,2857,2,1,1,0,4
12,JUNIN,1201,HUANCAYO,120136,VIQUES,1,2776,1,0,1,0,2
08,CUSCO,0808,ESPINAR,080805,PALLPATA,1,2772,4,3,1,0,8
12,JUNIN,1207,TARMA,120708,SAN PEDRO DE CAJAS,1,2675,2,1,1,0,4
12,JUNIN,1204,JAUJA,120407,EL MANTARO,1,2637,1,0,1,0,2
20,PIURA,2008,SECHURA,200802,BELLAVISTA DE LA UNION,1,2572,1,0,1,0,2
22,SAN MARTIN,2204,HUALLAGA,220404,PISCOYACU,1,2390,1,0,1,0,2
12,JUNIN,1204,JAUJA,120428,SAN LORENZO,1,2322,2,1,1,0,4
15,LIMA,1507,HUAROCHIRI,150728,SANTA EULALIA,1,2231,2,1,1,0,4
12,JUNIN,1202,CONCEPCION,120212,NUEVE DE JULIO,1,2170,2,1,1,0,4
10,HUANUCO,1002,AMBO,100208,TOMAY KICHWA,1,2110,1,0,1,0,2
22,SAN MARTIN,2207,PICOTA,220710,TRES UNIDOS,1,2095,2,1,1,0,4
13,LA LIBERTAD,1312,VIRU,131203,GUADALUPITO,1,2078,2,0,1,1,4
08,CUSCO,0812,QUISPICANCHI,081203,CAMANTI,1,1913,2,0,1,1,4
22,SAN MARTIN,2209,SAN MARTIN,220914,SHAPAJA,1,1901,4,2,1,1,8
22,SAN MARTIN,2207,PICOTA,220703,CASPISAPA,1,1890,2,1,1,0,4
02,ANCASH,0205,BOLOGNESI,020507,COLQUIOC,1,1804,3,0,1,2,6
10,HUANUCO,1005,HUAMALIES,100508,PUNCHAO,1,1732,1,2,1,0,4
08,CUSCO,0803,ANTA,080307,MOLLEPATA,1,1729,3,1,1,1,6
04,AREQUIPA,0405,CAYLLOMA,040519,YANQUE,1,1722,4,3,1,0,8
04,AREQUIPA,0403,CARAVELI,040313,YAUCA,1,1632,3,0,1,2,6
22,SAN MARTIN,2204,HUALLAGA,220402,ALTO SAPOSOA,1,1571,3,2,1,0,6
04,AREQUIPA,0403,CARAVELI,040311,LOMAS,1,1559,4,2,1,1,8
15,LIMA,1507,HUAROCHIRI,150727,SANTA CRUZ DE COCACHACRA,1,1552,3,1,1,1,6
22,SAN MARTIN,2203,EL DORADO,220302,AGUA BLANCA,1,1536,4,3,1,0,8
05,AYACUCHO,0504,HUANTA,050409,CANAYRE,1,1533,2,1,1,0,4
21,PUNO,2103,CARABAYA,210302,AJOYANI,1,1521,3,2,1,0,6
21,PUNO,2106,HUANCANE,210603,HUATASANI,1,1495,4,3,1,0,8
12,JUNIN,1202,CONCEPCION,120208,MANZANARES,1,1488,1,0,1,0,2
13,LA LIBERTAD,1302,ASCOPE,130204,MAGDALENA DE CAO,1,1473,2,0,1,1,4
20,PIURA,2001,PIURA,200110,LA UNION,1,1461,1,0,1,0,2
05,AYACUCHO,0506,LUCANAS,050605,CHAVIÑA,1,1459,5,4,1,0,10
08,CUSCO,0802,ACOMAYO,080207,SANGARARA,1,1455,2,0,1,1,4
19,PASCO,1902,DANIEL ALCIDES CARRION,190203,GOYLLARISQUIZGA,1,1403,4,2,1,1,8
04,AREQUIPA,0404,CASTILLA,040407,HUANCARQUI,1,1397,2,0,1,1,4
15,LIMA,1505,CAÑETE,150505,CHILCA,1,1392,1,0,1,0,2
12,JUNIN,1204,JAUJA,120408,HUAMALI,1,1384,1,0,1,0,2
15,LIMA,1508,HUAURA,150801,HUACHO,1,1381,1,1,0,0,2
21,PUNO,2104,CHUCUITO,210405,PISACOMA,1,1349,2,1,1,0,4
21,PUNO,2113,YUNGUYO,211302,ANAPIA,1,1329,3,2,1,0,6
22,SAN MARTIN,2204,HUALLAGA,220405,SACANCHE,1,1326,5,2,1,2,10
01,AMAZONAS,0101,CHACHAPOYAS,010108,HUANCAS,1,1319,1,0,1,0,2
22,SAN MARTIN,2207,PICOTA,220706,SAN CRISTOBAL,1,1308,1,0,1,0,2
12,JUNIN,1208,YAULI,120806,PACCHA,1,1302,1,0,1,0,2
02,ANCASH,0217,RECUAY,021706,MARCA,1,1294,3,1,1,1,6
12,JUNIN,1208,YAULI,120803,HUAY-HUAY,1,1214,2,1,1,0,4
15,LIMA,1505,CAÑETE,150512,QUILMANA,1,1202,2,1,1,0,4
19,PASCO,1902,DANIEL ALCIDES CARRION,190205,SAN PEDRO DE PILLAO,1,1168,4,3,1,0,8
22,SAN MARTIN,2202,BELLAVISTA,220204,HUALLAGA,1,1123,1,0,1,0,2
24,TUMBES,2401,TUMBES,240106,SAN JUAN DE LA VIRGEN,1,1122,1,0,1,0,2
09,HUANCAVELICA,0901,HUANCAVELICA,090106,HUACHOCOLPA,1,1111,4,2,1,1,8
10,HUANUCO,1007,MARAÑON,100705,SANTA ROSA DE ALTO YANAJANCA,1,1109,1,2,0,1,4
01,AMAZONAS,0106,RODRIGUEZ DE MENDOZA,010607,MARISCAL BENAVIDES,1,1098,3,2,1,0,6
15,LIMA,1507,HUAROCHIRI,150732,SURCO,1,1096,2,0,1,1,4
12,JUNIN,1204,JAUJA,120420,MUQUI,1,1088,1,0,1,0,2
12,JUNIN,1204,JAUJA,120404,ATAURA,1,1081,1,0,1,0,2
02,ANCASH,0208,CASMA,020801,CASMA,1,1077,1,1,0,0,2
12,JUNIN,1204,JAUJA,120409,HUARIPAMPA,1,1046,1,0,1,0,2
21,PUNO,2112,SANDIA,211208,YANAHUAYA,1,1043,3,2,1,0,6
02,ANCASH,0206,CARHUAZ,020610,TINCO,1,1035,1,0,1,0,2
04,AREQUIPA,0405,CAYLLOMA,040504,CALLALLI,1,1017,4,3,1,0,8
12,JUNIN,1208,YAULI,120805,MOROCOCHA,1,998,1,0,1,0,2
15,LIMA,1505,CAÑETE,150516,ZUÑIGA,1,978,4,2,1,1,8
12,JUNIN,1204,JAUJA,120432,TUNAN MARCA,1,976,2,1,1,0,4
10,HUANUCO,1006,LEONCIO PRADO,100607,PUCAYACU,1,968,1,1,1,0,3
04,AREQUIPA,0405,CAYLLOMA,040510,LARI,1,945,2,1,1,0,4
01,AMAZONAS,0106,RODRIGUEZ DE MENDOZA,010606,LONGAR,1,942,4,2,1,1,8
08,CUSCO,0804,CALCA,080404,LARES,1,893,3,2,1,0,6
15,LIMA,1507,HUAROCHIRI,150718,SAN DAMIAN,1,887,4,2,1,1,8
13,LA LIBERTAD,1301,TRUJILLO,130108,POROTO,1,881,2,0,1,1,4
04,AREQUIPA,0405,CAYLLOMA,040502,ACHOMA,1,878,3,2,1,0,6
08,CUSCO,0812,QUISPICANCHI,081204,CCARHUAYO,1,876,3,2,1,0,6
01,AMAZONAS,0103,BONGARA,010310,SHIPASBAMBA,1,870,2,1,1,0,4
20,PIURA,2008,SECHURA,200804,CRISTO NOS VALGA,1,867,2,1,1,0,4
05,AYACUCHO,0506,LUCANAS,050620,SANTA ANA DE HUAYCAHUACHO,1,856,3,2,1,0,6
04,AREQUIPA,0405,CAYLLOMA,040506,COPORAQUE,1,846,3,2,1,0,6
10,HUANUCO,1010,LAURICOCHA,101004,QUEROPALCA,1,816,1,1,1,0,3
12,JUNIN,1204,JAUJA,120412,JULCAN,1,801,2,1,1,0,4
09,HUANCAVELICA,0906,HUAYTARA,090607,PILPICHACA,1,784,4,2,1,1,8
04,AREQUIPA,0405,CAYLLOMA,040512,MACA,1,770,2,1,1,0,4
15,LIMA,1507,HUAROCHIRI,150719,SAN JUAN DE IRIS,1,769,1,0,1,0,2
15,LIMA,1507,HUAROCHIRI,150724,SAN PEDRO DE CASTA,1,765,2,1,1,0,4
01,AMAZONAS,0101,CHACHAPOYAS,010112,MAGDALENA,1,762,3,2,1,0,6
21,PUNO,2109,MOHO,210904,TILALI,1,755,3,2,1,0,6
12,JUNIN,1204,JAUJA,120429,SAN PEDRO DE CHUNAN,1,752,1,0,1,0,2
13,LA LIBERTAD,1302,ASCOPE,130203,CHOCOPE,1,743,1,0,1,0,2
08,CUSCO,0812,QUISPICANCHI,081209,MARCAPATA,1,740,2,0,1,1,4
21,PUNO,2107,LAMPA,210706,PALCA,1,738,3,2,1,0,6
12,JUNIN,1204,JAUJA,120416,MASMA,1,732,1,0,1,0,2
02,ANCASH,0215,PALLASCA,021505,HUANDOVAL,1,729,2,1,1,0,4
09,HUANCAVELICA,0906,HUAYTARA,090608,QUERCO,1,716,3,2,1,0,6
04,AREQUIPA,0405,CAYLLOMA,040513,MADRIGAL,1,714,4,2,1,1,8
10,HUANUCO,1007,MARAÑON,100702,CHOLON,1,714,1,2,0,0,3
02,ANCASH,0209,CORONGO,020907,YUPAN,1,711,2,1,1,0,4
15,LIMA,1507,HUAROCHIRI,150703,CALLAHUANCA,1,711,2,1,1,0,4
01,AMAZONAS,0101,CHACHAPOYAS,010114,MOLINOPAMPA,1,710,4,2,1,1,8
21,PUNO,2107,LAMPA,210705,OCUVIRI,1,706,3,2,1,0,6
15,LIMA,1507,HUAROCHIRI,150712,LARAOS,1,705,2,1,1,0,4
13,LA LIBERTAD,1303,BOLIVAR,130306,UCUNCHA,1,701,2,1,1,0,4
02,ANCASH,0214,OCROS,021406,CONGAS,1,698,2,1,1,0,4
03,APURIMAC,0302,ANDAHUAYLAS,030210,PAMPACHIRI,1,697,3,1,1,1,6
05,AYACUCHO,0506,LUCANAS,050612,OCAÑA,1,697,4,2,1,1,8
12,JUNIN,1201,HUANCAYO,120112,COLCA,1,694,2,1,1,0,4
03,APURIMAC,0302,ANDAHUAYLAS,030214,SAN MIGUEL DE CHACCRAMPA,1,693,3,2,1,0,6
09,HUANCAVELICA,0906,HUAYTARA,090605,LARAMARCA,1,690,3,2,1,0,6
12,JUNIN,1204,JAUJA,120414,LLOCLLAPAMPA,1,687,1,0,1,0,2
09,HUANCAVELICA,0907,TAYACAJA,090713,QUISHUAR,1,686,3,2,1,0,6
12,JUNIN,1201,HUANCAYO,120120,HUASICANCHA,1,682,3,2,1,0,6
21,PUNO,2101,PUNO,210110,PAUCARCOLLA,1,672,1,1,0,0,2
12,JUNIN,1208,YAULI,120807,SANTA BARBARA DE CARHUACAYAN,1,671,3,2,1,0,6
21,PUNO,2102,AZANGARO,210215,TIRAPATA,1,667,2,1,1,0,4
21,PUNO,2113,YUNGUYO,211306,TINICACHI,1,655,1,0,1,0,2
04,AREQUIPA,0401,AREQUIPA,040116,SABANDIA,1,654,1,1,0,0,2
02,ANCASH,0205,BOLOGNESI,020504,AQUIA,1,653,2,1,1,0,4
05,AYACUCHO,0508,PAUCAR DEL SARA SARA,050806,OYOLO,1,649,4,2,1,1,8
12,JUNIN,1201,HUANCAYO,120101,HUANCAYO,1,649,1,0,1,0,2
10,HUANUCO,1002,AMBO,100202,CAYNA,1,646,0,1,1,1,3
12,JUNIN,1204,JAUJA,120427,RICRAN,1,637,1,0,1,0,2
02,ANCASH,0215,PALLASCA,021507,LLAPO,1,633,3,2,1,0,6
15,LIMA,1507,HUAROCHIRI,150708,HUANZA,1,633,3,2,1,0,6
09,HUANCAVELICA,0907,TAYACAJA,090723,SANTIAGO DE TUCUMA,1,629,3,2,1,0,6
03,APURIMAC,0307,GRAU,030711,TURPAY,1,622,3,2,1,0,6
23,TACNA,2304,TARATA,230408,TICACO,1,622,3,1,1,1,6
02,ANCASH,0217,RECUAY,021705,LLACLLIN,1,614,2,1,1,0,4
12,JUNIN,1205,JUNIN,120503,ONDORES,1,612,2,1,1,0,4
15,LIMA,1510,YAUYOS,151004,AYAVIRI,1,604,3,2,1,0,6
04,AREQUIPA,0405,CAYLLOMA,040515,SIBAYO,1,601,4,2,1,1,8
04,AREQUIPA,0405,CAYLLOMA,040509,ICHUPAMPA,1,600,2,1,1,0,4
18,MOQUEGUA,1802,GENERAL SANCHEZ CERRO,180211,YUNGA,1,598,2,1,1,0,4
08,CUSCO,0810,PARURO,081008,PILLPINTO,1,593,3,2,1,0,6
15,LIMA,1505,CAÑETE,150506,COAYLLO,1,591,2,1,1,0,4
04,AREQUIPA,0405,CAYLLOMA,040518,TUTI,1,590,3,2,1,0,6
05,AYACUCHO,0506,LUCANAS,050607,HUAC-HUAS,1,587,3,2,1,0,6
15,LIMA,1510,YAUYOS,151014,HUANCAYA,1,586,2,1,1,0,4
12,JUNIN,1201,HUANCAYO,120129,SAN AGUSTIN,1,583,2,1,1,0,4
03,APURIMAC,0304,AYMARAES,030412,SAÑAYCA,1,582,3,2,1,0,6
03,APURIMAC,0302,ANDAHUAYLAS,030203,CHIARA,1,581,3,2,1,0,6
01,AMAZONAS,0101,CHACHAPOYAS,010106,CHUQUIBAMBA,1,575,4,2,1,1,8
03,APURIMAC,0307,GRAU,030705,MAMARA,1,574,4,2,1,1,8
04,AREQUIPA,0408,LA UNION,040802,ALCA,1,565,3,1,1,1,6
22,SAN MARTIN,2209,SAN MARTIN,220902,ALBERTO LEVEAU,1,560,2,1,1,0,4
10,HUANUCO,1011,YAROWILCA,101108,CHORAS,1,550,1,1,0,0,2
15,LIMA,1510,YAUYOS,151028,TANTA,1,548,3,2,1,0,6
12,JUNIN,1201,HUANCAYO,120104,CARHUACALLANGA,1,545,2,1,1,0,4
11,ICA,1101,ICA,110102,LA TINGUIÑA,1,543,1,0,1,0,2
05,AYACUCHO,0510,VICTOR FAJARDO,051008,HUAMANQUIQUIA,1,542,3,2,1,0,6
02,ANCASH,0210,HUARI,021012,RAHUAPAMPA,1,541,3,2,1,0,6
15,LIMA,1507,HUAROCHIRI,150705,CHICLA,1,536,2,1,1,0,4
09,HUANCAVELICA,0903,ANGARAES,090303,CALLANMARCA,1,534,3,2,1,0,6
05,AYACUCHO,0506,LUCANAS,050616,SAN JUAN,1,530,1,1,0,0,2
21,PUNO,2107,LAMPA,210710,VILAVILA,1,530,2,1,1,0,4
21,PUNO,2107,LAMPA,210703,CALAPUJA,1,528,1,0,1,0,2
03,APURIMAC,0302,ANDAHUAYLAS,030206,HUAYANA,1,525,3,2,1,0,6
05,AYACUCHO,0506,LUCANAS,050606,CHIPAO,1,523,2,1,1,0,4
03,APURIMAC,0304,AYMARAES,030403,CARAYBAMBA,1,522,2,1,1,0,4
15,LIMA,1508,HUAURA,150802,AMBAR,1,522,3,1,1,1,6
03,APURIMAC,0304,AYMARAES,030405,COLCABAMBA,1,521,2,1,1,0,4
04,AREQUIPA,0405,CAYLLOMA,040517,TISCO,1,514,3,2,1,0,6
03,APURIMAC,0306,CHINCHEROS,030603,COCHARCAS,1,511,4,2,1,1,8
04,AREQUIPA,0405,CAYLLOMA,040507,HUAMBO,1,508,4,2,1,1,8
05,AYACUCHO,0508,PAUCAR DEL SARA SARA,050810,SARA SARA,1,508,3,2,1,0,6
11,ICA,1105,PISCO,110502,HUANCANO,1,508,2,1,1,0,4
15,LIMA,1510,YAUYOS,151023,PUTINZA,1,507,2,1,1,0,4
05,AYACUCHO,0510,VICTOR FAJARDO,051003,APONGO,1,504,3,2,1,0,6
02,ANCASH,0219,SIHUAS,021905,CHINGALPO,1,503,3,2,1,0,6
05,AYACUCHO,0507,PARINACOCHAS,050703,CORONEL CASTAÑEDA,1,503,2,1,1,0,4
13,LA LIBERTAD,1301,TRUJILLO,130107,MOCHE,1,503,2,0,2,0,4
01,AMAZONAS,0101,CHACHAPOYAS,010111,LEVANTO,1,502,2,1,1,0,4
01,AMAZONAS,0101,CHACHAPOYAS,010115,MONTEVIDEO,1,502,3,2,1,0,6
04,AREQUIPA,0401,AREQUIPA,040118,SAN JUAN DE SIGUAS,1,501,3,1,1,1,6
02,ANCASH,0205,BOLOGNESI,020513,PACLLON,1,494,2,1,1,0,4
21,PUNO,2113,YUNGUYO,211307,UNICACHI,1,491,2,2,0,0,4
01,AMAZONAS,0101,CHACHAPOYAS,010104,CHETO,1,489,2,1,1,0,4
05,AYACUCHO,0506,LUCANAS,050614,SAISA,1,487,2,1,1,0,4
02,ANCASH,0203,ANTONIO RAYMONDI,020303,CHACCHO,1,485,3,2,1,0,6
09,HUANCAVELICA,0901,HUANCAVELICA,090107,HUAYLLAHUARA,1,485,3,2,1,0,6
03,APURIMAC,0303,ANTABAMBA,030302,EL ORO,1,483,3,2,1,0,6
14,LAMBAYEQUE,1403,LAMBAYEQUE,140302,CHOCHOPE,1,477,2,1,1,0,4
01,AMAZONAS,0105,LUYA,010516,SAN CRISTOBAL,1,475,2,1,1,0,4
09,HUANCAVELICA,0901,HUANCAVELICA,090111,MARISCAL CACERES,1,474,3,2,1,0,6
09,HUANCAVELICA,0907,TAYACAJA,090710,ÑAHUIMPUQUIO,1,474,1,0,1,0,2
14,LAMBAYEQUE,1402,FERREÑAFE,140201,FERREÑAFE,1,474,1,1,0,0,2
04,AREQUIPA,0405,CAYLLOMA,040514,SAN ANTONIO DE CHUCA,1,471,2,0,1,1,4
01,AMAZONAS,0101,CHACHAPOYAS,010119,SAN ISIDRO DE MAINO,1,468,2,1,1,0,4
22,SAN MARTIN,2210,TOCACHE,221004,SHUNTE,1,468,2,1,1,0,4
01,AMAZONAS,0106,RODRIGUEZ DE MENDOZA,010605,LIMABAMBA,1,467,4,2,1,1,8
15,LIMA,1510,YAUYOS,151016,HUANTAN,1,463,3,2,1,0,6
12,JUNIN,1204,JAUJA,120419,MONOBAMBA,1,462,2,1,1,0,4
05,AYACUCHO,0506,LUCANAS,050619,SANCOS,1,461,3,2,1,0,6
02,ANCASH,0205,BOLOGNESI,020514,SAN MIGUEL DE CORPANQUI,1,454,1,0,1,0,2
15,LIMA,1510,YAUYOS,151017,HUAÑEC,1,451,3,2,1,0,6
21,PUNO,2113,YUNGUYO,211305,OLLARAYA,1,450,1,1,0,0,2
15,LIMA,1510,YAUYOS,151018,LARAOS,1,442,3,2,1,0,6
12,JUNIN,1208,YAULI,120809,SUITUCANCHA,1,441,2,1,1,0,4
09,HUANCAVELICA,0903,ANGARAES,090304,CCOCHACCASA,1,440,3,2,1,0,6
23,TACNA,2302,CANDARAVE,230206,QUILAHUANI,1,440,3,2,1,0,6
02,ANCASH,0217,RECUAY,021708,PARARIN,1,439,2,1,1,0,4
02,ANCASH,0206,CARHUAZ,020602,ACOPAMPA,1,438,1,1,0,0,2
12,JUNIN,1204,JAUJA,120405,CANCHAYLLO,1,438,1,1,0,0,2
15,LIMA,1507,HUAROCHIRI,150714,RICARDO PALMA,1,437,1,1,0,0,2
15,LIMA,1510,YAUYOS,151015,HUANGASCAR,1,436,4,2,1,1,8
01,AMAZONAS,0105,LUYA,010514,PISUQUIA,1,428,2,1,1,0,4
01,AMAZONAS,0105,LUYA,010510,LUYA VIEJO,1,424,2,1,1,0,4
15,LIMA,1510,YAUYOS,151029,TAURIPAMPA,1,422,3,2,1,0,6
08,CUSCO,0802,ACOMAYO,080201,ACOMAYO,1,421,1,1,0,0,2
15,LIMA,1509,OYON,150904,COCHAMARCA,1,421,2,1,1,0,4
05,AYACUCHO,0506,LUCANAS,050621,SANTA LUCIA,1,420,1,0,1,0,2
04,AREQUIPA,0408,LA UNION,040803,CHARCANA,1,418,3,1,1,1,6
14,LAMBAYEQUE,1401,CHICLAYO,140105,JOSE LEONARDO ORTIZ,1,418,1,1,0,0,2
01,AMAZONAS,0105,LUYA,010511,MARIA,1,411,3,2,1,0,6
15,LIMA,1507,HUAROCHIRI,150702,ANTIOQUIA,1,409,3,2,1,0,6
02,ANCASH,0205,BOLOGNESI,020512,MANGAS,1,408,2,1,1,0,4
08,CUSCO,0808,ESPINAR,080808,ALTO PICHIGUA,1,407,3,2,1,0,6
15,LIMA,1505,CAÑETE,150515,SANTA CRUZ DE FLORES,1,407,1,1,0,0,2
12,JUNIN,1201,HUANCAYO,120135,SANTO DOMINGO DE ACOBAMBA,1,403,3,2,1,0,6
10,HUANUCO,1005,HUAMALIES,100502,ARANCAY,1,402,1,2,1,0,4
02,ANCASH,0212,HUAYLAS,021210,YURACMARCA,1,398,2,1,1,0,4
01,AMAZONAS,0105,LUYA,010517,SAN FRANCISCO DEL YESO,1,397,2,1,1,0,4
02,ANCASH,0217,RECUAY,021703,COTAPARACO,1,396,3,1,1,1,6
12,JUNIN,1202,CONCEPCION,120209,MARISCAL CASTILLA,1,395,3,2,1,0,6
09,HUANCAVELICA,0901,HUANCAVELICA,090112,MOYA,1,392,3,1,1,1,6
08,CUSCO,0813,URUBAMBA,081306,OLLANTAYTAMBO,1,391,1,1,0,0,2
10,HUANUCO,1004,HUACAYBAMBA,100401,HUACAYBAMBA,1,391,1,1,1,0,3
16,LORETO,1607,DATEM DEL MARAÑON,160703,MANSERICHE,1,390,2,1,1,0,4
06,CAJAMARCA,0611,SAN MIGUEL,061105,EL PRADO,1,387,3,2,1,0,6
01,AMAZONAS,0103,BONGARA,010309,SAN CARLOS,1,386,1,0,1,0,2
23,TACNA,2301,TACNA,230101,TACNA,1,386,1,1,0,0,2
01,AMAZONAS,0105,LUYA,010503,COCABAMBA,1,381,3,1,1,1,6
21,PUNO,2107,LAMPA,210704,NICASIO,1,381,2,1,1,0,4
02,ANCASH,0205,BOLOGNESI,020511,LA PRIMAVERA,1,380,1,0,1,0,2
01,AMAZONAS,0105,LUYA,010506,INGUILPATA,1,377,2,0,1,1,4
08,CUSCO,0805,CANAS,080504,LANGUI,1,377,4,2,1,1,8
09,HUANCAVELICA,0906,HUAYTARA,090612,SAN ISIDRO,1,377,2,1,1,0,4
10,HUANUCO,1010,LAURICOCHA,101003,JIVIA,1,375,1,1,1,0,3
02,ANCASH,0205,BOLOGNESI,020510,HUAYLLACAYAN,1,370,2,1,1,0,4
02,ANCASH,0214,OCROS,021402,ACAS,1,370,1,0,1,0,2
12,JUNIN,1201,HUANCAYO,120113,CULLHUAS,1,368,2,1,1,0,4
09,HUANCAVELICA,0904,CASTROVIRREYNA,090412,TANTARA,1,367,4,2,1,1,8
02,ANCASH,0214,OCROS,021408,SAN CRISTOBAL DE RAJAN,1,365,3,1,1,1,6
09,HUANCAVELICA,0901,HUANCAVELICA,090115,PILCHACA,1,365,3,2,1,0,6
02,ANCASH,0217,RECUAY,021704,HUAYLLAPAMPA,1,364,2,1,1,0,4
18,MOQUEGUA,1802,GENERAL SANCHEZ CERRO,180209,QUINISTAQUILLAS,1,363,4,2,1,1,8
02,ANCASH,0218,SANTA,021804,MACATE,1,362,3,1,1,1,6
15,LIMA,1509,OYON,150902,ANDAJES,1,359,2,1,1,0,4
15,LIMA,1507,HUAROCHIRI,150730,SANTIAGO DE TUNA,1,358,2,1,1,0,4
03,APURIMAC,0301,ABANCAY,030105,HUANIPACA,1,357,3,2,1,0,6
15,LIMA,1510,YAUYOS,151031,TUPE,1,357,2,1,1,0,4
02,ANCASH,0220,YUNGAY,022004,MATACOTO,1,353,1,0,1,0,2
15,LIMA,1507,HUAROCHIRI,150704,CARAMPOMA,1,353,2,1,1,0,4
15,LIMA,1507,HUAROCHIRI,150729,SANTIAGO DE ANCHUCAYA,1,351,2,1,1,0,4
05,AYACUCHO,0507,PARINACOCHAS,050704,PACAPAUSA,1,349,3,1,1,1,6
11,ICA,1102,CHINCHA,110208,SAN JUAN DE YANAC,1,349,2,1,1,0,4
02,ANCASH,0211,HUARMEY,021105,MALVAS,1,348,2,1,1,0,4
05,AYACUCHO,0511,VILCAS HUAMAN,051105,HUAMBALPA,1,348,3,2,1,0,6
12,JUNIN,1201,HUANCAYO,120134,SICAYA,1,348,1,1,0,0,2
20,PIURA,2005,PAITA,200503,ARENAL,1,344,1,1,0,0,2
10,HUANUCO,1001,HUANUCO,100110,YARUMAYO,1,343,1,1,1,0,3
06,CAJAMARCA,0612,SAN PABLO,061202,SAN LUIS,1,340,1,1,0,0,2
06,CAJAMARCA,0608,JAEN,060803,CHONTALI,1,339,2,2,0,0,4
04,AREQUIPA,0408,LA UNION,040810,TOMEPAMPA,1,338,2,1,1,0,4
15,LIMA,1510,YAUYOS,151012,HONGOS,1,338,3,2,1,0,6
05,AYACUCHO,0508,PAUCAR DEL SARA SARA,050802,COLTA,1,337,3,1,1,1,6
15,LIMA,1510,YAUYOS,151033,VITIS,1,335,3,2,1,0,6
02,ANCASH,0214,OCROS,021410,SANTIAGO DE CHILCAS,1,333,2,1,1,0,4
02,ANCASH,0205,BOLOGNESI,020506,CANIS,1,330,1,0,1,0,2
18,MOQUEGUA,1802,GENERAL SANCHEZ CERRO,180206,LLOQUE,1,330,2,1,1,0,4
20,PIURA,2007,TALARA,200702,EL ALTO,1,330,2,1,1,0,4
03,APURIMAC,0301,ABANCAY,030103,CIRCA,1,329,3,2,1,0,6
02,ANCASH,0202,AIJA,020205,SUCCHA,1,327,3,2,1,0,6
15,LIMA,1505,CAÑETE,150511,PACARAN,1,327,1,1,0,0,2
05,AYACUCHO,0508,PAUCAR DEL SARA SARA,050803,CORCULLA,1,326,2,1,1,0,4
05,AYACUCHO,0509,SUCRE,050910,SANTIAGO DE PAUCARAY,1,324,2,1,1,0,4
23,TACNA,2304,TARATA,230407,TARUCACHI,1,322,2,1,1,0,4
21,PUNO,2101,PUNO,210113,SAN ANTONIO,1,321,3,2,1,0,6
22,SAN MARTIN,2208,RIOJA,220803,ELIAS SOPLIN VARGAS,1,321,2,1,1,0,4
02,ANCASH,0214,OCROS,021403,CAJAMARQUILLA,1,319,1,0,1,0,2
15,LIMA,1509,OYON,150905,NAVAN,1,317,2,1,1,0,4
14,LAMBAYEQUE,1401,CHICLAYO,140101,CHICLAYO,1,316,1,0,1,0,2
03,APURIMAC,0302,ANDAHUAYLAS,030207,KISHUARA,1,315,1,1,0,0,2
15,LIMA,1510,YAUYOS,151009,CHOCOS,1,315,3,2,1,0,6
15,LIMA,1510,YAUYOS,151022,OMAS,1,315,3,2,1,0,6
02,ANCASH,0215,PALLASCA,021506,LACABAMBA,1,314,2,1,1,0,4
02,ANCASH,0217,RECUAY,021709,TAPACOCHA,1,313,2,1,1,0,4
09,HUANCAVELICA,0906,HUAYTARA,090611,SAN FRANCISCO DE SANGAYAICO,1,313,3,2,1,0,6
05,AYACUCHO,0509,SUCRE,050904,CHILCAYOC,1,310,2,1,1,0,4
09,HUANCAVELICA,0906,HUAYTARA,090616,TAMBO,1,310,3,2,1,0,6
05,AYACUCHO,0509,SUCRE,050905,HUACAÑA,1,308,3,2,1,0,6
12,JUNIN,1202,CONCEPCION,120207,HEROINAS TOLEDO,1,306,1,1,0,0,2
23,TACNA,2304,TARATA,230405,SITAJARA,1,306,3,1,1,1,6
02,ANCASH,0217,RECUAY,021701,RECUAY,1,305,2,1,1,0,4
04,AREQUIPA,0406,CONDESUYOS,040607,SALAMANCA,1,305,4,2,1,1,8
01,AMAZONAS,0103,BONGARA,010303,CHURUJA,1,303,2,0,1,1,4
04,AREQUIPA,0401,AREQUIPA,040119,SAN JUAN DE TARUCANI,1,300,3,1,1,1,6
20,PIURA,2005,PAITA,200504,COLAN,1,298,1,1,0,0,2
20,PIURA,2008,SECHURA,200801,SECHURA,1,298,2,1,1,0,4
05,AYACUCHO,0509,SUCRE,050902,BELEN,1,297,3,2,1,0,6
11,ICA,1102,CHINCHA,110202,ALTO LARAN,1,295,1,1,0,0,2
09,HUANCAVELICA,0906,HUAYTARA,090602,AYAVI,1,294,2,1,1,0,4
02,ANCASH,0214,OCROS,021404,CARHUAPAMPA,1,293,1,0,1,0,2
05,AYACUCHO,0503,HUANCA SANCOS,050303,SACSAMARCA,1,293,3,2,1,0,6
09,HUANCAVELICA,0907,TAYACAJA,090722,PICHOS,1,291,2,1,1,0,4
08,CUSCO,0806,CANCHIS,080603,COMBAPATA,1,290,1,0,1,0,2
09,HUANCAVELICA,0906,HUAYTARA,090604,HUAYACUNDO ARMA,1,290,2,1,1,0,4
02,ANCASH,0205,BOLOGNESI,020501,CHIQUIAN,1,286,1,1,0,0,2
05,AYACUCHO,0506,LUCANAS,050609,LEONCIO PRADO,1,282,1,0,1,0,2
02,ANCASH,0214,OCROS,021407,LLIPA,1,281,3,2,1,0,6
01,AMAZONAS,0106,RODRIGUEZ DE MENDOZA,010608,MILPUC,1,280,1,0,1,0,2
05,AYACUCHO,0506,LUCANAS,050603,CABANA,1,278,1,0,1,0,2
15,LIMA,1510,YAUYOS,151002,ALIS,1,278,3,2,1,0,6
05,AYACUCHO,0508,PAUCAR DEL SARA SARA,050807,PARARCA,1,277,1,0,1,0,2
04,AREQUIPA,0408,LA UNION,040811,TORO,1,276,2,1,1,0,4
05,AYACUCHO,0509,SUCRE,050909,SAN SALVADOR DE QUIJE,1,276,3,2,1,0,6
15,LIMA,1510,YAUYOS,151030,TOMAS,1,275,3,2,1,0,6
06,CAJAMARCA,0613,SANTA CRUZ,061302,ANDABAMBA,1,269,4,2,1,1,8
11,ICA,1104,PALPA,110405,TIBILLO,1,263,1,0,1,0,2
12,JUNIN,1204,JAUJA,120417,MASMA CHICCHE,1,261,2,1,1,0,4
24,TUMBES,2403,ZARUMILLA,240303,MATAPALO,1,260,2,1,1,0,4
15,LIMA,1507,HUAROCHIRI,150713,MARIATANA,1,258,2,1,1,0,4
09,HUANCAVELICA,0901,HUANCAVELICA,090109,LARIA,1,257,3,2,1,0,6
03,APURIMAC,0307,GRAU,030709,SAN ANTONIO,1,254,3,2,1,0,6
03,APURIMAC,0301,ABANCAY,030109,TAMBURCO,1,253,2,1,1,0,4
04,AREQUIPA,0408,LA UNION,040809,TAURIA,1,253,2,1,1,0,4
02,ANCASH,0214,OCROS,021409,SAN PEDRO,1,252,2,1,1,0,4
05,AYACUCHO,0509,SUCRE,050903,CHALCOS,1,252,3,2,1,0,6
15,LIMA,1507,HUAROCHIRI,150720,SAN JUAN DE TANTARANCHE,1,251,2,1,1,0,4
08,CUSCO,0804,CALCA,080408,YANATILE,1,249,1,1,0,0,2
15,LIMA,1510,YAUYOS,151027,SAN PEDRO DE PILAS,1,245,2,1,1,0,4
22,SAN MARTIN,2205,LAMAS,220506,PINTO RECODO,1,244,3,2,1,0,6
12,JUNIN,1202,CONCEPCION,120204,CHAMBARA,1,242,2,1,1,0,4
09,HUANCAVELICA,0904,CASTROVIRREYNA,090410,SAN JUAN,1,241,2,1,1,0,4
09,HUANCAVELICA,0906,HUAYTARA,090614,SANTIAGO DE QUIRAHUARA,1,241,2,1,1,0,4
02,ANCASH,0202,AIJA,020203,HUACLLAN,1,236,2,1,1,0,4
05,AYACUCHO,0506,LUCANAS,050602,AUCARA,1,236,1,1,0,0,2
02,ANCASH,0211,HUARMEY,021102,COCHAPETI,1,235,2,1,1,0,4
02,ANCASH,0215,PALLASCA,021504,HUACASCHUQUE,1,233,3,2,1,0,6
01,AMAZONAS,0106,RODRIGUEZ DE MENDOZA,010601,SAN NICOLAS,1,231,1,1,0,0,2
06,CAJAMARCA,0605,CONTUMAZA,060505,SAN BENITO,1,229,3,2,1,0,6
02,ANCASH,0209,CORONGO,020906,YANAC,1,228,1,1,0,0,2
02,ANCASH,0219,SIHUAS,021903,ALFONSO UGARTE,1,228,3,2,1,0,6
12,JUNIN,1208,YAULI,120804,MARCAPOMACOCHA,1,228,2,1,1,0,4
15,LIMA,1510,YAUYOS,151010,COCHAS,1,228,1,1,0,0,2
15,LIMA,1503,CAJATAMBO,150305,MANAS,1,227,3,2,1,0,6
02,ANCASH,0209,CORONGO,020902,ACO,1,226,2,1,1,0,4
02,ANCASH,0205,BOLOGNESI,020502,ABELARDO PARDO LEZAMETA,1,222,2,1,1,0,4
06,CAJAMARCA,0612,SAN PABLO,061203,SAN LUIS,1,222,2,1,1,0,4
04,AREQUIPA,0404,CASTILLA,040403,AYO,1,220,2,1,1,0,4
15,LIMA,1507,HUAROCHIRI,150717,SAN BARTOLOME,1,219,1,0,1,0,2
03,APURIMAC,0307,GRAU,030707,PATAYPAMPA,1,217,3,2,1,0,6
04,AREQUIPA,0401,AREQUIPA,040123,TIABAYA,1,217,2,1,1,0,4
12,JUNIN,1204,JAUJA,120406,CURICACA,1,217,1,1,0,0,2
15,LIMA,1507,HUAROCHIRI,150725,SAN PEDRO DE HUANCAYRE,1,217,1,0,1,0,2
02,ANCASH,0214,OCROS,021405,COCHAS,1,214,2,1,1,0,4
15,LIMA,1510,YAUYOS,151021,MIRAFLORES,1,210,3,2,1,0,6
04,AREQUIPA,0403,CARAVELI,040305,BELLA UNION,1,208,1,1,0,0,2
05,AYACUCHO,0506,LUCANAS,050618,SAN PEDRO DE PALCO,1,208,1,0,1,0,2
02,ANCASH,0218,SANTA,021808,SANTA,1,207,1,0,1,0,2
09,HUANCAVELICA,0904,CASTROVIRREYNA,090411,SANTA ANA,1,206,1,0,1,0,2
02,ANCASH,0215,PALLASCA,021502,BOLOGNESI,1,204,2,1,1,0,4
09,HUANCAVELICA,0902,ACOBAMBA,090207,POMACOCHA,1,204,1,0,1,0,2
01,AMAZONAS,0101,CHACHAPOYAS,010118,SAN FRANCISCO DE DAGUAS,1,198,2,0,1,1,4
02,ANCASH,0213,MARISCAL LUZURIAGA,021301,PISCOBAMBA,1,193,3,2,1,0,6
04,AREQUIPA,0402,CAMANA,040207,QUILCA,1,190,3,1,1,1,6
04,AREQUIPA,0403,CARAVELI,040303,ATICO,1,190,1,1,0,0,2
09,HUANCAVELICA,0902,ACOBAMBA,090204,CAJA,1,190,3,2,1,0,6
04,AREQUIPA,0408,LA UNION,040804,HUAYNACOTAS,1,189,2,1,1,0,4
04,AREQUIPA,0408,LA UNION,040805,PAMPAMARCA,1,189,2,1,1,0,4
05,AYACUCHO,0507,PARINACOCHAS,050708,UPAHUACHO,1,189,1,0,1,0,2
09,HUANCAVELICA,0904,CASTROVIRREYNA,090404,CAPILLAS,1,188,2,1,1,0,4
24,TUMBES,2401,TUMBES,240103,LA CRUZ,1,188,1,1,0,0,2
05,AYACUCHO,0511,VILCAS HUAMAN,051107,SAURAMA,1,187,1,1,0,0,2
21,PUNO,2106,HUANCANE,210604,INCHUPALLA,1,187,3,2,1,0,6
23,TACNA,2304,TARATA,230404,ESTIQUE-PAMPA,1,185,3,1,1,1,6
08,CUSCO,0808,ESPINAR,080804,OCORURO,1,184,3,2,1,0,6
02,ANCASH,0218,SANTA,021809,NUEVO CHIMBOTE,1,180,1,1,0,0,2
03,APURIMAC,0304,AYMARAES,030407,HUAYLLO,1,177,1,0,1,0,2
24,TUMBES,2402,CONTRALMIRANTE VILLAR,240202,CASITAS,1,177,1,1,0,0,2
04,AREQUIPA,0408,LA UNION,040808,SAYLA,1,173,2,1,1,0,4
06,CAJAMARCA,0611,SAN MIGUEL,061109,NIEPOS,1,173,3,2,1,0,6
10,HUANUCO,1002,AMBO,100204,CONCHAMARCA,1,173,1,1,0,0,2
03,APURIMAC,0305,COTABAMBAS,030506,CHALLHUAHUACHO,1,172,2,1,1,0,4
15,LIMA,1510,YAUYOS,151005,AZANGARO,1,172,2,1,1,0,4
02,ANCASH,0206,CARHUAZ,020605,ATAQUERO,1,170,2,1,1,0,4
06,CAJAMARCA,0611,SAN MIGUEL,061104,CATILLUC,1,169,1,1,0,0,2
01,AMAZONAS,0106,RODRIGUEZ DE MENDOZA,010610,SANTA ROSA,1,168,2,0,1,1,4
06,CAJAMARCA,0605,CONTUMAZA,060506,SANTA CRUZ DE TOLED,1,167,4,2,1,1,8
15,LIMA,1510,YAUYOS,151025,QUINOCAY,1,167,2,1,1,0,4
02,ANCASH,0209,CORONGO,020905,LA PAMPA,1,165,1,1,0,0,2
02,ANCASH,0213,MARISCAL LUZURIAGA,021305,LLAMA,1,164,3,2,1,0,6
05,AYACUCHO,0508,PAUCAR DEL SARA SARA,050809,SAN JOSE DE USHUA,1,162,2,1,1,0,4
01,AMAZONAS,0101,CHACHAPOYAS,010102,ASUNCION,1,161,1,0,1,0,2
15,LIMA,1510,YAUYOS,151026,SAN JOAQUIN,1,159,1,1,0,0,2
09,HUANCAVELICA,0904,CASTROVIRREYNA,090408,HUAMATAMBO,1,158,1,0,1,0,2
15,LIMA,1510,YAUYOS,151013,HUAMPARA,1,158,2,1,1,0,4
09,HUANCAVELICA,0904,CASTROVIRREYNA,090406,COCAS,1,157,2,1,1,0,4
02,ANCASH,0205,BOLOGNESI,020503,ANTONIO RAYMONDI,1,155,1,1,0,0,2
09,HUANCAVELICA,0906,HUAYTARA,090610,SAN ANTONIO DE CUSICANCHA,1,155,2,1,1,0,4
15,LIMA,1510,YAUYOS,151019,LINCHA,1,155,3,2,1,0,6
06,CAJAMARCA,0604,CHOTA,060405,CHIMBAN,1,153,2,1,1,0,4
23,TACNA,2304,TARATA,230402,HEROES ALBARRACIN,1,152,2,1,1,0,4
02,ANCASH,0201,HUARAZ,020103,COLCABAMBA,1,148,2,1,1,0,4
02,ANCASH,0219,SIHUAS,021908,RAGASH,1,147,1,1,0,0,2
09,HUANCAVELICA,0906,HUAYTARA,090609,QUITO-ARMA,1,146,2,1,1,0,4
02,ANCASH,0220,YUNGAY,022006,RANRAHIRCA,1,145,1,1,0,0,2
05,AYACUCHO,0501,HUAMANGA,050109,SAN JOSE DE TICLLAS,1,144,3,2,1,0,6
15,LIMA,1510,YAUYOS,151007,CARANIA,1,144,1,0,1,0,2
02,ANCASH,0209,CORONGO,020903,BAMBAS,1,143,2,1,1,0,4
09,HUANCAVELICA,0902,ACOBAMBA,090201,ACOBAMBA,1,142,3,2,1,0,6
12,JUNIN,1204,JAUJA,120424,PANCAN,1,142,1,0,1,0,2
03,APURIMAC,0303,ANTABAMBA,030303,HUAQUIRCA,1,134,1,0,1,0,2
01,AMAZONAS,0103,BONGARA,010302,CHISQUILLA,1,130,1,0,1,0,2
08,CUSCO,0801,CUSCO,080104,SAN JERONIMO,1,129,2,1,1,0,4
02,ANCASH,0203,ANTONIO RAYMONDI,020301,LLAMELLIN,1,128,1,1,0,0,2
06,CAJAMARCA,0601,CAJAMARCA,060112,SAN JUAN,1,127,1,1,0,0,2
03,APURIMAC,0304,AYMARAES,030401,CHALHUANCA,1,125,1,0,1,0,2
12,JUNIN,1204,JAUJA,120422,PACA,1,120,1,0,1,0,2
04,AREQUIPA,0401,AREQUIPA,040124,UCHUMAYO,1,116,1,1,0,0,2
09,HUANCAVELICA,0904,CASTROVIRREYNA,090409,MOLLEPAMPA,1,116,2,2,0,0,4
01,AMAZONAS,0101,CHACHAPOYAS,010121,SONCHE,1,115,1,0,1,0,2
04,AREQUIPA,0401,AREQUIPA,040128,CHIGUATA,1,115,1,1,0,0,2
08,CUSCO,0813,URUBAMBA,081305,MARAS,1,114,2,2,0,0,4
04,AREQUIPA,0405,CAYLLOMA,040501,CHIVAY,1,110,2,1,1,0,4
12,JUNIN,1201,HUANCAYO,120119,HUANCAN,1,110,1,1,0,0,2
20,PIURA,2007,TALARA,200701,PARIÑAS,1,110,1,1,0,0,2
05,AYACUCHO,0508,PAUCAR DEL SARA SARA,050808,SAN JAVIER DE ALPABAMBA,1,109,1,0,1,0,2
04,AREQUIPA,0407,ISLAY,040706,PUNTA DE BOMBON,1,108,1,1,0,0,2
02,ANCASH,0212,HUAYLAS,021202,HUALLANCA,1,105,1,1,0,0,2
10,HUANUCO,1003,DOS DE MAYO,100323,YANAS,1,100,2,1,0,0,3
15,LIMA,1507,HUAROCHIRI,150709,HUAROCHIRI,1,100,2,1,1,0,4
15,LIMA,1507,HUAROCHIRI,150731,SANTO DOMINGO DE LOS OLLEROS,1,98,2,1,1,0,4
04,AREQUIPA,0408,LA UNION,040807,QUECHUALLA,1,97,1,0,1,0,2
20,PIURA,2004,MORROPON,200407,SAN JUAN DE BIGOTE,1,96,1,1,0,0,2
06,CAJAMARCA,0610,SAN MARCOS,061006,JOSE MANUEL QUIROZ,1,94,1,1,0,0,2
01,AMAZONAS,0106,RODRIGUEZ DE MENDOZA,010611,TOTORA,1,88,1,0,1,0,2
11,ICA,1105,PISCO,110507,SAN CLEMENTE,1,88,1,1,0,0,2
01,AMAZONAS,0105,LUYA,010519,SAN JUAN DE LOPECANCHA,1,75,1,0,1,0,2
06,CAJAMARCA,0604,CHOTA,060412,MIRACOSTA,1,70,1,1,0,0,2
01,AMAZONAS,0103,BONGARA,010308,RECTA,1,65,1,0,1,0,2
02,ANCASH,0212,HUAYLAS,021203,HUATA,1,64,2,1,1,0,4
01,AMAZONAS,0106,RODRIGUEZ DE MENDOZA,010602,CHIRIMOTO,1,61,1,0,1,0,2
03,APURIMAC,0306,CHINCHEROS,030602,ANCO_HUALLO,1,61,2,1,1,0,4
11,ICA,1104,PALPA,110401,PALPA,1,59,1,0,1,0,2
16,LORETO,1601,MAYNAS,160110,TORRES CAUSANA,1,54,1,1,0,0,2
12,JUNIN,1204,JAUJA,120411,JANJAILLO,1,51,1,0,1,0,2
03,APURIMAC,0307,GRAU,030710,SANTA ROSA,1,50,1,0,1,0,2
05,AYACUCHO,0509,SUCRE,050901,QUEROBAMBA,1,42,1,0,1,0,2
21,PUNO,2102,AZANGARO,210205,CAMINACA,1,33,1,1,0,0,2
09,HUANCAVELICA,0902,ACOBAMBA,090205,MARCAS,1,21,1,0,1,0,2
12,JUNIN,1201,HUANCAYO,120107,CHILCA,1,19,1,0,1,0,2
23,TACNA,2304,TARATA,230401,TARATA,1,19,1,1,0,0,2
06,CAJAMARCA,0605,CONTUMAZA,060502,CHILETE,1,12,1,0,1,0,2
24,TUMBES,2401,TUMBES,240102,CORRALES,1,0,1,0,1,0,2
